{"type":"FeatureCollection","name":"toms_river_township_road_centerlines","metadata":{"source":"NJOGIS NG911 Road Centerlines (Tran_road)","url":"https://services2.arcgis.com/XVOqAjTOJ5P6ngMu/arcgis/rest/services/Tran_road/FeatureServer/0","query_url":"https://services2.arcgis.com/XVOqAjTOJ5P6ngMu/arcgis/rest/services/Tran_road/FeatureServer/0/query","retrieved_at_utc":"2026-09-04T20:06:19.551338+00:00","source_last_edit_date":1785341586960,"out_sr":4326,"query_envelope_wgs84":[-74.0984027,39.9421459,-74.0582505,40.0065783],"spatial_relationship":"esriSpatialRelIntersects","boundary_file":"toms_river_township_boundary.geojson","boundary_sha256":"7f2a32594582fee2496807e58931bf76d57cd447aedfa5b5536f77ee304a3f73","fields":["OBJECTID","PRIMENAME","ELEVTYP_F","ELEVTYP_T"],"feature_count":1414,"complete_objectid_inventory_verified":true,"municipal_clipping":"Envelope selection only; clip against the actual municipal boundary in the application."},"features":[{"type":"Feature","id":944,"properties":{"OBJECTID":944,"PRIMENAME":"West Tide Way","ELEVTYP_F":0,"ELEVTYP_T":0},"geometry":{"type":"LineString","coordinates":[[-74.0654362886683,39.9863402380001],[-74.0679384248209,39.9865921102149],[-74.0679568530604,39.9865941244352]]}},{"type":"Feature","id":1466,"properties":{"OBJECTID":1466,"PRIMENAME":"1st Avenue","ELEVTYP_F":0,"ELEVTYP_T":0},"geometry":{"type":"LineString","coordinates":[[-74.0723337056966,39.9599727802795],[-74.0721501213616,39.9599548074061]]}},{"type":"Feature","id":1900,"properties":{"OBJECTID":1900,"PRIMENAME":"Coolidge Avenue","ELEVTYP_F":0,"ELEVTYP_T":0},"geometry":{"type":"LineString","coordinates":[[-74.0737929555768,39.952256204093],[-74.0739578782329,39.9522746101776],[-74.0753562403631,39.9524306712877],[-74.0767948448617,39.9525666945761]]}},{"type":"Feature","id":1905,"properties":{"OBJECTID":1905,"PRIMENAME":"4th Avenue","ELEVTYP_F":0,"ELEVTYP_T":0},"geometry":{"type":"LineString","coordinates":[[-74.076027152103,39.957256399779],[-74.0743561895433,39.9571003793004]]}},{"type":"Feature","id":2398,"properties":{"OBJECTID":2398,"PRIMENAME":"Elizabeth Avenue","ELEVTYP_F":0,"ELEVTYP_T":0},"geometry":{"type":"LineString","coordinates":[[-74.0734821215308,39.9624586378598],[-74.0767794029982,39.9627689255206]]}},{"type":"Feature","id":2467,"properties":{"OBJECTID":2467,"PRIMENAME":"New Brunswick Avenue","ELEVTYP_F":0,"ELEVTYP_T":0},"geometry":{"type":"LineString","coordinates":[[-74.0694335600775,39.9673841080871],[-74.0696630192376,39.9674065934027],[-74.0710889880973,39.9675404159665]]}},{"type":"Feature","id":2655,"properties":{"OBJECTID":2655,"PRIMENAME":"Boatmans Road","ELEVTYP_F":0,"ELEVTYP_T":0},"geometry":{"type":"LineString","coordinates":[[-74.0619693994899,39.9963319554087],[-74.0620802093469,39.9960113048359],[-74.0620835234238,39.9959731841615],[-74.0620776072447,39.9959326408397],[-74.0620561031774,39.9959015644869],[-74.0620190471864,39.9958800101736],[-74.0619634150541,39.9958607202743],[-74.0609335397869,39.9955613125429]]}},{"type":"Feature","id":3075,"properties":{"OBJECTID":3075,"PRIMENAME":"West Central Avenue","ELEVTYP_F":0,"ELEVTYP_T":0},"geometry":{"type":"LineString","coordinates":[[-74.0742037995603,39.9486842817411],[-74.0742188009264,39.9485340150071],[-74.0742345426286,39.94838379314]]}},{"type":"Feature","id":3133,"properties":{"OBJECTID":3133,"PRIMENAME":"State Highway 37","ELEVTYP_F":0,"ELEVTYP_T":0},"geometry":{"type":"LineString","coordinates":[[-74.0951387544016,39.9444089985146],[-74.0955980483349,39.9445272440386],[-74.0969087115956,39.9448973841273],[-74.0977613409236,39.9451139634051],[-74.0987738375282,39.9453680154747],[-74.1003672251345,39.9457720111572],[-74.1031915589544,39.9464799731642],[-74.1040069552667,39.9466839978445],[-74.1063784689249,39.9472795035503],[-74.1088139571625,39.9478915660218],[-74.1115798956663,39.9485868552851],[-74.1128162832654,39.9488990776427],[-74.1129126255817,39.9489234123985]]}},{"type":"Feature","id":3252,"properties":{"OBJECTID":3252,"PRIMENAME":"6th Terrace","ELEVTYP_F":0,"ELEVTYP_T":0},"geometry":{"type":"LineString","coordinates":[[-74.0811203309728,39.9550908284402],[-74.0806310371972,39.9550432123174],[-74.0805010272381,39.9550341491463],[-74.0804007340945,39.9550366684718],[-74.0799580261324,39.9551122653968]]}},{"type":"Feature","id":3451,"properties":{"OBJECTID":3451,"PRIMENAME":"Washington Avenue","ELEVTYP_F":0,"ELEVTYP_T":0},"geometry":{"type":"LineString","coordinates":[[-74.0768816633316,39.9520352862232],[-74.0769344153344,39.9517123199221],[-74.0769775487573,39.9513637589387]]}},{"type":"Feature","id":3740,"properties":{"OBJECTID":3740,"PRIMENAME":"Brinley Avenue","ELEVTYP_F":0,"ELEVTYP_T":0},"geometry":{"type":"LineString","coordinates":[[-74.0721986812453,39.9608014405097],[-74.0720517817584,39.9607873363011],[-74.0705416283965,39.9606336656619]]}},{"type":"Feature","id":3814,"properties":{"OBJECTID":3814,"PRIMENAME":"Harding Avenue","ELEVTYP_F":0,"ELEVTYP_T":0},"geometry":{"type":"LineString","coordinates":[[-74.0819223954745,39.9525689365944],[-74.0818815323706,39.9525659339655],[-74.0810273520482,39.9524856221145],[-74.0791371579355,39.9522986240358],[-74.0785726724039,39.9522422154088],[-74.0784947293028,39.9522305110083],[-74.0784495610736,39.9522084108076]]}},{"type":"Feature","id":3978,"properties":{"OBJECTID":3978,"PRIMENAME":"Sampson Avenue","ELEVTYP_F":0,"ELEVTYP_T":0},"geometry":{"type":"LineString","coordinates":[[-74.0726985218137,39.9475060439079],[-74.0714900775266,39.9473906157553],[-74.0702246848955,39.9472678257599],[-74.0701716722364,39.9472633463362]]}},{"type":"Feature","id":4021,"properties":{"OBJECTID":4021,"PRIMENAME":"Fremont Avenue","ELEVTYP_F":0,"ELEVTYP_T":0},"geometry":{"type":"LineString","coordinates":[[-74.0746893327515,39.9456252829144],[-74.0756773869867,39.9457237836562],[-74.0771292761411,39.9458635028466],[-74.0777653700617,39.9459253683079]]}},{"type":"Feature","id":4031,"properties":{"OBJECTID":4031,"PRIMENAME":"2nd Avenue","ELEVTYP_F":0,"ELEVTYP_T":0},"geometry":{"type":"LineString","coordinates":[[-74.0725009088437,39.9589604355239],[-74.0723044554419,39.9589413724146]]}},{"type":"Feature","id":4459,"properties":{"OBJECTID":4459,"PRIMENAME":"West Surf Way","ELEVTYP_F":0,"ELEVTYP_T":0},"geometry":{"type":"LineString","coordinates":[[-74.0678692377728,39.9808281954814],[-74.0669370012083,39.9807353840145]]}},{"type":"Feature","id":4606,"properties":{"OBJECTID":4606,"PRIMENAME":"West Colony Road","ELEVTYP_F":0,"ELEVTYP_T":0},"geometry":{"type":"LineString","coordinates":[[-74.0649539957579,39.9964000808226],[-74.0649353577312,39.9963727771109],[-74.0649127421548,39.996347956123],[-74.0648740576405,39.9963241187231],[-74.0645852994676,39.996237543766],[-74.0633996740904,39.9958928238389],[-74.0628343518494,39.9957287171127]]}},{"type":"Feature","id":4991,"properties":{"OBJECTID":4991,"PRIMENAME":"Bay Boulevard","ELEVTYP_F":0,"ELEVTYP_T":0},"geometry":{"type":"LineString","coordinates":[[-74.0746040331024,39.9678467117872],[-74.0746200927654,39.9677656725228],[-74.0746434024694,39.9676027654303],[-74.0746462133318,39.9675464407864]]}},{"type":"Feature","id":5016,"properties":{"OBJECTID":5016,"PRIMENAME":"Sunset Lane","ELEVTYP_F":0,"ELEVTYP_T":0},"geometry":{"type":"LineString","coordinates":[[-74.0674594270478,39.9925591116315],[-74.0678804240943,39.9913101116927],[-74.0679314240047,39.9911731106321]]}},{"type":"Feature","id":5303,"properties":{"OBJECTID":5303,"PRIMENAME":"Dickman Drive","ELEVTYP_F":0,"ELEVTYP_T":0},"geometry":{"type":"LineString","coordinates":[[-74.0786410843494,39.9614276452406],[-74.0786639498017,39.9615850106484],[-74.0786970558542,39.9617424141655],[-74.0787933014961,39.9621569580132],[-74.0788152432263,39.9622499686673]]}},{"type":"Feature","id":5363,"properties":{"OBJECTID":5363,"PRIMENAME":"Strickland Boulevard","ELEVTYP_F":0,"ELEVTYP_T":0},"geometry":{"type":"LineString","coordinates":[[-74.0659065082472,39.9943888613643],[-74.0660927822921,39.9944304095094],[-74.0661781410735,39.9944507427334],[-74.0662374603094,39.9944795711855],[-74.0662856080987,39.9945083307825],[-74.0663410537243,39.9945628688627],[-74.066379173592,39.9946049934121],[-74.0664112020437,39.9946403857988],[-74.0664745559965,39.9947141987931]]}},{"type":"Feature","id":5560,"properties":{"OBJECTID":5560,"PRIMENAME":"7th Avenue","ELEVTYP_F":0,"ELEVTYP_T":0},"geometry":{"type":"LineString","coordinates":[[-74.0780082116593,39.9553452676227],[-74.0766852945325,39.955217067689],[-74.0763675561484,39.955186970754]]}},{"type":"Feature","id":5566,"properties":{"OBJECTID":5566,"PRIMENAME":"West Cormorant Way","ELEVTYP_F":0,"ELEVTYP_T":0},"geometry":{"type":"LineString","coordinates":[[-74.0642797286865,39.9909291495005],[-74.0663994247276,39.9912861117649]]}},{"type":"Feature","id":6243,"properties":{"OBJECTID":6243,"PRIMENAME":"Johnson Road","ELEVTYP_F":0,"ELEVTYP_T":0},"geometry":{"type":"LineString","coordinates":[[-74.065522601552,39.9948762614797],[-74.0649561975836,39.9947142749829],[-74.0640731221478,39.9944508059521]]}},{"type":"Feature","id":6358,"properties":{"OBJECTID":6358,"PRIMENAME":"Grant Avenue","ELEVTYP_F":0,"ELEVTYP_T":0},"geometry":{"type":"LineString","coordinates":[[-74.0706086301344,39.9424182122057],[-74.0710270656676,39.942459596159]]}},{"type":"Feature","id":6823,"properties":{"OBJECTID":6823,"PRIMENAME":"West Pompano Way","ELEVTYP_F":0,"ELEVTYP_T":0},"geometry":{"type":"LineString","coordinates":[[-74.0642144263447,39.9911851407111],[-74.0663434263345,39.9915101116402]]}},{"type":"Feature","id":7273,"properties":{"OBJECTID":7273,"PRIMENAME":"Sheridan Avenue","ELEVTYP_F":0,"ELEVTYP_T":0},"geometry":{"type":"LineString","coordinates":[[-74.0707283692156,39.9438613543701],[-74.0729111525714,39.9440693617126],[-74.0732578156378,39.9441026775241]]}},{"type":"Feature","id":7377,"properties":{"OBJECTID":7377,"PRIMENAME":"Lavallette Avenue","ELEVTYP_F":0,"ELEVTYP_T":0},"geometry":{"type":"LineString","coordinates":[[-74.0742257023865,39.9655599102214],[-74.0741622842273,39.9655454289273],[-74.0740931202528,39.9655367189617]]}},{"type":"Feature","id":7558,"properties":{"OBJECTID":7558,"PRIMENAME":"Ocean Road","ELEVTYP_F":0,"ELEVTYP_T":0},"geometry":{"type":"LineString","coordinates":[[-74.0611286022944,39.9937280420902],[-74.0611565976797,39.9936425485503],[-74.0612083303257,39.9935178578533]]}},{"type":"Feature","id":7921,"properties":{"OBJECTID":7921,"PRIMENAME":"Bay Boulevard","ELEVTYP_F":0,"ELEVTYP_T":0},"geometry":{"type":"LineString","coordinates":[[-74.0774972096109,39.9584254222357],[-74.0776604280868,39.9584422144802]]}},{"type":"Feature","id":8019,"properties":{"OBJECTID":8019,"PRIMENAME":"State Highway 35","ELEVTYP_F":0,"ELEVTYP_T":0},"geometry":{"type":"LineString","coordinates":[[-74.0775412048671,39.9490085693826],[-74.0776053528862,39.9489769908056],[-74.0777368564335,39.948903756332],[-74.077832983068,39.9488408258597]]}},{"type":"Feature","id":8040,"properties":{"OBJECTID":8040,"PRIMENAME":"Grant Avenue","ELEVTYP_F":0,"ELEVTYP_T":0},"geometry":{"type":"LineString","coordinates":[[-74.0734906881298,39.9427014938982],[-74.0724879324481,39.9426000380472],[-74.0710270656676,39.942459596159]]}},{"type":"Feature","id":8327,"properties":{"OBJECTID":8327,"PRIMENAME":"Dickman Drive","ELEVTYP_F":0,"ELEVTYP_T":0},"geometry":{"type":"LineString","coordinates":[[-74.0786410843494,39.9614276452406],[-74.0786347204719,39.9613542104906],[-74.078635042162,39.9613018028394],[-74.0786422750473,39.9612336614529],[-74.0786528964203,39.9611655323809],[-74.0786771143285,39.961102723689],[-74.0787254245647,39.9610032697112],[-74.0788045244076,39.9608803451429]]}},{"type":"Feature","id":8373,"properties":{"OBJECTID":8373,"PRIMENAME":"Bay Boulevard","ELEVTYP_F":0,"ELEVTYP_T":0},"geometry":{"type":"LineString","coordinates":[[-74.0791716019295,39.9421894290131],[-74.0791515307823,39.9423275861621],[-74.0791301342581,39.9425191364688]]}},{"type":"Feature","id":8524,"properties":{"OBJECTID":8524,"PRIMENAME":"Bay Boulevard","ELEVTYP_F":0,"ELEVTYP_T":0},"geometry":{"type":"LineString","coordinates":[[-74.0784210410501,39.9537568662963],[-74.0784482604589,39.9535881239119],[-74.0784719071382,39.9533622930391],[-74.0784816990013,39.9532315937372]]}},{"type":"Feature","id":9525,"properties":{"OBJECTID":9525,"PRIMENAME":"Washington Avenue","ELEVTYP_F":0,"ELEVTYP_T":0},"geometry":{"type":"LineString","coordinates":[[-74.0759403453416,39.9577604073665],[-74.076027152103,39.957256399779]]}},{"type":"Feature","id":9714,"properties":{"OBJECTID":9714,"PRIMENAME":"Eisenhower Avenue","ELEVTYP_F":0,"ELEVTYP_T":0},"geometry":{"type":"LineString","coordinates":[[-74.0822583269825,39.9518700482772],[-74.0816918968751,39.951822542374]]}},{"type":"Feature","id":10925,"properties":{"OBJECTID":10925,"PRIMENAME":"Blaine Avenue","ELEVTYP_F":0,"ELEVTYP_T":0},"geometry":{"type":"LineString","coordinates":[[-74.0772317673325,39.9423319408635],[-74.077232765961,39.9423320543921],[-74.0791301342581,39.9425191364688]]}},{"type":"Feature","id":11124,"properties":{"OBJECTID":11124,"PRIMENAME":"Sunset Boulevard","ELEVTYP_F":0,"ELEVTYP_T":0},"geometry":{"type":"LineString","coordinates":[[-74.0588857522507,40.0037921028763],[-74.0586970789672,40.0044306409421]]}},{"type":"Feature","id":11201,"properties":{"OBJECTID":11201,"PRIMENAME":"6th Avenue","ELEVTYP_F":0,"ELEVTYP_T":0},"geometry":{"type":"LineString","coordinates":[[-74.0732556506282,39.9555758333497],[-74.0736765665175,39.9556160090508],[-74.0736823775136,39.9556165798548]]}},{"type":"Feature","id":11388,"properties":{"OBJECTID":11388,"PRIMENAME":"Naples Court","ELEVTYP_F":0,"ELEVTYP_T":0},"geometry":{"type":"LineString","coordinates":[[-74.0725024214558,39.9937556444561],[-74.0726775358405,39.9941907703989]]}},{"type":"Feature","id":11710,"properties":{"OBJECTID":11710,"PRIMENAME":"East Tarpon Way","ELEVTYP_F":0,"ELEVTYP_T":0},"geometry":{"type":"LineString","coordinates":[[-74.0616839702453,39.9922389725456],[-74.0619550150037,39.9922881409109]]}},{"type":"Feature","id":11858,"properties":{"OBJECTID":11858,"PRIMENAME":"Strickland Boulevard","ELEVTYP_F":0,"ELEVTYP_T":0},"geometry":{"type":"LineString","coordinates":[[-74.0700538702462,39.996015818316],[-74.0705816160753,39.996170114879]]}},{"type":"Feature","id":12055,"properties":{"OBJECTID":12055,"PRIMENAME":"FR RT 35 SB to RT 37 WB","ELEVTYP_F":0,"ELEVTYP_T":0},"geometry":{"type":"LineString","coordinates":[[-74.0811992413307,39.9422133432569],[-74.08131129506,39.9421519515215],[-74.0814253368217,39.9420927685933],[-74.0814988875485,39.9420538822192],[-74.0815741330365,39.9420169669539],[-74.0816509841662,39.9419820665181],[-74.0817293499168,39.9419492222461],[-74.0818091374743,39.9419184730369],[-74.0818902523408,39.9418898553082],[-74.081972598447,39.9418634029532],[-74.0820560782658,39.9418391473007],[-74.0821801869458,39.9418078672522],[-74.0823058867636,39.9417806104976],[-74.0824329576997,39.9417574247457],[-74.0825611773359,39.9417383505795],[-74.0826903212435,39.9417234213856],[-74.0828201633768,39.9417126632951],[-74.0829504764682,39.9417060951384],[-74.0830810324262,39.9417037284122],[-74.0832691195957,39.9417091216596],[-74.0834852559354,39.9417180875725],[-74.0837011513612,39.9417300066731],[-74.08398396367,39.9417433274751],[-74.0842661349729,39.9417631275817],[-74.0845474148119,39.9417893894185],[-74.08482755352,39.9418220896756]]}},{"type":"Feature","id":12241,"properties":{"OBJECTID":12241,"PRIMENAME":"Sunset Drive North","ELEVTYP_F":0,"ELEVTYP_T":0},"geometry":{"type":"LineString","coordinates":[[-74.0906832360948,39.9447129907578],[-74.0906882598835,39.9447078744203],[-74.0907470302099,39.9446438672367],[-74.090793412553,39.9445637565564],[-74.0908610097282,39.9444130812704],[-74.0909989752869,39.9440952401491]]}},{"type":"Feature","id":12527,"properties":{"OBJECTID":12527,"PRIMENAME":"State Highway 35","ELEVTYP_F":0,"ELEVTYP_T":0},"geometry":{"type":"LineString","coordinates":[[-74.0800774926331,39.9430197886412],[-74.0802386224651,39.9428646538584],[-74.080454491427,39.9426734892912],[-74.0805832837245,39.9425594338894],[-74.0808670373969,39.9423043705883],[-74.0810595929994,39.9421304872725],[-74.0810612644903,39.9421288720255],[-74.0812416970135,39.9419542771646]]}},{"type":"Feature","id":13284,"properties":{"OBJECTID":13284,"PRIMENAME":"Philadelphia Avenue","ELEVTYP_F":0,"ELEVTYP_T":0},"geometry":{"type":"LineString","coordinates":[[-74.0727726634359,39.9699810639938],[-74.0729221623469,39.9699933655462]]}},{"type":"Feature","id":13428,"properties":{"OBJECTID":13428,"PRIMENAME":"Hiering Avenue","ELEVTYP_F":0,"ELEVTYP_T":0},"geometry":{"type":"LineString","coordinates":[[-74.0783214999396,39.9488214360377],[-74.0783793656612,39.9488142065953],[-74.0784536113977,39.9488116213168],[-74.0790089886859,39.9488538598346]]}},{"type":"Feature","id":13837,"properties":{"OBJECTID":13837,"PRIMENAME":"Pacific Way","ELEVTYP_F":0,"ELEVTYP_T":0},"geometry":{"type":"LineString","coordinates":[[-74.0635149306983,39.9937568202991],[-74.0632320576566,39.9937002396283],[-74.0623928702712,39.9935323836403],[-74.0612795852966,39.9933042088887]]}},{"type":"Feature","id":14247,"properties":{"OBJECTID":14247,"PRIMENAME":"Ocean Bay Boulevard","ELEVTYP_F":0,"ELEVTYP_T":0},"geometry":{"type":"LineString","coordinates":[[-74.0731206294553,39.9841109883966],[-74.0699447303208,39.9837936725265],[-74.0698601031709,39.9837874336512],[-74.0697751407175,39.9837851863091],[-74.0696901555293,39.9837869370641],[-74.069569437673,39.9837914508471],[-74.0694486212093,39.9837889142951],[-74.0693284051174,39.9837793390119],[-74.0684329052939,39.9836939087345]]}},{"type":"Feature","id":14329,"properties":{"OBJECTID":14329,"PRIMENAME":"New Brunswick Avenue","ELEVTYP_F":0,"ELEVTYP_T":0},"geometry":{"type":"LineString","coordinates":[[-74.0726226577652,39.9676895266756],[-74.0739259137147,39.967820802849],[-74.0742858466206,39.967851089387],[-74.0743821609706,39.9678546279666],[-74.0744606013858,39.967852115631]]}},{"type":"Feature","id":14377,"properties":{"OBJECTID":14377,"PRIMENAME":"Malibu Road","ELEVTYP_F":0,"ELEVTYP_T":0},"geometry":{"type":"LineString","coordinates":[[-74.0651834242088,39.9849761107472],[-74.0650124237429,39.9849761104457],[-74.0634894244303,39.9848271093129],[-74.0634674245066,39.9848201099243]]}},{"type":"Feature","id":14585,"properties":{"OBJECTID":14585,"PRIMENAME":"Harborside Drive","ELEVTYP_F":0,"ELEVTYP_T":0},"geometry":{"type":"LineString","coordinates":[[-74.0822663178106,39.9567558489629],[-74.0822373148616,39.9567191070645],[-74.0821893256695,39.9566617478754],[-74.0821301540157,39.9566129141368],[-74.0820672203586,39.9565783701228],[-74.0820024629939,39.9565563655259],[-74.0819469278408,39.9565429329053],[-74.0818772958839,39.9565305194629],[-74.0814040735965,39.9564841174738]]}},{"type":"Feature","id":14857,"properties":{"OBJECTID":14857,"PRIMENAME":"Tamiani Drive","ELEVTYP_F":0,"ELEVTYP_T":0},"geometry":{"type":"LineString","coordinates":[[-74.0703869107972,39.9989425340409],[-74.0703401755382,39.9988868223711],[-74.0703029654212,39.998809402056],[-74.0701583375305,39.99846566889],[-74.0701343998976,39.9984236036104],[-74.0701066930963,39.9983905836456],[-74.0700639826955,39.9983592932179],[-74.0700038170652,39.9983393310457],[-74.0699770125054,39.9983331365194]]}},{"type":"Feature","id":15001,"properties":{"OBJECTID":15001,"PRIMENAME":"Baltimore Avenue","ELEVTYP_F":0,"ELEVTYP_T":0},"geometry":{"type":"LineString","coordinates":[[-74.0740254062852,39.9591083129377],[-74.0740806391489,39.9587679521119],[-74.0741074705408,39.9586064575175]]}},{"type":"Feature","id":15657,"properties":{"OBJECTID":15657,"PRIMENAME":"East Flamingo Way","ELEVTYP_F":0,"ELEVTYP_T":0},"geometry":{"type":"LineString","coordinates":[[-74.0617509189063,39.9920159738311],[-74.0620260014821,39.9920671901934]]}},{"type":"Feature","id":15876,"properties":{"OBJECTID":15876,"PRIMENAME":"Ellison Drive","ELEVTYP_F":0,"ELEVTYP_T":0},"geometry":{"type":"LineString","coordinates":[[-74.0639106532584,40.0055148312416],[-74.0638192830997,40.0055733205304]]}},{"type":"Feature","id":16661,"properties":{"OBJECTID":16661,"PRIMENAME":"Boca Raton Drive","ELEVTYP_F":0,"ELEVTYP_T":0},"geometry":{"type":"LineString","coordinates":[[-74.0727366379317,39.9982299050109],[-74.0727295996789,39.9982766599337],[-74.0726916035401,39.9984051947136],[-74.0726274961603,39.998547936409],[-74.0724999987344,39.9987868062923]]}},{"type":"Feature","id":16869,"properties":{"OBJECTID":16869,"PRIMENAME":"4th Avenue","ELEVTYP_F":0,"ELEVTYP_T":0},"geometry":{"type":"LineString","coordinates":[[-74.0781853996967,39.9574850742962],[-74.0779314531043,39.9574499517716],[-74.0778267170528,39.9574375999396]]}},{"type":"Feature","id":17315,"properties":{"OBJECTID":17315,"PRIMENAME":"Throssell Road","ELEVTYP_F":0,"ELEVTYP_T":0},"geometry":{"type":"LineString","coordinates":[[-74.0654843935629,39.9953291023871],[-74.0653400786905,39.995290071382]]}},{"type":"Feature","id":17371,"properties":{"OBJECTID":17371,"PRIMENAME":"East Cormorant Way","ELEVTYP_F":0,"ELEVTYP_T":0},"geometry":{"type":"LineString","coordinates":[[-74.06237433314,39.9906704827632],[-74.0638237370338,39.9908739828561],[-74.0641554229889,39.9909141113992],[-74.0642797286865,39.9909291495005]]}},{"type":"Feature","id":17382,"properties":{"OBJECTID":17382,"PRIMENAME":"Bryn Mawr Avenue","ELEVTYP_F":0,"ELEVTYP_T":0},"geometry":{"type":"LineString","coordinates":[[-74.0689927404597,39.9803067591673],[-74.0690370937564,39.9803359701352],[-74.069099563645,39.9803500120461],[-74.06977950113,39.9804177913234],[-74.0705001416661,39.9804896229129],[-74.071830155448,39.9806203634651],[-74.071956430439,39.9806351330966],[-74.0720568158615,39.9806355037562],[-74.0721497599371,39.9806329916155],[-74.0722688262987,39.9806133902743],[-74.0723880167061,39.9805795130345],[-74.0724923622178,39.9805341599351],[-74.0726042726313,39.9804716491114],[-74.0727573469389,39.9803664071659],[-74.0730967478845,39.9801056585789],[-74.0732130306771,39.9800163221402]]}},{"type":"Feature","id":18169,"properties":{"OBJECTID":18169,"PRIMENAME":"State Highway 37","ELEVTYP_F":0,"ELEVTYP_T":0},"geometry":{"type":"LineString","coordinates":[[-74.0912840903865,39.9434382049591],[-74.0912858348305,39.9434386506575],[-74.0928377773031,39.9438274762078],[-74.0928598882411,39.943832996876]]}},{"type":"Feature","id":18186,"properties":{"OBJECTID":18186,"PRIMENAME":"Gull Lane","ELEVTYP_F":0,"ELEVTYP_T":0},"geometry":{"type":"LineString","coordinates":[[-74.0691064245586,39.9868161110563],[-74.0693724244211,39.9868421095637]]}},{"type":"Feature","id":18430,"properties":{"OBJECTID":18430,"PRIMENAME":"Bay Boulevard","ELEVTYP_F":0,"ELEVTYP_T":0},"geometry":{"type":"LineString","coordinates":[[-74.0744601508105,39.9682815998761],[-74.0745117559277,39.9681530588273],[-74.0745602953566,39.9680127558289],[-74.0745814566114,39.9679432382724],[-74.0746020077379,39.9678569445355],[-74.0746040331024,39.9678467117872]]}},{"type":"Feature","id":19495,"properties":{"OBJECTID":19495,"PRIMENAME":"7th Avenue","ELEVTYP_F":0,"ELEVTYP_T":0},"geometry":{"type":"LineString","coordinates":[[-74.0715180247615,39.9547111367697],[-74.0708343299902,39.9546450796494],[-74.0685756676084,39.9544304358093]]}},{"type":"Feature","id":19707,"properties":{"OBJECTID":19707,"PRIMENAME":"West Tuna Way","ELEVTYP_F":0,"ELEVTYP_T":0},"geometry":{"type":"LineString","coordinates":[[-74.0669924266596,39.9888991110331],[-74.066948425303,39.9888761101098],[-74.0667924243503,39.9888461109541],[-74.0648692226686,39.988580358921]]}},{"type":"Feature","id":20343,"properties":{"OBJECTID":20343,"PRIMENAME":"6th Terrace","ELEVTYP_F":0,"ELEVTYP_T":0},"geometry":{"type":"LineString","coordinates":[[-74.0811203309728,39.9550908284402],[-74.081085756679,39.9554309108637],[-74.081081051715,39.9555882042564],[-74.0810020039801,39.9560316538329]]}},{"type":"Feature","id":20416,"properties":{"OBJECTID":20416,"PRIMENAME":"Sunset Drive South","ELEVTYP_F":0,"ELEVTYP_T":0},"geometry":{"type":"LineString","coordinates":[[-74.0910843951055,39.9428014717657],[-74.0912818388222,39.9429233546708],[-74.0913188330145,39.9429520647651],[-74.0913483901489,39.9429779203894],[-74.0913705116692,39.9430065780445],[-74.0913889066552,39.9430381048497],[-74.0913999009931,39.9430667503039],[-74.0914034573877,39.9430924872564],[-74.0913995608321,39.9431239354972],[-74.0913881580499,39.9431639510045],[-74.0913283679575,39.9433278865559]]}},{"type":"Feature","id":20581,"properties":{"OBJECTID":20581,"PRIMENAME":"Sunset Drive North","ELEVTYP_F":0,"ELEVTYP_T":0},"geometry":{"type":"LineString","coordinates":[[-74.0863279688949,39.9425521798014],[-74.0871078764315,39.9431731655436]]}},{"type":"Feature","id":21696,"properties":{"OBJECTID":21696,"PRIMENAME":"Bayside Terrace","ELEVTYP_F":0,"ELEVTYP_T":0},"geometry":{"type":"LineString","coordinates":[[-74.0812325924472,39.9500549731937],[-74.0814141093915,39.9507533944316]]}},{"type":"Feature","id":21981,"properties":{"OBJECTID":21981,"PRIMENAME":"Prince Edward Avenue","ELEVTYP_F":0,"ELEVTYP_T":0},"geometry":{"type":"LineString","coordinates":[[-74.0873915493496,39.9424590303093],[-74.0871078764315,39.9431731655436]]}},{"type":"Feature","id":22427,"properties":{"OBJECTID":22427,"PRIMENAME":"North Lagoon Road","ELEVTYP_F":0,"ELEVTYP_T":0},"geometry":{"type":"LineString","coordinates":[[-74.064287758495,39.9977464547671],[-74.0655050666547,39.9980881823049],[-74.0664788629654,39.9983798160317],[-74.0666993046178,39.9984728024004],[-74.0668421203445,39.9985300825077]]}},{"type":"Feature","id":23112,"properties":{"OBJECTID":23112,"PRIMENAME":"East Tuna Way","ELEVTYP_F":0,"ELEVTYP_T":0},"geometry":{"type":"LineString","coordinates":[[-74.0648692226686,39.988580358921],[-74.0643987432296,39.9885153269444],[-74.0629214225035,39.988311110883],[-74.0628204232538,39.9883261104573],[-74.0627684227646,39.988352110483],[-74.0627264238808,39.9884041102059],[-74.0626764228867,39.9885161109635]]}},{"type":"Feature","id":23339,"properties":{"OBJECTID":23339,"PRIMENAME":"Bay Boulevard","ELEVTYP_F":0,"ELEVTYP_T":0},"geometry":{"type":"LineString","coordinates":[[-74.0785228104922,39.9467019378326],[-74.0785134243066,39.9467550818716],[-74.0784752752626,39.9469150811365],[-74.0784298119512,39.9470579222066],[-74.0783769293556,39.9472007101531],[-74.0783248093171,39.9473645018933]]}},{"type":"Feature","id":23540,"properties":{"OBJECTID":23540,"PRIMENAME":"Basin Way","ELEVTYP_F":0,"ELEVTYP_T":0},"geometry":{"type":"LineString","coordinates":[[-74.0663994247276,39.9912861117649],[-74.0664574251547,39.9910521115864]]}},{"type":"Feature","id":23967,"properties":{"OBJECTID":23967,"PRIMENAME":"Washington Avenue","ELEVTYP_F":0,"ELEVTYP_T":0},"geometry":{"type":"LineString","coordinates":[[-74.076629172959,39.9535808916113],[-74.0767121026248,39.9530732165818]]}},{"type":"Feature","id":24633,"properties":{"OBJECTID":24633,"PRIMENAME":"Marine Road","ELEVTYP_F":0,"ELEVTYP_T":0},"geometry":{"type":"LineString","coordinates":[[-74.0701854269478,39.9872841114217],[-74.0701234252275,39.9877301109636]]}},{"type":"Feature","id":26357,"properties":{"OBJECTID":26357,"PRIMENAME":"Tunney Terrace","ELEVTYP_F":0,"ELEVTYP_T":0},"geometry":{"type":"LineString","coordinates":[[-74.0798478990711,39.949923977759],[-74.0800199440582,39.9505740219465],[-74.0800471890613,39.9506769614114]]}},{"type":"Feature","id":26615,"properties":{"OBJECTID":26615,"PRIMENAME":"Gull Lane","ELEVTYP_F":0,"ELEVTYP_T":0},"geometry":{"type":"LineString","coordinates":[[-74.069649426127,39.9868691102653],[-74.0699324267382,39.9868961109466]]}},{"type":"Feature","id":26749,"properties":{"OBJECTID":26749,"PRIMENAME":"Heron Lane","ELEVTYP_F":0,"ELEVTYP_T":0},"geometry":{"type":"LineString","coordinates":[[-74.0676246991345,39.989519268308],[-74.0674457623487,39.9902248758151]]}},{"type":"Feature","id":27140,"properties":{"OBJECTID":27140,"PRIMENAME":"Ocean Terrace","ELEVTYP_F":0,"ELEVTYP_T":0},"geometry":{"type":"LineString","coordinates":[[-74.0599941807297,39.9990017730728],[-74.0598657115241,39.999468380392],[-74.0598065979037,39.9996684574913]]}},{"type":"Feature","id":27582,"properties":{"OBJECTID":27582,"PRIMENAME":"Philadelphia Avenue","ELEVTYP_F":0,"ELEVTYP_T":0},"geometry":{"type":"LineString","coordinates":[[-74.0690642423179,39.9696276802486],[-74.0694202308341,39.9696621942677],[-74.0707213174076,39.9697859495643]]}},{"type":"Feature","id":28888,"properties":{"OBJECTID":28888,"PRIMENAME":"West Bayview Drive","ELEVTYP_F":0,"ELEVTYP_T":0},"geometry":{"type":"LineString","coordinates":[[-74.0674594270478,39.9925591116315],[-74.0676724254879,39.9924341118035],[-74.0679684257681,39.9923161114469],[-74.0682064246426,39.99227411208]]}},{"type":"Feature","id":29025,"properties":{"OBJECTID":29025,"PRIMENAME":"Fort Meyers Court","ELEVTYP_F":0,"ELEVTYP_T":0},"geometry":{"type":"LineString","coordinates":[[-74.0706205674223,39.9941965933831],[-74.0701571726386,39.993014975213]]}},{"type":"Feature","id":29091,"properties":{"OBJECTID":29091,"PRIMENAME":"Bryn Mawr Avenue","ELEVTYP_F":0,"ELEVTYP_T":0},"geometry":{"type":"LineString","coordinates":[[-74.0684445280599,39.9802093460757],[-74.0688660044598,39.9802519021545],[-74.0689328803362,39.9802690625839],[-74.0689883329737,39.9803038605107],[-74.0689927404597,39.9803067591673]]}},{"type":"Feature","id":29180,"properties":{"OBJECTID":29180,"PRIMENAME":"Pompano Court","ELEVTYP_F":0,"ELEVTYP_T":0},"geometry":{"type":"LineString","coordinates":[[-74.0715445009991,39.9964532377937],[-74.0715363982213,39.996413318261],[-74.0715429313766,39.99636746764],[-74.0717402320901,39.9959479641958],[-74.0717687379464,39.9959045834186],[-74.0718098491381,39.9958661085148],[-74.0718602661001,39.9958348871331],[-74.071916875226,39.9958181854693],[-74.0723005347966,39.9957302400894]]}},{"type":"Feature","id":29810,"properties":{"OBJECTID":29810,"PRIMENAME":"Baltimore Avenue","ELEVTYP_F":0,"ELEVTYP_T":0},"geometry":{"type":"LineString","coordinates":[[-74.0731143421055,39.9646699735675],[-74.0732350475581,39.9639347395313]]}},{"type":"Feature","id":29982,"properties":{"OBJECTID":29982,"PRIMENAME":"Silver Beach Road","ELEVTYP_F":0,"ELEVTYP_T":0},"geometry":{"type":"LineString","coordinates":[[-74.0650074418329,39.9971849576495],[-74.064864763035,39.9971418438949],[-74.0647842754587,39.9971296262478],[-74.0646944931123,39.9971197632088],[-74.0646078105277,39.9971051344],[-74.0646057432013,39.9971046321464]]}},{"type":"Feature","id":30057,"properties":{"OBJECTID":30057,"PRIMENAME":"Boulevard Boulevard","ELEVTYP_F":0,"ELEVTYP_T":0},"geometry":{"type":"LineString","coordinates":[[-74.0726985218137,39.9475060439079],[-74.072581301121,39.9482240508849]]}},{"type":"Feature","id":30260,"properties":{"OBJECTID":30260,"PRIMENAME":"Coolidge Avenue","ELEVTYP_F":0,"ELEVTYP_T":0},"geometry":{"type":"LineString","coordinates":[[-74.0784888062281,39.9527363255209],[-74.0785647849137,39.9527484064881],[-74.0786428176207,39.9527515183633],[-74.0787394161486,39.9527518694099],[-74.0788509418577,39.9527437367425],[-74.0789290258409,39.9527325714064],[-74.0792080949505,39.952673489071],[-74.0793383116552,39.952648237265],[-74.0794386727654,39.9526399806549],[-74.079535306256,39.9526403311649],[-74.079635526829,39.9526550258491],[-74.0797319501598,39.9526782445421],[-74.0798357583052,39.952718702549],[-74.0799024323453,39.9527532613439],[-74.0800208896854,39.9528308906585],[-74.0801652458756,39.9529257722301],[-74.0802207728073,39.9529574361128],[-74.0802763875987,39.9529804786603],[-74.0803616990679,39.9530008283598],[-74.0804694116227,39.9530155494416],[-74.081691235262,39.9531257442293],[-74.0821927280537,39.9531713687291]]}},{"type":"Feature","id":31816,"properties":{"OBJECTID":31816,"PRIMENAME":"West Central Avenue","ELEVTYP_F":0,"ELEVTYP_T":0},"geometry":{"type":"LineString","coordinates":[[-74.0746893327515,39.9456252829144],[-74.0746807325559,39.945677660322],[-74.0745746906288,39.9463051681036]]}},{"type":"Feature","id":31991,"properties":{"OBJECTID":31991,"PRIMENAME":"West Spray Way","ELEVTYP_F":0,"ELEVTYP_T":0},"geometry":{"type":"LineString","coordinates":[[-74.0678382402246,39.981004358498],[-74.0668827774851,39.9809155068805]]}},{"type":"Feature","id":32106,"properties":{"OBJECTID":32106,"PRIMENAME":"Ocean Terrace","ELEVTYP_F":0,"ELEVTYP_T":0},"geometry":{"type":"LineString","coordinates":[[-74.0594388162336,40.001017994779],[-74.0593469988218,40.0013551949333]]}},{"type":"Feature","id":34593,"properties":{"OBJECTID":34593,"PRIMENAME":"East Brighton Avenue","ELEVTYP_F":0,"ELEVTYP_T":0},"geometry":{"type":"LineString","coordinates":[[-74.066586475208,39.9819266119545],[-74.0642526457982,39.9816919138],[-74.0641019983649,39.981676762204]]}},{"type":"Feature","id":35319,"properties":{"OBJECTID":35319,"PRIMENAME":"Dellmuth Avenue","ELEVTYP_F":0,"ELEVTYP_T":0},"geometry":{"type":"LineString","coordinates":[[-74.0759403453416,39.9577604073665],[-74.076128809768,39.9577788325279],[-74.0775800787858,39.9579159345539]]}},{"type":"Feature","id":35585,"properties":{"OBJECTID":35585,"PRIMENAME":"East Marlin Way","ELEVTYP_F":0,"ELEVTYP_T":0},"geometry":{"type":"LineString","coordinates":[[-74.0622327758151,39.9913442615357],[-74.0621817137234,39.991570631567]]}},{"type":"Feature","id":37088,"properties":{"OBJECTID":37088,"PRIMENAME":"Kearney Avenue","ELEVTYP_F":0,"ELEVTYP_T":0},"geometry":{"type":"LineString","coordinates":[[-74.0729228385677,39.9461423608006],[-74.0704485638718,39.9459075775591],[-74.0703931669788,39.9459024030595]]}},{"type":"Feature","id":37674,"properties":{"OBJECTID":37674,"PRIMENAME":"East Central Avenue","ELEVTYP_F":0,"ELEVTYP_T":0},"geometry":{"type":"LineString","coordinates":[[-74.0622465813833,40.0007690325142],[-74.0621281769428,40.0012434217959],[-74.0620718946115,40.001442549642]]}},{"type":"Feature","id":37676,"properties":{"OBJECTID":37676,"PRIMENAME":"Dickman Drive","ELEVTYP_F":0,"ELEVTYP_T":0},"geometry":{"type":"LineString","coordinates":[[-74.0788152432263,39.9622499686673],[-74.0788397596021,39.9623537512738],[-74.0788665051464,39.962442963052],[-74.0788899514608,39.9625059719437],[-74.0789236522708,39.9625663825954],[-74.0789269006472,39.9625718851328]]}},{"type":"Feature","id":38815,"properties":{"OBJECTID":38815,"PRIMENAME":"East Crane Way","ELEVTYP_F":0,"ELEVTYP_T":0},"geometry":{"type":"LineString","coordinates":[[-74.0624922270764,39.9902269909648],[-74.063928477298,39.9904443452126],[-74.0643873203109,39.9905073727235]]}},{"type":"Feature","id":42123,"properties":{"OBJECTID":42123,"PRIMENAME":"Sherman Avenue","ELEVTYP_F":0,"ELEVTYP_T":0},"geometry":{"type":"LineString","coordinates":[[-74.0771124503178,39.9437879865529],[-74.07579754453,39.9436577737955],[-74.0750238968363,39.9435857566814]]}},{"type":"Feature","id":43288,"properties":{"OBJECTID":43288,"PRIMENAME":"Santa Barbara Drive","ELEVTYP_F":0,"ELEVTYP_T":0},"geometry":{"type":"LineString","coordinates":[[-74.0665564250128,39.9839141114352],[-74.0664724245965,39.9839121102622],[-74.0664274236962,39.9839381102144],[-74.0663754259489,39.9841361102115]]}},{"type":"Feature","id":43873,"properties":{"OBJECTID":43873,"PRIMENAME":"Washington Avenue","ELEVTYP_F":0,"ELEVTYP_T":0},"geometry":{"type":"LineString","coordinates":[[-74.0733426766999,39.9692685712252],[-74.0730476259259,39.9692292695444],[-74.0723872927048,39.9691641308074]]}},{"type":"Feature","id":44977,"properties":{"OBJECTID":44977,"PRIMENAME":"Helm Road","ELEVTYP_F":0,"ELEVTYP_T":0},"geometry":{"type":"LineString","coordinates":[[-74.0693724244211,39.9868421095637],[-74.0693344251715,39.9871871105613]]}},{"type":"Feature","id":47222,"properties":{"OBJECTID":47222,"PRIMENAME":"Pershing Boulevard","ELEVTYP_F":0,"ELEVTYP_T":0},"geometry":{"type":"LineString","coordinates":[[-74.0746040331024,39.9678467117872],[-74.0746049615459,39.9678466872722],[-74.0748009083695,39.9678249496443],[-74.0749492490793,39.9678048754885],[-74.0749561544292,39.9678039397496]]}},{"type":"Feature","id":47266,"properties":{"OBJECTID":47266,"PRIMENAME":"East Pennsylvania Avenue","ELEVTYP_F":0,"ELEVTYP_T":0},"geometry":{"type":"LineString","coordinates":[[-74.0728846845425,39.9555405067502],[-74.0729882742573,39.9548531987107]]}},{"type":"Feature","id":47413,"properties":{"OBJECTID":47413,"PRIMENAME":"Funston Road","ELEVTYP_F":0,"ELEVTYP_T":0},"geometry":{"type":"LineString","coordinates":[[-74.0792683445172,39.9663185287129],[-74.0800314059426,39.9671138853576]]}},{"type":"Feature","id":47704,"properties":{"OBJECTID":47704,"PRIMENAME":"1st Avenue","ELEVTYP_F":0,"ELEVTYP_T":0},"geometry":{"type":"LineString","coordinates":[[-74.0618528743562,39.998596544444],[-74.061101401578,39.9984790557284]]}},{"type":"Feature","id":47839,"properties":{"OBJECTID":47839,"PRIMENAME":"East Railway Avenue","ELEVTYP_F":0,"ELEVTYP_T":0},"geometry":{"type":"LineString","coordinates":[[-74.072318553494,39.9561743587235],[-74.0723746638451,39.955819973187],[-74.0724287228202,39.9554970140055]]}},{"type":"Feature","id":48281,"properties":{"OBJECTID":48281,"PRIMENAME":"Silver Beach Road","ELEVTYP_F":0,"ELEVTYP_T":0},"geometry":{"type":"LineString","coordinates":[[-74.0630252894398,39.9966460299331],[-74.0628666825265,39.9965985149638],[-74.0625670899564,39.9965087632669]]}},{"type":"Feature","id":48325,"properties":{"OBJECTID":48325,"PRIMENAME":"7th Avenue","ELEVTYP_F":0,"ELEVTYP_T":0},"geometry":{"type":"LineString","coordinates":[[-74.0659169888609,40.003856427635],[-74.0650967425649,40.0036188441004],[-74.0643395067879,40.0033986779883],[-74.0641873497659,40.003355196337],[-74.0641056580443,40.0033348754532],[-74.0640404408598,40.0033286999079]]}},{"type":"Feature","id":48538,"properties":{"OBJECTID":48538,"PRIMENAME":"Delray Drive","ELEVTYP_F":0,"ELEVTYP_T":0},"geometry":{"type":"LineString","coordinates":[[-74.0687182763523,39.996974916239],[-74.0682804062274,39.9978527336439]]}},{"type":"Feature","id":49086,"properties":{"OBJECTID":49086,"PRIMENAME":"Strickland Boulevard","ELEVTYP_F":0,"ELEVTYP_T":0},"geometry":{"type":"LineString","coordinates":[[-74.0710060016753,39.9962942113329],[-74.0710521415006,39.9963076972443],[-74.0715445009991,39.9964532377937]]}},{"type":"Feature","id":49124,"properties":{"OBJECTID":49124,"PRIMENAME":"5th Avenue","ELEVTYP_F":0,"ELEVTYP_T":0},"geometry":{"type":"LineString","coordinates":[[-74.071293639481,39.9560765991174],[-74.0696056251758,39.9559155328482],[-74.0683614755162,39.9557939812461]]}},{"type":"Feature","id":49216,"properties":{"OBJECTID":49216,"PRIMENAME":"Neptune Court","ELEVTYP_F":0,"ELEVTYP_T":0},"geometry":{"type":"LineString","coordinates":[[-74.0597184241506,40.0061268702485],[-74.0593172867937,40.0060510014951],[-74.0592542092513,40.0060336032089],[-74.0591985042565,40.0060133776963],[-74.0591317708489,40.0059816622505],[-74.0590688221723,40.0059442506987],[-74.0590057833141,40.0059154044697],[-74.0589501147975,40.0058951789764],[-74.058883326318,40.005872055899]]}},{"type":"Feature","id":49373,"properties":{"OBJECTID":49373,"PRIMENAME":"Throssell Road","ELEVTYP_F":0,"ELEVTYP_T":0},"geometry":{"type":"LineString","coordinates":[[-74.0653400786905,39.995290071382],[-74.064761070638,39.9951227927574],[-74.0640351088902,39.9949164957085],[-74.0639683862729,39.9948956545672],[-74.0639470851524,39.9948832203412],[-74.0639338309332,39.9948626082497],[-74.0639393770251,39.99483794796],[-74.0639607728375,39.9947760121196],[-74.0639982136369,39.9946676277582]]}},{"type":"Feature","id":49482,"properties":{"OBJECTID":49482,"PRIMENAME":"Lauderdale Drive","ELEVTYP_F":0,"ELEVTYP_T":0},"geometry":{"type":"LineString","coordinates":[[-74.0715819416305,39.9939745374263],[-74.0718817385546,39.9939052810805],[-74.0725024214558,39.9937556444561]]}},{"type":"Feature","id":49876,"properties":{"OBJECTID":49876,"PRIMENAME":"Catalina Avenue","ELEVTYP_F":0,"ELEVTYP_T":0},"geometry":{"type":"LineString","coordinates":[[-74.0893475156624,39.9428308633554],[-74.0893006756105,39.9429396893532]]}},{"type":"Feature","id":50029,"properties":{"OBJECTID":50029,"PRIMENAME":"Bay Boulevard","ELEVTYP_F":0,"ELEVTYP_T":0},"geometry":{"type":"LineString","coordinates":[[-74.0703084092586,39.9773254819136],[-74.0703012992918,39.9772641514864],[-74.0703018187359,39.9771812152056],[-74.070317344761,39.977078321693],[-74.0703627379224,39.9769526428521],[-74.0704228852858,39.9768470864727],[-74.0705053179971,39.9767387024425],[-74.0705387922882,39.9766984972083],[-74.0705657197782,39.9766665037962],[-74.0705741531482,39.9766589573715]]}},{"type":"Feature","id":50197,"properties":{"OBJECTID":50197,"PRIMENAME":"Georgian Drive","ELEVTYP_F":0,"ELEVTYP_T":0},"geometry":{"type":"LineString","coordinates":[[-74.0585092417786,40.0050661059035],[-74.0598592053746,40.0056298098475]]}},{"type":"Feature","id":51125,"properties":{"OBJECTID":51125,"PRIMENAME":"Tamiami Drive","ELEVTYP_F":0,"ELEVTYP_T":0},"geometry":{"type":"LineString","coordinates":[[-74.0720486019298,40.0003736035598],[-74.0719527964948,40.0001269094591],[-74.0719112039214,40.0000190827754]]}},{"type":"Feature","id":51169,"properties":{"OBJECTID":51169,"PRIMENAME":"2nd Avenue","ELEVTYP_F":0,"ELEVTYP_T":0},"geometry":{"type":"LineString","coordinates":[[-74.0740254062852,39.9591083129377],[-74.0725009088437,39.9589604355239]]}},{"type":"Feature","id":51255,"properties":{"OBJECTID":51255,"PRIMENAME":"Virginia Avenue","ELEVTYP_F":0,"ELEVTYP_T":0},"geometry":{"type":"LineString","coordinates":[[-74.0712092727331,39.9668082867379],[-74.0701613959877,39.9667059015346],[-74.0698965862295,39.9666804064794],[-74.0695534262899,39.9666473655896]]}},{"type":"Feature","id":51423,"properties":{"OBJECTID":51423,"PRIMENAME":"8th Avenue","ELEVTYP_F":0,"ELEVTYP_T":0},"geometry":{"type":"LineString","coordinates":[[-74.0748150012062,39.9543408715639],[-74.0750485600813,39.9543628676484],[-74.0764774966757,39.9545113226181]]}},{"type":"Feature","id":51759,"properties":{"OBJECTID":51759,"PRIMENAME":"Ocean Road","ELEVTYP_F":0,"ELEVTYP_T":0},"geometry":{"type":"LineString","coordinates":[[-74.063262289574,39.9856811974846],[-74.063294422647,39.9854771100859]]}},{"type":"Feature","id":52829,"properties":{"OBJECTID":52829,"PRIMENAME":"Fort Avenue","ELEVTYP_F":0,"ELEVTYP_T":0},"geometry":{"type":"LineString","coordinates":[[-74.0733368911366,39.952692057867],[-74.0718730300787,39.9525339074995]]}},{"type":"Feature","id":53118,"properties":{"OBJECTID":53118,"PRIMENAME":"Shuster Avenue","ELEVTYP_F":0,"ELEVTYP_T":0},"geometry":{"type":"LineString","coordinates":[[-74.0741074705408,39.9586064575175],[-74.0730250846839,39.9584966964131]]}},{"type":"Feature","id":53237,"properties":{"OBJECTID":53237,"PRIMENAME":"East Marlin Way","ELEVTYP_F":0,"ELEVTYP_T":0},"geometry":{"type":"LineString","coordinates":[[-74.0619473893774,39.9913035828204],[-74.0622327758151,39.9913442615357]]}},{"type":"Feature","id":53847,"properties":{"OBJECTID":53847,"PRIMENAME":"Kittiwake Avenue","ELEVTYP_F":0,"ELEVTYP_T":0},"geometry":{"type":"LineString","coordinates":[[-74.0650286428347,39.9879473429602],[-74.0651242348112,39.987962252581],[-74.0658425654462,39.9880823752019]]}},{"type":"Feature","id":53909,"properties":{"OBJECTID":53909,"PRIMENAME":"Seaview Road","ELEVTYP_F":0,"ELEVTYP_T":0},"geometry":{"type":"LineString","coordinates":[[-74.0626434237625,39.9886601113298],[-74.0625144248828,39.9890371118172]]}},{"type":"Feature","id":54047,"properties":{"OBJECTID":54047,"PRIMENAME":"Boulevard Boulevard","ELEVTYP_F":0,"ELEVTYP_T":0},"geometry":{"type":"LineString","coordinates":[[-74.0731459493445,39.9447818303894],[-74.0730343528318,39.9454631520766]]}},{"type":"Feature","id":54128,"properties":{"OBJECTID":54128,"PRIMENAME":"East Dolphin Way","ELEVTYP_F":0,"ELEVTYP_T":0},"geometry":{"type":"LineString","coordinates":[[-74.0621022046226,39.9918311641872],[-74.0625024252868,39.9919341131576],[-74.0635127982355,39.9921493697524],[-74.0639501584572,39.9922425467089]]}},{"type":"Feature","id":54467,"properties":{"OBJECTID":54467,"PRIMENAME":"Bay Boulevard","ELEVTYP_F":0,"ELEVTYP_T":0},"geometry":{"type":"LineString","coordinates":[[-74.0712943086365,39.9736147036081],[-74.0712946940462,39.9735530172198],[-74.0713138203883,39.9734672953433],[-74.0713478445183,39.973373034881],[-74.0714004408281,39.97328172625],[-74.0714529114601,39.973216141403],[-74.0715164984154,39.9731534519721],[-74.0716247752402,39.9730709147919],[-74.0718205885927,39.9729361543682]]}},{"type":"Feature","id":54508,"properties":{"OBJECTID":54508,"PRIMENAME":"Gull Lane","ELEVTYP_F":0,"ELEVTYP_T":0},"geometry":{"type":"LineString","coordinates":[[-74.0682484257594,39.9867321103554],[-74.0685384253657,39.9867611103576]]}},{"type":"Feature","id":54583,"properties":{"OBJECTID":54583,"PRIMENAME":"Unnamed Segment","ELEVTYP_F":0,"ELEVTYP_T":0},"geometry":{"type":"LineString","coordinates":[[-74.0686744757365,39.982229671651],[-74.0719886875569,39.9825308051424]]}},{"type":"Feature","id":54615,"properties":{"OBJECTID":54615,"PRIMENAME":"Washington Avenue","ELEVTYP_F":0,"ELEVTYP_T":0},"geometry":{"type":"LineString","coordinates":[[-74.0764774966757,39.9545113226181],[-74.0765637032826,39.9539816427233],[-74.076629172959,39.9535808916113]]}},{"type":"Feature","id":54662,"properties":{"OBJECTID":54662,"PRIMENAME":"Baltimore Avenue","ELEVTYP_F":0,"ELEVTYP_T":0},"geometry":{"type":"LineString","coordinates":[[-74.0725049214919,39.9684270205032],[-74.0726226577652,39.9676895266756]]}},{"type":"Feature","id":54793,"properties":{"OBJECTID":54793,"PRIMENAME":"Seaview Road","ELEVTYP_F":0,"ELEVTYP_T":0},"geometry":{"type":"LineString","coordinates":[[-74.0622334568227,39.9901874411242],[-74.0621822963535,39.9903976305298]]}},{"type":"Feature","id":54970,"properties":{"OBJECTID":54970,"PRIMENAME":"West Central Avenue","ELEVTYP_F":0,"ELEVTYP_T":0},"geometry":{"type":"LineString","coordinates":[[-74.0633275609732,40.0001031061804],[-74.0632853900458,40.0001891240886],[-74.0629449666715,40.0008972959215]]}},{"type":"Feature","id":54993,"properties":{"OBJECTID":54993,"PRIMENAME":"West Central Avenue","ELEVTYP_F":0,"ELEVTYP_T":0},"geometry":{"type":"LineString","coordinates":[[-74.0749126359118,39.9442621411608],[-74.0748009860542,39.9449437121394]]}},{"type":"Feature","id":55068,"properties":{"OBJECTID":55068,"PRIMENAME":"Washington Avenue","ELEVTYP_F":0,"ELEVTYP_T":0},"geometry":{"type":"LineString","coordinates":[[-74.0761173406795,39.9567242355626],[-74.0761460060242,39.9565478133222]]}},{"type":"Feature","id":55733,"properties":{"OBJECTID":55733,"PRIMENAME":"5th Avenue","ELEVTYP_F":0,"ELEVTYP_T":0},"geometry":{"type":"LineString","coordinates":[[-74.0735757609383,39.9562924013213],[-74.0744736481144,39.9563838001226]]}},{"type":"Feature","id":55794,"properties":{"OBJECTID":55794,"PRIMENAME":"Daytona Drive","ELEVTYP_F":0,"ELEVTYP_T":0},"geometry":{"type":"LineString","coordinates":[[-74.0699770125054,39.9983331365194],[-74.0703050636471,39.9976831544811]]}},{"type":"Feature","id":55869,"properties":{"OBJECTID":55869,"PRIMENAME":"Marine Road","ELEVTYP_F":0,"ELEVTYP_T":0},"geometry":{"type":"LineString","coordinates":[[-74.0702364246798,39.9869261106883],[-74.0701854269478,39.9872841114217]]}},{"type":"Feature","id":56089,"properties":{"OBJECTID":56089,"PRIMENAME":"5th Avenue","ELEVTYP_F":0,"ELEVTYP_T":0},"geometry":{"type":"LineString","coordinates":[[-74.0744736481144,39.9563838001226],[-74.0756740080001,39.9565060040722],[-74.0761460060242,39.9565478133222]]}},{"type":"Feature","id":56163,"properties":{"OBJECTID":56163,"PRIMENAME":"Barnegat Avenue","ELEVTYP_F":0,"ELEVTYP_T":0},"geometry":{"type":"LineString","coordinates":[[-74.0771367806661,39.9430571715109],[-74.0771211960588,39.9430163185991],[-74.0771208179187,39.9429617933577],[-74.0771688831337,39.9427150494354],[-74.0772317673325,39.9423319408635]]}},{"type":"Feature","id":56436,"properties":{"OBJECTID":56436,"PRIMENAME":"Washington Avenue","ELEVTYP_F":0,"ELEVTYP_T":0},"geometry":{"type":"LineString","coordinates":[[-74.0770691845448,39.950350856381],[-74.0771164147116,39.9498082631701],[-74.0771251146102,39.9497083120882],[-74.0771402000655,39.9496740499221]]}},{"type":"Feature","id":56859,"properties":{"OBJECTID":56859,"PRIMENAME":"Marathon Court","ELEVTYP_F":0,"ELEVTYP_T":0},"geometry":{"type":"LineString","coordinates":[[-74.0727366379317,39.9982299050109],[-74.0724594401571,39.99807261661],[-74.0717558978772,39.9976572544501]]}},{"type":"Feature","id":56916,"properties":{"OBJECTID":56916,"PRIMENAME":"Bayside Court","ELEVTYP_F":0,"ELEVTYP_T":0},"geometry":{"type":"LineString","coordinates":[[-74.0653163662861,40.0016139939312],[-74.0656440987614,40.000948937537],[-74.0657356729318,40.0007631057752]]}},{"type":"Feature","id":57986,"properties":{"OBJECTID":57986,"PRIMENAME":"President Avenue","ELEVTYP_F":0,"ELEVTYP_T":0},"geometry":{"type":"LineString","coordinates":[[-74.0713303615893,39.9744066292609],[-74.0711702335639,39.9743919255687]]}},{"type":"Feature","id":58056,"properties":{"OBJECTID":58056,"PRIMENAME":"West Pompano Way","ELEVTYP_F":0,"ELEVTYP_T":0},"geometry":{"type":"LineString","coordinates":[[-74.0621242023219,39.9906233732396],[-74.06237433314,39.9906704827632]]}},{"type":"Feature","id":58357,"properties":{"OBJECTID":58357,"PRIMENAME":"East Marlin Way","ELEVTYP_F":0,"ELEVTYP_T":0},"geometry":{"type":"LineString","coordinates":[[-74.0622327758151,39.9913442615357],[-74.0636522195683,39.9915775045398],[-74.064097981574,39.9916416233431]]}},{"type":"Feature","id":58660,"properties":{"OBJECTID":58660,"PRIMENAME":"Bay Boulevard","ELEVTYP_F":0,"ELEVTYP_T":0},"geometry":{"type":"LineString","coordinates":[[-74.0778267170528,39.9574375999396],[-74.0778649189386,39.9572064685143],[-74.0779169525473,39.9568826302489],[-74.0779851226662,39.9564583608811],[-74.0780526482126,39.9560380882592]]}},{"type":"Feature","id":60280,"properties":{"OBJECTID":60280,"PRIMENAME":"New Brunswick Avenue","ELEVTYP_F":0,"ELEVTYP_T":0},"geometry":{"type":"LineString","coordinates":[[-74.0744606013858,39.967852115631],[-74.0746040331024,39.9678467117872]]}},{"type":"Feature","id":60309,"properties":{"OBJECTID":60309,"PRIMENAME":"Eisenhower Avenue","ELEVTYP_F":0,"ELEVTYP_T":0},"geometry":{"type":"LineString","coordinates":[[-74.0721422696209,39.9508931372446],[-74.0717234256038,39.9508391025635]]}},{"type":"Feature","id":60773,"properties":{"OBJECTID":60773,"PRIMENAME":"Ortley Avenue","ELEVTYP_F":0,"ELEVTYP_T":0},"geometry":{"type":"LineString","coordinates":[[-74.0705947012623,39.9779883406897],[-74.0715206099148,39.9780832700484]]}},{"type":"Feature","id":61097,"properties":{"OBJECTID":61097,"PRIMENAME":"Barnegat Avenue","ELEVTYP_F":0,"ELEVTYP_T":0},"geometry":{"type":"LineString","coordinates":[[-74.0765858474236,39.9478911525114],[-74.0765661203965,39.9480071005202],[-74.0764620700696,39.9486030443517]]}},{"type":"Feature","id":61164,"properties":{"OBJECTID":61164,"PRIMENAME":"Plainfield Avenue","ELEVTYP_F":0,"ELEVTYP_T":0},"geometry":{"type":"LineString","coordinates":[[-74.0663390027698,39.9827690628151],[-74.0639687466653,39.9825342541692]]}},{"type":"Feature","id":61575,"properties":{"OBJECTID":61575,"PRIMENAME":"East Bay Way","ELEVTYP_F":0,"ELEVTYP_T":0},"geometry":{"type":"LineString","coordinates":[[-74.06365326936,39.9933377677558],[-74.0630260713194,39.9932078008285],[-74.0614218374926,39.9928778168386]]}},{"type":"Feature","id":61706,"properties":{"OBJECTID":61706,"PRIMENAME":"Coral Gables Drive","ELEVTYP_F":0,"ELEVTYP_T":0},"geometry":{"type":"LineString","coordinates":[[-74.0715445009991,39.9964532377937],[-74.0715609926659,39.9964931063717],[-74.0715670791895,39.9965245364982],[-74.0715636819097,39.9965655664222],[-74.0715477490515,39.99660174654],[-74.0709003523385,39.9979068003264]]}},{"type":"Feature","id":62257,"properties":{"OBJECTID":62257,"PRIMENAME":"Harbor Drive","ELEVTYP_F":0,"ELEVTYP_T":0},"geometry":{"type":"LineString","coordinates":[[-74.068483425664,39.9870931118267],[-74.0687614259748,39.9871221116342]]}},{"type":"Feature","id":63135,"properties":{"OBJECTID":63135,"PRIMENAME":"Hayes Court","ELEVTYP_F":0,"ELEVTYP_T":0},"geometry":{"type":"LineString","coordinates":[[-74.0639133272923,39.9985070752222],[-74.0640863532895,39.998556484027]]}},{"type":"Feature","id":63335,"properties":{"OBJECTID":63335,"PRIMENAME":"Biscayne Court","ELEVTYP_F":0,"ELEVTYP_T":0},"geometry":{"type":"LineString","coordinates":[[-74.0715408849354,39.9980885519094],[-74.0709003523385,39.9979068003264]]}},{"type":"Feature","id":63400,"properties":{"OBJECTID":63400,"PRIMENAME":"Seacrest Drive","ELEVTYP_F":0,"ELEVTYP_T":0},"geometry":{"type":"LineString","coordinates":[[-74.0631394222046,39.9870511116316],[-74.0630594232877,39.987363110607],[-74.0630594241844,39.987520111132],[-74.063072637229,39.9875763326617],[-74.0630764233162,39.987592439874],[-74.0632029012285,39.987642880617]]}},{"type":"Feature","id":63423,"properties":{"OBJECTID":63423,"PRIMENAME":"6th Avenue","ELEVTYP_F":0,"ELEVTYP_T":0},"geometry":{"type":"LineString","coordinates":[[-74.0724287228202,39.9554970140055],[-74.0728846845425,39.9555405067502]]}},{"type":"Feature","id":64131,"properties":{"OBJECTID":64131,"PRIMENAME":"Harbor Court","ELEVTYP_F":0,"ELEVTYP_T":0},"geometry":{"type":"LineString","coordinates":[[-74.0682682078704,40.0024819899851],[-74.0683052692244,40.0025035693258],[-74.0683515521456,40.0025347097592],[-74.0683979251739,40.0025515464094],[-74.0684474790089,40.0025565082777],[-74.0684846703756,40.0025518694155],[-74.0685003526204,40.0025416552597],[-74.0685064643975,40.0025376752801],[-74.0685220916234,40.0025162921712],[-74.0685253473938,40.0024925022546],[-74.0685130952307,40.0024709604084],[-74.0684852852848,40.0024541920196],[-74.0684326618777,40.0024492196382],[-74.0683799121152,40.0024585490614],[-74.0682682078704,40.0024819899851]]}},{"type":"Feature","id":64151,"properties":{"OBJECTID":64151,"PRIMENAME":"Fielder Avenue","ELEVTYP_F":0,"ELEVTYP_T":0},"geometry":{"type":"LineString","coordinates":[[-74.0782719129454,39.9537419926615],[-74.0784210410501,39.9537568662963]]}},{"type":"Feature","id":64175,"properties":{"OBJECTID":64175,"PRIMENAME":"8th Avenue","ELEVTYP_F":0,"ELEVTYP_T":0},"geometry":{"type":"LineString","coordinates":[[-74.0716314208617,39.9540322121134],[-74.0719490051709,39.9540629249326],[-74.0730966165933,39.9541701080191]]}},{"type":"Feature","id":64774,"properties":{"OBJECTID":64774,"PRIMENAME":"East Kingfisher Way","ELEVTYP_F":0,"ELEVTYP_T":0},"geometry":{"type":"LineString","coordinates":[[-74.0616095562699,39.9924373608893],[-74.0618880064808,39.992494177399]]}},{"type":"Feature","id":64783,"properties":{"OBJECTID":64783,"PRIMENAME":"Carmel Drive","ELEVTYP_F":0,"ELEVTYP_T":0},"geometry":{"type":"LineString","coordinates":[[-74.0659290772284,39.9843559686936],[-74.0663075820046,39.9843917421393],[-74.0663123879825,39.9843921951633]]}},{"type":"Feature","id":65658,"properties":{"OBJECTID":65658,"PRIMENAME":"Bay Lane","ELEVTYP_F":0,"ELEVTYP_T":0},"geometry":{"type":"LineString","coordinates":[[-74.0653400786905,39.995290071382],[-74.0654280810711,39.9950905940858]]}},{"type":"Feature","id":65673,"properties":{"OBJECTID":65673,"PRIMENAME":"Newark Avenue","ELEVTYP_F":0,"ELEVTYP_T":0},"geometry":{"type":"LineString","coordinates":[[-74.0833680635875,39.963347934048],[-74.0818739312619,39.962893710125],[-74.081657626112,39.9628279497005]]}},{"type":"Feature","id":65745,"properties":{"OBJECTID":65745,"PRIMENAME":"4th Avenue","ELEVTYP_F":0,"ELEVTYP_T":0},"geometry":{"type":"LineString","coordinates":[[-74.0793978825473,39.9581379160146],[-74.0793542783035,39.9581299918637],[-74.0790766940518,39.957943094401],[-74.0790136729301,39.9579171412164],[-74.078939521409,39.9578911205506],[-74.0788355642145,39.957873584355],[-74.078595134837,39.9578368640867],[-74.0783752182654,39.9578032767444],[-74.0783269670154,39.9577887979356],[-74.0783047938112,39.9577686755304],[-74.0782938574656,39.9577372017863],[-74.0783133743422,39.9575857279139],[-74.0783136028248,39.9575485284205],[-74.0783025939874,39.9575227640285],[-74.0782767280593,39.9574998008483],[-74.0782284782451,39.9574910325203],[-74.0781853996967,39.9574850742962]]}},{"type":"Feature","id":66646,"properties":{"OBJECTID":66646,"PRIMENAME":"Harding Avenue","ELEVTYP_F":0,"ELEVTYP_T":0},"geometry":{"type":"LineString","coordinates":[[-74.0784495610736,39.9522084108076],[-74.0783871762346,39.9521958027455],[-74.0782919650339,39.9521846397873]]}},{"type":"Feature","id":66770,"properties":{"OBJECTID":66770,"PRIMENAME":"Normandy Way","ELEVTYP_F":0,"ELEVTYP_T":0},"geometry":{"type":"LineString","coordinates":[[-74.063728800867,39.9988848285153],[-74.0626246967512,39.9985518006106],[-74.0619381076769,39.9983466280494]]}},{"type":"Feature","id":66952,"properties":{"OBJECTID":66952,"PRIMENAME":"East Albacore Way","ELEVTYP_F":0,"ELEVTYP_T":0},"geometry":{"type":"LineString","coordinates":[[-74.0627714243682,39.9890731100688],[-74.0642141289268,39.9892726286088],[-74.0646777420914,39.9893367402433]]}},{"type":"Feature","id":67233,"properties":{"OBJECTID":67233,"PRIMENAME":"Tarpon Drive","ELEVTYP_F":0,"ELEVTYP_T":0},"geometry":{"type":"LineString","coordinates":[[-74.0729506279289,39.949275263955],[-74.0739168185047,39.9493571449661]]}},{"type":"Feature","id":67582,"properties":{"OBJECTID":67582,"PRIMENAME":"Santa Barbara Drive","ELEVTYP_F":0,"ELEVTYP_T":0},"geometry":{"type":"LineString","coordinates":[[-74.0663754259489,39.9841361102115],[-74.0663123879825,39.9843921951633]]}},{"type":"Feature","id":67677,"properties":{"OBJECTID":67677,"PRIMENAME":"8th Avenue","ELEVTYP_F":0,"ELEVTYP_T":0},"geometry":{"type":"LineString","coordinates":[[-74.0686708973976,39.9537459836337],[-74.0716314208617,39.9540322121134]]}},{"type":"Feature","id":67797,"properties":{"OBJECTID":67797,"PRIMENAME":"Nichols Avenue","ELEVTYP_F":0,"ELEVTYP_T":0},"geometry":{"type":"LineString","coordinates":[[-74.0704544409336,39.9567099812135],[-74.0702910793453,39.9577258783092]]}},{"type":"Feature","id":68189,"properties":{"OBJECTID":68189,"PRIMENAME":"Haddonfield Avenue","ELEVTYP_F":0,"ELEVTYP_T":0},"geometry":{"type":"LineString","coordinates":[[-74.0646469115269,39.9790608149395],[-74.066968750324,39.9792925726537],[-74.067357414172,39.9793310593183]]}},{"type":"Feature","id":68263,"properties":{"OBJECTID":68263,"PRIMENAME":"Melody Lane","ELEVTYP_F":0,"ELEVTYP_T":0},"geometry":{"type":"LineString","coordinates":[[-74.0714571631192,39.9882014830444],[-74.0716333950299,39.9880807947682]]}},{"type":"Feature","id":68795,"properties":{"OBJECTID":68795,"PRIMENAME":"Bay Boulevard","ELEVTYP_F":0,"ELEVTYP_T":0},"geometry":{"type":"LineString","coordinates":[[-74.0762492595417,39.9642384812067],[-74.0763108826151,39.9642028797518],[-74.0764302897833,39.9641232338586],[-74.0765498200336,39.9640292840928],[-74.0766508151205,39.9639209911388],[-74.0767332748778,39.9638097751641],[-74.0768084723584,39.9636670428436],[-74.0768574139331,39.963564270176],[-74.0768580315942,39.9635624331777]]}},{"type":"Feature","id":69155,"properties":{"OBJECTID":69155,"PRIMENAME":"Sherman Avenue","ELEVTYP_F":0,"ELEVTYP_T":0},"geometry":{"type":"LineString","coordinates":[[-74.0789799995461,39.943964200596],[-74.0788538733559,39.9439526961504],[-74.0778652937856,39.9438625215564],[-74.0778373114384,39.9438597571569]]}},{"type":"Feature","id":69309,"properties":{"OBJECTID":69309,"PRIMENAME":"Sailfish Way","ELEVTYP_F":0,"ELEVTYP_T":0},"geometry":{"type":"LineString","coordinates":[[-74.0674601301562,39.9894930733008],[-74.0676174252871,39.9895181125875],[-74.0676246991345,39.989519268308]]}},{"type":"Feature","id":69310,"properties":{"OBJECTID":69310,"PRIMENAME":"Dolphin Drive","ELEVTYP_F":0,"ELEVTYP_T":0},"geometry":{"type":"LineString","coordinates":[[-74.0728664247969,39.9496231029803],[-74.0738214215888,39.9497308183465]]}},{"type":"Feature","id":69603,"properties":{"OBJECTID":69603,"PRIMENAME":"Newark Avenue","ELEVTYP_F":0,"ELEVTYP_T":0},"geometry":{"type":"LineString","coordinates":[[-74.0770355458775,39.9620660280561],[-74.0768776264834,39.9620506818984]]}},{"type":"Feature","id":69653,"properties":{"OBJECTID":69653,"PRIMENAME":"Baltimore Avenue","ELEVTYP_F":0,"ELEVTYP_T":0},"geometry":{"type":"LineString","coordinates":[[-74.073861733623,39.9601186958164],[-74.0739144985385,39.9597911467943],[-74.0739424299802,39.9596192521863]]}},{"type":"Feature","id":69740,"properties":{"OBJECTID":69740,"PRIMENAME":"Gull Lane","ELEVTYP_F":0,"ELEVTYP_T":0},"geometry":{"type":"LineString","coordinates":[[-74.0687974265742,39.9867861095662],[-74.0691064245586,39.9868161110563]]}},{"type":"Feature","id":71091,"properties":{"OBJECTID":71091,"PRIMENAME":"3rd Avenue","ELEVTYP_F":0,"ELEVTYP_T":0},"geometry":{"type":"LineString","coordinates":[[-74.0732823305802,39.9580102573893],[-74.073823056244,39.9580620747635],[-74.0741916691301,39.9580995856604]]}},{"type":"Feature","id":71227,"properties":{"OBJECTID":71227,"PRIMENAME":"Fielder Avenue","ELEVTYP_F":0,"ELEVTYP_T":0},"geometry":{"type":"LineString","coordinates":[[-74.0774650252484,39.9536614428859],[-74.0782719129454,39.9537419926615]]}},{"type":"Feature","id":71639,"properties":{"OBJECTID":71639,"PRIMENAME":"East Pennsylvania Avenue","ELEVTYP_F":0,"ELEVTYP_T":0},"geometry":{"type":"LineString","coordinates":[[-74.0730966165933,39.9541701080191],[-74.0732307900291,39.9533446725836],[-74.0732509161045,39.9532208581003]]}},{"type":"Feature","id":71645,"properties":{"OBJECTID":71645,"PRIMENAME":"Eisenhower Avenue","ELEVTYP_F":0,"ELEVTYP_T":0},"geometry":{"type":"LineString","coordinates":[[-74.0816918968751,39.951822542374],[-74.0808507640432,39.9517450216776],[-74.0783750831529,39.9514987345512]]}},{"type":"Feature","id":71693,"properties":{"OBJECTID":71693,"PRIMENAME":"Dickman Drive","ELEVTYP_F":0,"ELEVTYP_T":0},"geometry":{"type":"LineString","coordinates":[[-74.0811739465591,39.9650964078568],[-74.0811631697537,39.9651435076477],[-74.0811216706572,39.9652377432418],[-74.0810632214427,39.9653266466021],[-74.0809775005526,39.9654233587017],[-74.080912429369,39.965480776202],[-74.0808268610056,39.9655407550314],[-74.0807037865465,39.9656137215061],[-74.0805533702559,39.9656944404209],[-74.0802115273727,39.9658871630784],[-74.0799208997994,39.9660539082658],[-74.0796885812535,39.966160574147],[-74.0794836803146,39.9662410941008],[-74.0793266272405,39.9662981778957],[-74.0792683445172,39.9663185287129]]}},{"type":"Feature","id":72229,"properties":{"OBJECTID":72229,"PRIMENAME":"1st Avenue","ELEVTYP_F":0,"ELEVTYP_T":0},"geometry":{"type":"LineString","coordinates":[[-74.0721501213616,39.9599548074061],[-74.0707963462089,39.9598253824307],[-74.0707368752279,39.9598308997687],[-74.0706736054197,39.9598449417568],[-74.0706718552337,39.9598451820702]]}},{"type":"Feature","id":72821,"properties":{"OBJECTID":72821,"PRIMENAME":"Newark Avenue","ELEVTYP_F":0,"ELEVTYP_T":0},"geometry":{"type":"LineString","coordinates":[[-74.073601230392,39.961732100853],[-74.0725816995257,39.9616329447662],[-74.0720691244147,39.9615822135895]]}},{"type":"Feature","id":73053,"properties":{"OBJECTID":73053,"PRIMENAME":"Richmond Avenue","ELEVTYP_F":0,"ELEVTYP_T":0},"geometry":{"type":"LineString","coordinates":[[-74.0773132459955,39.9545929185418],[-74.0774650252484,39.9536614428859]]}},{"type":"Feature","id":73266,"properties":{"OBJECTID":73266,"PRIMENAME":"San Fernando Drive","ELEVTYP_F":0,"ELEVTYP_T":0},"geometry":{"type":"LineString","coordinates":[[-74.0693812560612,39.9852305319523],[-74.0681990167043,39.9851224965046]]}},{"type":"Feature","id":73495,"properties":{"OBJECTID":73495,"PRIMENAME":"Seaview Road","ELEVTYP_F":0,"ELEVTYP_T":0},"geometry":{"type":"LineString","coordinates":[[-74.0623415463022,39.9897310881435],[-74.0622927370035,39.9899570047328]]}},{"type":"Feature","id":73517,"properties":{"OBJECTID":73517,"PRIMENAME":"West Cove Way","ELEVTYP_F":0,"ELEVTYP_T":0},"geometry":{"type":"LineString","coordinates":[[-74.0659294244301,39.9866541116693],[-74.0660771118326,39.9866451324652],[-74.0661996104915,39.9866559158058],[-74.0677673113302,39.9867938981971],[-74.067905424511,39.9867841108552],[-74.067925419746,39.9867844141732]]}},{"type":"Feature","id":73738,"properties":{"OBJECTID":73738,"PRIMENAME":"Railway Avenue West","ELEVTYP_F":0,"ELEVTYP_T":0},"geometry":{"type":"LineString","coordinates":[[-74.0726028875467,39.9595134830552],[-74.0725140811328,39.9599904942343]]}},{"type":"Feature","id":74197,"properties":{"OBJECTID":74197,"PRIMENAME":"8th Avenue","ELEVTYP_F":0,"ELEVTYP_T":0},"geometry":{"type":"LineString","coordinates":[[-74.0734751826297,39.9542097997317],[-74.0748150012062,39.9543408715639]]}},{"type":"Feature","id":74537,"properties":{"OBJECTID":74537,"PRIMENAME":"Melody Lane","ELEVTYP_F":0,"ELEVTYP_T":0},"geometry":{"type":"LineString","coordinates":[[-74.067741103634,39.9879232562738],[-74.068121009122,39.9880059621986],[-74.0685938414267,39.9881020262091],[-74.0690371595149,39.9881979785565],[-74.0692608592081,39.988250834956],[-74.0693959603956,39.9882773358657],[-74.0695606690543,39.9883007067283],[-74.0696916207812,39.9883174723493],[-74.0709210004758,39.9884358253015],[-74.0709970720131,39.9884393467312],[-74.0710435958192,39.9884362790731],[-74.0710943721484,39.9884267213223],[-74.0711536886438,39.9884041817251],[-74.0712130864633,39.988368628976],[-74.0714571631192,39.9882014830444]]}},{"type":"Feature","id":75247,"properties":{"OBJECTID":75247,"PRIMENAME":"7th Avenue","ELEVTYP_F":0,"ELEVTYP_T":0},"geometry":{"type":"LineString","coordinates":[[-74.0781617308934,39.9553601575762],[-74.0780082116593,39.9553452676227]]}},{"type":"Feature","id":75684,"properties":{"OBJECTID":75684,"PRIMENAME":"Carmel Drive","ELEVTYP_F":0,"ELEVTYP_T":0},"geometry":{"type":"LineString","coordinates":[[-74.0682873083241,39.9845787770347],[-74.0686876782149,39.9846166435333],[-74.0693424313838,39.9846841155055],[-74.0693972886829,39.9847005716877],[-74.0694393592349,39.9847299937768]]}},{"type":"Feature","id":76063,"properties":{"OBJECTID":76063,"PRIMENAME":"Seaview Road","ELEVTYP_F":0,"ELEVTYP_T":0},"geometry":{"type":"LineString","coordinates":[[-74.0619473893774,39.9913035828204],[-74.0619084224422,39.9914501120514],[-74.0618863306327,39.9915334340015]]}},{"type":"Feature","id":76445,"properties":{"OBJECTID":76445,"PRIMENAME":"Railway Avenue West","ELEVTYP_F":0,"ELEVTYP_T":0},"geometry":{"type":"LineString","coordinates":[[-74.0732823305802,39.9580102573893],[-74.0733619711197,39.9575084484307]]}},{"type":"Feature","id":76621,"properties":{"OBJECTID":76621,"PRIMENAME":"Saint Lawrence Avenue","ELEVTYP_F":0,"ELEVTYP_T":0},"geometry":{"type":"LineString","coordinates":[[-74.0894371215105,39.9443927283823],[-74.0895927967774,39.9444310834524],[-74.0905341759932,39.9446656002262],[-74.0906832360948,39.9447129907578]]}},{"type":"Feature","id":77592,"properties":{"OBJECTID":77592,"PRIMENAME":"Prince Edward Avenue","ELEVTYP_F":0,"ELEVTYP_T":0},"geometry":{"type":"LineString","coordinates":[[-74.0874603269875,39.9423560486152],[-74.0876866665802,39.9418158203594]]}},{"type":"Feature","id":77716,"properties":{"OBJECTID":77716,"PRIMENAME":"Sheridan Avenue","ELEVTYP_F":0,"ELEVTYP_T":0},"geometry":{"type":"LineString","coordinates":[[-74.0777816475766,39.9445422212905],[-74.0788637775762,39.9446474892557]]}},{"type":"Feature","id":77760,"properties":{"OBJECTID":77760,"PRIMENAME":"Ocean Road","ELEVTYP_F":0,"ELEVTYP_T":0},"geometry":{"type":"LineString","coordinates":[[-74.0633294230092,39.9852561118747],[-74.0633564244051,39.9850861104137],[-74.0633774248494,39.9850511105539]]}},{"type":"Feature","id":77782,"properties":{"OBJECTID":77782,"PRIMENAME":"Beier Avenue","ELEVTYP_F":0,"ELEVTYP_T":0},"geometry":{"type":"LineString","coordinates":[[-74.0696077088337,39.9576604474448],[-74.0697688755765,39.9566375959764]]}},{"type":"Feature","id":78145,"properties":{"OBJECTID":78145,"PRIMENAME":"Beach Way","ELEVTYP_F":0,"ELEVTYP_T":0},"geometry":{"type":"LineString","coordinates":[[-74.0614760949808,39.9927150401706],[-74.0614859593072,39.9926854451439],[-74.0614982913239,39.9926715452586],[-74.0615178473984,39.9926666221229],[-74.0615503199566,39.9926734165006],[-74.0624449134131,39.9928553001091],[-74.0637241209532,39.9931189276803]]}},{"type":"Feature","id":78533,"properties":{"OBJECTID":78533,"PRIMENAME":"Hancock Avenue","ELEVTYP_F":0,"ELEVTYP_T":0},"geometry":{"type":"LineString","coordinates":[[-74.0731459493445,39.9447818303894],[-74.0724024249492,39.9447107299347],[-74.0706174154965,39.9445446532507]]}},{"type":"Feature","id":78612,"properties":{"OBJECTID":78612,"PRIMENAME":"Sunset Drive North","ELEVTYP_F":0,"ELEVTYP_T":0},"geometry":{"type":"LineString","coordinates":[[-74.087611841019,39.9435820642889],[-74.0877587398281,39.9437012504739],[-74.0882594261086,39.9441086053087]]}},{"type":"Feature","id":79280,"properties":{"OBJECTID":79280,"PRIMENAME":"Bay Boulevard","ELEVTYP_F":0,"ELEVTYP_T":0},"geometry":{"type":"LineString","coordinates":[[-74.0774945523325,39.9594543789753],[-74.0775782598558,39.9589422049157],[-74.0775814135605,39.9589229114422],[-74.0776255988987,39.9586526579058],[-74.0776604280868,39.9584422144802]]}},{"type":"Feature","id":79281,"properties":{"OBJECTID":79281,"PRIMENAME":"5th Avenue","ELEVTYP_F":0,"ELEVTYP_T":0},"geometry":{"type":"LineString","coordinates":[[-74.0626367480137,40.0015306396035],[-74.0624348980804,40.001499487013]]}},{"type":"Feature","id":79282,"properties":{"OBJECTID":79282,"PRIMENAME":"Lake Court","ELEVTYP_F":0,"ELEVTYP_T":0},"geometry":{"type":"LineString","coordinates":[[-74.0630132539617,40.003047715159],[-74.0626599774733,40.0037812867344]]}},{"type":"Feature","id":79453,"properties":{"OBJECTID":79453,"PRIMENAME":"Baltimore Avenue","ELEVTYP_F":0,"ELEVTYP_T":0},"geometry":{"type":"LineString","coordinates":[[-74.0737556306138,39.9607770675124],[-74.0738021127861,39.9604886476242],[-74.073861733623,39.9601186958164]]}},{"type":"Feature","id":79638,"properties":{"OBJECTID":79638,"PRIMENAME":"Sampson Avenue","ELEVTYP_F":0,"ELEVTYP_T":0},"geometry":{"type":"LineString","coordinates":[[-74.0765858474236,39.9478911525114],[-74.0762396325491,39.9478569430611],[-74.0747084450118,39.9477056386056],[-74.074349152316,39.9476698659405]]}},{"type":"Feature","id":79723,"properties":{"OBJECTID":79723,"PRIMENAME":"Sunset Drive North","ELEVTYP_F":0,"ELEVTYP_T":0},"geometry":{"type":"LineString","coordinates":[[-74.0856782800356,39.9420281540905],[-74.0857943935137,39.9421226450506],[-74.0860644047453,39.9423423705207],[-74.086150414197,39.9424108364661],[-74.0862199168883,39.9424661659568],[-74.0863279688949,39.9425521798014]]}},{"type":"Feature","id":80629,"properties":{"OBJECTID":80629,"PRIMENAME":"Norman Court","ELEVTYP_F":0,"ELEVTYP_T":0},"geometry":{"type":"LineString","coordinates":[[-74.0633275609732,40.0001031061804],[-74.0652250726823,40.0006539579788]]}},{"type":"Feature","id":80661,"properties":{"OBJECTID":80661,"PRIMENAME":"East Central Avenue","ELEVTYP_F":0,"ELEVTYP_T":0},"geometry":{"type":"LineString","coordinates":[[-74.0733368911366,39.952692057867],[-74.0734216875892,39.9522033628414]]}},{"type":"Feature","id":80880,"properties":{"OBJECTID":80880,"PRIMENAME":"Ocean Road","ELEVTYP_F":0,"ELEVTYP_T":0},"geometry":{"type":"LineString","coordinates":[[-74.0612795852966,39.9933042088887],[-74.0613499295947,39.9930933567219]]}},{"type":"Feature","id":80914,"properties":{"OBJECTID":80914,"PRIMENAME":"West Central Avenue","ELEVTYP_F":0,"ELEVTYP_T":0},"geometry":{"type":"LineString","coordinates":[[-74.0748009860542,39.9449437121394],[-74.0746893327515,39.9456252829144]]}},{"type":"Feature","id":80951,"properties":{"OBJECTID":80951,"PRIMENAME":"Sheridan Avenue","ELEVTYP_F":0,"ELEVTYP_T":0},"geometry":{"type":"LineString","coordinates":[[-74.0732578156378,39.9441026775241],[-74.0746306736054,39.9442345863727],[-74.0749126359118,39.9442621411608]]}},{"type":"Feature","id":81866,"properties":{"OBJECTID":81866,"PRIMENAME":"White Avenue","ELEVTYP_F":0,"ELEVTYP_T":0},"geometry":{"type":"LineString","coordinates":[[-74.0715126384836,39.9782397261792],[-74.0715206099148,39.9780832700484]]}},{"type":"Feature","id":83405,"properties":{"OBJECTID":83405,"PRIMENAME":"Harding Avenue","ELEVTYP_F":0,"ELEVTYP_T":0},"geometry":{"type":"LineString","coordinates":[[-74.0734950791574,39.9516899723319],[-74.0730138655873,39.9516327711151],[-74.0720377916284,39.9515220754953]]}},{"type":"Feature","id":83417,"properties":{"OBJECTID":83417,"PRIMENAME":"East Beach Way","ELEVTYP_F":0,"ELEVTYP_T":0},"geometry":{"type":"LineString","coordinates":[[-74.0643277805765,39.9810495452463],[-74.0643580466019,39.9808762410853]]}},{"type":"Feature","id":83560,"properties":{"OBJECTID":83560,"PRIMENAME":"Bay Boulevard","ELEVTYP_F":0,"ELEVTYP_T":0},"geometry":{"type":"LineString","coordinates":[[-74.0780526482126,39.9560380882592],[-74.0781353664031,39.9555230546228],[-74.0781617308934,39.9553601575762]]}},{"type":"Feature","id":83653,"properties":{"OBJECTID":83653,"PRIMENAME":"Barnegat Avenue","ELEVTYP_F":0,"ELEVTYP_T":0},"geometry":{"type":"LineString","coordinates":[[-74.0771367806661,39.9430571715109],[-74.0771717193081,39.9431118498191],[-74.0772006898056,39.9431798765606],[-74.0772035877651,39.943213243294],[-74.0771985984317,39.9432704114717],[-74.077145558541,39.9435895609967],[-74.0771124503178,39.9437879865529]]}},{"type":"Feature","id":83958,"properties":{"OBJECTID":83958,"PRIMENAME":"1st Avenue","ELEVTYP_F":0,"ELEVTYP_T":0},"geometry":{"type":"LineString","coordinates":[[-74.061101401578,39.9984790557284],[-74.0601812930426,39.9983351972696]]}},{"type":"Feature","id":83993,"properties":{"OBJECTID":83993,"PRIMENAME":"Bay Boulevard","ELEVTYP_F":0,"ELEVTYP_T":0},"geometry":{"type":"LineString","coordinates":[[-74.0769105842846,39.9627812910529],[-74.0769115914282,39.9626178903294],[-74.0769272605141,39.962483534317],[-74.0769540795636,39.9623520733444],[-74.0770355458775,39.9620660280561]]}},{"type":"Feature","id":84445,"properties":{"OBJECTID":84445,"PRIMENAME":"Vance Avenue","ELEVTYP_F":0,"ELEVTYP_T":0},"geometry":{"type":"LineString","coordinates":[[-74.0685751978699,39.9726129339616],[-74.070229998233,39.9727754297989]]}},{"type":"Feature","id":84751,"properties":{"OBJECTID":84751,"PRIMENAME":"East Sandpiper Way","ELEVTYP_F":0,"ELEVTYP_T":0},"geometry":{"type":"LineString","coordinates":[[-74.062280569896,39.9911146780186],[-74.0625024241654,39.9911601123437],[-74.0637137025804,39.9913253227915],[-74.0641630362245,39.9913866040517]]}},{"type":"Feature","id":84821,"properties":{"OBJECTID":84821,"PRIMENAME":"Ocean Road","ELEVTYP_F":0,"ELEVTYP_T":0},"geometry":{"type":"LineString","coordinates":[[-74.0612083303257,39.9935178578533],[-74.0612795852966,39.9933042088887]]}},{"type":"Feature","id":85401,"properties":{"OBJECTID":85401,"PRIMENAME":"Newark Avenue","ELEVTYP_F":0,"ELEVTYP_T":0},"geometry":{"type":"LineString","coordinates":[[-74.0785230003151,39.9622227156214],[-74.0783637570378,39.962207833243]]}},{"type":"Feature","id":85524,"properties":{"OBJECTID":85524,"PRIMENAME":"Brinley Avenue","ELEVTYP_F":0,"ELEVTYP_T":0},"geometry":{"type":"LineString","coordinates":[[-74.0769995824953,39.9614235344242],[-74.0758663034761,39.9613086728066],[-74.0756769165101,39.9612879659376],[-74.075539579615,39.9612560283241],[-74.0754801082236,39.9612385700323],[-74.0754445601826,39.9612234493044],[-74.0754098767936,39.9612011953928],[-74.0753974497201,39.9611858575918],[-74.0753915020396,39.9611668100714]]}},{"type":"Feature","id":85681,"properties":{"OBJECTID":85681,"PRIMENAME":"East Flamingo Way","ELEVTYP_F":0,"ELEVTYP_T":0},"geometry":{"type":"LineString","coordinates":[[-74.0620260014821,39.9920671901934],[-74.0619550150037,39.9922881409109]]}},{"type":"Feature","id":85695,"properties":{"OBJECTID":85695,"PRIMENAME":"1st Avenue","ELEVTYP_F":0,"ELEVTYP_T":0},"geometry":{"type":"LineString","coordinates":[[-74.0771707537139,39.9604397492303],[-74.0757508544277,39.9603040466817],[-74.0755252323727,39.9602818072474]]}},{"type":"Feature","id":86179,"properties":{"OBJECTID":86179,"PRIMENAME":"Gull Lane","ELEVTYP_F":0,"ELEVTYP_T":0},"geometry":{"type":"LineString","coordinates":[[-74.0685384253657,39.9867611103576],[-74.0687974265742,39.9867861095662]]}},{"type":"Feature","id":86201,"properties":{"OBJECTID":86201,"PRIMENAME":"Helm Road","ELEVTYP_F":0,"ELEVTYP_T":0},"geometry":{"type":"LineString","coordinates":[[-74.0693344251715,39.9871871105613],[-74.0693184261234,39.9873261104684],[-74.0692964247829,39.9875311108349]]}},{"type":"Feature","id":86261,"properties":{"OBJECTID":86261,"PRIMENAME":"Mariners Road","ELEVTYP_F":0,"ELEVTYP_T":0},"geometry":{"type":"LineString","coordinates":[[-74.0826320272333,39.9572690555468],[-74.0821904617849,39.9574892087097]]}},{"type":"Feature","id":86328,"properties":{"OBJECTID":86328,"PRIMENAME":"Seaview Road","ELEVTYP_F":0,"ELEVTYP_T":0},"geometry":{"type":"LineString","coordinates":[[-74.0621242023219,39.9906233732396],[-74.0620638413471,39.9908591223061]]}},{"type":"Feature","id":86584,"properties":{"OBJECTID":86584,"PRIMENAME":"Coronado Road","ELEVTYP_F":0,"ELEVTYP_T":0},"geometry":{"type":"LineString","coordinates":[[-74.0634514231857,39.984604109439],[-74.0652724227492,39.9847541111264]]}},{"type":"Feature","id":86833,"properties":{"OBJECTID":86833,"PRIMENAME":"State Highway 35","ELEVTYP_F":0,"ELEVTYP_T":0},"geometry":{"type":"LineString","coordinates":[[-74.0787647729014,39.9477632206565],[-74.0788132963656,39.9476390587876],[-74.0788697486073,39.9474608144012],[-74.0789113979253,39.9472476486757],[-74.0789531540891,39.9470110935716],[-74.0790105091168,39.9466970661168],[-74.0790737969099,39.9462472450643],[-74.0791575559479,39.9457393517401],[-74.0792202235248,39.9453788079869],[-74.0792936853249,39.9449096141377],[-74.0793006250377,39.9448539625581],[-74.0793519163366,39.9444403379218],[-74.0794143315976,39.9441380224585],[-74.0794504853374,39.9439946247413],[-74.0794862703703,39.9439055027328],[-74.0795732261738,39.9437079031713],[-74.0796293409465,39.9435956010833],[-74.079685252953,39.9435104772952],[-74.0797463727273,39.9434137864631],[-74.0798835926899,39.9432318530211],[-74.0800459201808,39.9430501751873],[-74.0800774926331,39.9430197886412]]}},{"type":"Feature","id":86853,"properties":{"OBJECTID":86853,"PRIMENAME":"East Pelican Way","ELEVTYP_F":0,"ELEVTYP_T":0},"geometry":{"type":"LineString","coordinates":[[-74.0618863306327,39.9915334340015],[-74.0621817137234,39.991570631567]]}},{"type":"Feature","id":87189,"properties":{"OBJECTID":87189,"PRIMENAME":"Ocean Avenue","ELEVTYP_F":0,"ELEVTYP_T":0},"geometry":{"type":"LineString","coordinates":[[-74.0683614755162,39.9557939812461],[-74.0682730013564,39.95638085868],[-74.0682645740453,39.9564367525298],[-74.068271742594,39.9564768068851]]}},{"type":"Feature","id":87283,"properties":{"OBJECTID":87283,"PRIMENAME":"Brinley Avenue","ELEVTYP_F":0,"ELEVTYP_T":0},"geometry":{"type":"LineString","coordinates":[[-74.0737279678323,39.9609487072254],[-74.0721986812453,39.9608014405097]]}},{"type":"Feature","id":87407,"properties":{"OBJECTID":87407,"PRIMENAME":"Fort Avenue","ELEVTYP_F":0,"ELEVTYP_T":0},"geometry":{"type":"LineString","coordinates":[[-74.0767121026248,39.9530732165818],[-74.0761774864011,39.9530256629797],[-74.0748295734355,39.9528805756311],[-74.0739032046099,39.9527728999202],[-74.0737117997212,39.9527506503187]]}},{"type":"Feature","id":88034,"properties":{"OBJECTID":88034,"PRIMENAME":"Del Monte Road","ELEVTYP_F":0,"ELEVTYP_T":0},"geometry":{"type":"LineString","coordinates":[[-74.0682054196669,39.9841054147196],[-74.0682061578457,39.9841001240079],[-74.0665564250128,39.9839141114352]]}},{"type":"Feature","id":88085,"properties":{"OBJECTID":88085,"PRIMENAME":"Haag Avenue","ELEVTYP_F":0,"ELEVTYP_T":0},"geometry":{"type":"LineString","coordinates":[[-74.0754443216518,39.9607775177036],[-74.0770881318719,39.9609312545781]]}},{"type":"Feature","id":88333,"properties":{"OBJECTID":88333,"PRIMENAME":"9th Avenue","ELEVTYP_F":0,"ELEVTYP_T":0},"geometry":{"type":"LineString","coordinates":[[-74.0687662463143,39.953059581696],[-74.0717453337514,39.9533558147715]]}},{"type":"Feature","id":88889,"properties":{"OBJECTID":88889,"PRIMENAME":"Coolidge Avenue","ELEVTYP_F":0,"ELEVTYP_T":0},"geometry":{"type":"LineString","coordinates":[[-74.0783309664332,39.9527114547975],[-74.0783977507373,39.952722020759],[-74.0784888062281,39.9527363255209]]}},{"type":"Feature","id":88976,"properties":{"OBJECTID":88976,"PRIMENAME":"East Railway Avenue","ELEVTYP_F":0,"ELEVTYP_T":0},"geometry":{"type":"LineString","coordinates":[[-74.0722044744779,39.9568946266891],[-74.072318553494,39.9561743587235]]}},{"type":"Feature","id":89429,"properties":{"OBJECTID":89429,"PRIMENAME":"Strickland Boulevard","ELEVTYP_F":0,"ELEVTYP_T":0},"geometry":{"type":"LineString","coordinates":[[-74.0634642839752,39.9939021332888],[-74.063522986339,39.9939043584406],[-74.0635909273068,39.9939131799957],[-74.06421230475,39.9940390588907]]}},{"type":"Feature","id":90114,"properties":{"OBJECTID":90114,"PRIMENAME":"Jersey City Avenue","ELEVTYP_F":0,"ELEVTYP_T":0},"geometry":{"type":"LineString","coordinates":[[-74.0762492595417,39.9642384812067],[-74.0760637507865,39.9642183115561]]}},{"type":"Feature","id":90171,"properties":{"OBJECTID":90171,"PRIMENAME":"Ocean Road","ELEVTYP_F":0,"ELEVTYP_T":0},"geometry":{"type":"LineString","coordinates":[[-74.0627154239172,39.9893111106466],[-74.0626614237701,39.9895411105473]]}},{"type":"Feature","id":90222,"properties":{"OBJECTID":90222,"PRIMENAME":"Harborside Drive","ELEVTYP_F":0,"ELEVTYP_T":0},"geometry":{"type":"LineString","coordinates":[[-74.0826320272333,39.9572690555468],[-74.0826206905886,39.957226681241],[-74.0825950145915,39.9571722578143],[-74.0822663178106,39.9567558489629]]}},{"type":"Feature","id":90231,"properties":{"OBJECTID":90231,"PRIMENAME":"Elizabeth Avenue","ELEVTYP_F":0,"ELEVTYP_T":0},"geometry":{"type":"LineString","coordinates":[[-74.0719476819432,39.9623142032144],[-74.0734821215308,39.9624586378598]]}},{"type":"Feature","id":90437,"properties":{"OBJECTID":90437,"PRIMENAME":"Harbor Court","ELEVTYP_F":0,"ELEVTYP_T":0},"geometry":{"type":"LineString","coordinates":[[-74.0653163662861,40.0016139939312],[-74.0656823471851,40.0017311651695],[-74.0664247015725,40.0019484125426],[-74.0673216185085,40.0022186947675],[-74.0682032369032,40.0024650569735],[-74.0682682078704,40.0024819899851]]}},{"type":"Feature","id":90479,"properties":{"OBJECTID":90479,"PRIMENAME":"6th Avenue","ELEVTYP_F":0,"ELEVTYP_T":0},"geometry":{"type":"LineString","coordinates":[[-74.0621162706534,40.0021517056448],[-74.0621683500602,40.0021579416272],[-74.0622241274308,40.0021552970905],[-74.0622762457465,40.0021497564509],[-74.0623257417607,40.0021524689546]]}},{"type":"Feature","id":90618,"properties":{"OBJECTID":90618,"PRIMENAME":"Durborow Avenue","ELEVTYP_F":0,"ELEVTYP_T":0},"geometry":{"type":"LineString","coordinates":[[-74.077254190868,39.9599374850458],[-74.0756074170817,39.9597761628978]]}},{"type":"Feature","id":90620,"properties":{"OBJECTID":90620,"PRIMENAME":"Baltimore Avenue","ELEVTYP_F":0,"ELEVTYP_T":0},"geometry":{"type":"LineString","coordinates":[[-74.0737279678323,39.9609487072254],[-74.0737556306138,39.9607770675124]]}},{"type":"Feature","id":90639,"properties":{"OBJECTID":90639,"PRIMENAME":"Durborow Avenue","ELEVTYP_F":0,"ELEVTYP_T":0},"geometry":{"type":"LineString","coordinates":[[-74.0756074170817,39.9597761628978],[-74.0742703442951,39.9596451372819],[-74.0739424299802,39.9596192521863]]}},{"type":"Feature","id":90665,"properties":{"OBJECTID":90665,"PRIMENAME":"Camden Avenue","ELEVTYP_F":0,"ELEVTYP_T":0},"geometry":{"type":"LineString","coordinates":[[-74.0705930754529,39.970567877512],[-74.0701981845493,39.9705284734133],[-74.0689365077432,39.970405270421]]}},{"type":"Feature","id":90741,"properties":{"OBJECTID":90741,"PRIMENAME":"Dune Terrace","ELEVTYP_F":0,"ELEVTYP_T":0},"geometry":{"type":"LineString","coordinates":[[-74.0696784237227,39.9496941037283],[-74.0696194223381,39.9500341031013],[-74.0696254232056,39.9500521018166]]}},{"type":"Feature","id":91118,"properties":{"OBJECTID":91118,"PRIMENAME":"Brown Avenue","ELEVTYP_F":0,"ELEVTYP_T":0},"geometry":{"type":"LineString","coordinates":[[-74.0719948124305,39.9714567969794],[-74.0721488043777,39.9714874266572]]}},{"type":"Feature","id":91336,"properties":{"OBJECTID":91336,"PRIMENAME":"Arnold Avenue","ELEVTYP_F":0,"ELEVTYP_T":0},"geometry":{"type":"LineString","coordinates":[[-74.0781013735809,39.9504421125417],[-74.0770691845448,39.950350856381]]}},{"type":"Feature","id":91604,"properties":{"OBJECTID":91604,"PRIMENAME":"Carteret Avenue","ELEVTYP_F":0,"ELEVTYP_T":0},"geometry":{"type":"LineString","coordinates":[[-74.0744599825994,39.9469839819055],[-74.0747536726825,39.9470088896978],[-74.0754029975329,39.9470722992266],[-74.0767833678181,39.9472112113784],[-74.0769323783248,39.9472253443046]]}},{"type":"Feature","id":91985,"properties":{"OBJECTID":91985,"PRIMENAME":"Jersey City Avenue","ELEVTYP_F":0,"ELEVTYP_T":0},"geometry":{"type":"LineString","coordinates":[[-74.0732350475581,39.9639347395313],[-74.0717060889398,39.9637872747442]]}},{"type":"Feature","id":92527,"properties":{"OBJECTID":92527,"PRIMENAME":"Bay Boulevard","ELEVTYP_F":0,"ELEVTYP_T":0},"geometry":{"type":"LineString","coordinates":[[-74.0746330291896,39.9671348333027],[-74.0746279510008,39.9670965164418],[-74.0746064836115,39.9669620245791],[-74.0745628423041,39.9668074375364],[-74.0744970085669,39.966635582551],[-74.0743979920908,39.966423605126],[-74.0743611499737,39.9663464626704]]}},{"type":"Feature","id":92739,"properties":{"OBJECTID":92739,"PRIMENAME":"FR RT 35 SB to EISENHOWER AVE","ELEVTYP_F":0,"ELEVTYP_T":0},"geometry":{"type":"LineString","coordinates":[[-74.0737882682348,39.9510918708574],[-74.073789943074,39.9510920418452],[-74.0738985541624,39.9511002484666],[-74.0739709631225,39.9511057206978],[-74.0740668560505,39.9511102046135],[-74.0741627478214,39.9511146884457],[-74.0743766272555,39.9511158863764]]}},{"type":"Feature","id":92805,"properties":{"OBJECTID":92805,"PRIMENAME":"Strickland Boulevard","ELEVTYP_F":0,"ELEVTYP_T":0},"geometry":{"type":"LineString","coordinates":[[-74.0705816160753,39.996170114879],[-74.0710060016753,39.9962942113329]]}},{"type":"Feature","id":93254,"properties":{"OBJECTID":93254,"PRIMENAME":"Bay Boulevard","ELEVTYP_F":0,"ELEVTYP_T":0},"geometry":{"type":"LineString","coordinates":[[-74.0771239364924,39.9616927226785],[-74.0771707512758,39.9614144329828],[-74.0772525095288,39.9609284052997],[-74.0772896558333,39.9607075826105],[-74.0773309531982,39.960455076279]]}},{"type":"Feature","id":93932,"properties":{"OBJECTID":93932,"PRIMENAME":"South Lagoon Lane","ELEVTYP_F":0,"ELEVTYP_T":0},"geometry":{"type":"LineString","coordinates":[[-74.0681520980799,39.9854050737454],[-74.0694992956692,39.9855538787252],[-74.0699109223916,39.9855993433529]]}},{"type":"Feature","id":94011,"properties":{"OBJECTID":94011,"PRIMENAME":"State Highway 37","ELEVTYP_F":0,"ELEVTYP_T":0},"geometry":{"type":"LineString","coordinates":[[-74.0856782800356,39.9420281540905],[-74.0857614398677,39.9420484101821],[-74.0858686996332,39.9420759967505],[-74.0861663796819,39.9421525611948],[-74.0862803544709,39.9421810756684],[-74.0864088854263,39.9422132295045],[-74.0865735099139,39.9422544127736]]}},{"type":"Feature","id":94690,"properties":{"OBJECTID":94690,"PRIMENAME":"Bay Boulevard","ELEVTYP_F":0,"ELEVTYP_T":0},"geometry":{"type":"LineString","coordinates":[[-74.0705393410651,39.9781156850116],[-74.0705774445798,39.9780600677808],[-74.0705932286589,39.9780242167833],[-74.0705951848477,39.9779909509347],[-74.0705947012623,39.9779883406897]]}},{"type":"Feature","id":94746,"properties":{"OBJECTID":94746,"PRIMENAME":"Sunset Drive North","ELEVTYP_F":0,"ELEVTYP_T":0},"geometry":{"type":"LineString","coordinates":[[-74.089285895161,39.9447554347771],[-74.089336314702,39.9447640963087],[-74.0901822491937,39.9449147914809],[-74.0902573075071,39.9449246926169],[-74.0903012774816,39.9449262206937],[-74.0903431804542,39.9449215373278],[-74.0903872502054,39.9449122211202],[-74.0904175815451,39.9449040921426],[-74.0904509287025,39.9448925970312],[-74.0904870084373,39.9448773501777],[-74.0905498542403,39.9448358420317],[-74.0906127212833,39.9447846710593],[-74.0906832360948,39.9447129907578]]}},{"type":"Feature","id":95374,"properties":{"OBJECTID":95374,"PRIMENAME":"Carmel Drive","ELEVTYP_F":0,"ELEVTYP_T":0},"geometry":{"type":"LineString","coordinates":[[-74.0663123879825,39.9843921951633],[-74.0664853105171,39.9844085377756]]}},{"type":"Feature","id":95644,"properties":{"OBJECTID":95644,"PRIMENAME":"East Central Avenue","ELEVTYP_F":0,"ELEVTYP_T":0},"geometry":{"type":"LineString","coordinates":[[-74.0753750649754,39.9414589589364],[-74.0752617710775,39.9421424197847]]}},{"type":"Feature","id":95738,"properties":{"OBJECTID":95738,"PRIMENAME":"East Flamingo Way","ELEVTYP_F":0,"ELEVTYP_T":0},"geometry":{"type":"LineString","coordinates":[[-74.0620260014821,39.9920671901934],[-74.0631004234509,39.9922851116842],[-74.0634661407506,39.992340744639],[-74.0639094834604,39.9924081858682]]}},{"type":"Feature","id":96829,"properties":{"OBJECTID":96829,"PRIMENAME":"Swan Point Road","ELEVTYP_F":0,"ELEVTYP_T":0},"geometry":{"type":"LineString","coordinates":[[-74.0705765837627,39.9784712382832],[-74.0709829528121,39.9785030473836],[-74.0713368263187,39.978530744655],[-74.0734923649356,39.9787459086282]]}},{"type":"Feature","id":97091,"properties":{"OBJECTID":97091,"PRIMENAME":"Bay Boulevard","ELEVTYP_F":0,"ELEVTYP_T":0},"geometry":{"type":"LineString","coordinates":[[-74.0713748375561,39.9751983652681],[-74.0713368449651,39.9745340658261],[-74.0713303615893,39.9744066292609]]}},{"type":"Feature","id":97411,"properties":{"OBJECTID":97411,"PRIMENAME":"Sunset Boulevard","ELEVTYP_F":0,"ELEVTYP_T":0},"geometry":{"type":"LineString","coordinates":[[-74.0586970789672,40.0044306409421],[-74.0585092417786,40.0050661059035]]}},{"type":"Feature","id":97465,"properties":{"OBJECTID":97465,"PRIMENAME":"East Pennsylvania Avenue","ELEVTYP_F":0,"ELEVTYP_T":0},"geometry":{"type":"LineString","coordinates":[[-74.0729882742573,39.9548531987107],[-74.0730966165933,39.9541701080191]]}},{"type":"Feature","id":97591,"properties":{"OBJECTID":97591,"PRIMENAME":"4th Avenue","ELEVTYP_F":0,"ELEVTYP_T":0},"geometry":{"type":"LineString","coordinates":[[-74.0795686686317,39.957707514005],[-74.0794996602945,39.9580533192293],[-74.0794807753128,39.9581018432602],[-74.0794434464878,39.9581331697316],[-74.079402528714,39.9581387597252],[-74.0793978825473,39.9581379160146]]}},{"type":"Feature","id":98225,"properties":{"OBJECTID":98225,"PRIMENAME":"East Tarpon Way","ELEVTYP_F":0,"ELEVTYP_T":0},"geometry":{"type":"LineString","coordinates":[[-74.0619550150037,39.9922881409109],[-74.0618880064808,39.992494177399]]}},{"type":"Feature","id":98447,"properties":{"OBJECTID":98447,"PRIMENAME":"East Spray Way","ELEVTYP_F":0,"ELEVTYP_T":0},"geometry":{"type":"LineString","coordinates":[[-74.0643916548637,39.9806838112158],[-74.064426309109,39.9804853811369]]}},{"type":"Feature","id":99100,"properties":{"OBJECTID":99100,"PRIMENAME":"Miami Drive","ELEVTYP_F":0,"ELEVTYP_T":0},"geometry":{"type":"LineString","coordinates":[[-74.0699770125054,39.9983331365194],[-74.0698277702975,39.9982985405126],[-74.0696940575679,39.9982637272559],[-74.0693492569377,39.9981634211832],[-74.0693125210871,39.998152797759]]}},{"type":"Feature","id":99187,"properties":{"OBJECTID":99187,"PRIMENAME":"Bay Boulevard","ELEVTYP_F":0,"ELEVTYP_T":0},"geometry":{"type":"LineString","coordinates":[[-74.0729221623469,39.9699933655462],[-74.0729601994124,39.9699129560459],[-74.073024083654,39.9698074128397],[-74.0730990816333,39.9697047099331],[-74.0731589906588,39.9696186316738],[-74.073166586909,39.9696077178135],[-74.0732713064247,39.969499441643],[-74.0733722795319,39.9694083092217],[-74.0735066313626,39.9693144181485],[-74.0735367281074,39.9692942953145]]}},{"type":"Feature","id":99298,"properties":{"OBJECTID":99298,"PRIMENAME":"Ocean Terrace","ELEVTYP_F":0,"ELEVTYP_T":0},"geometry":{"type":"LineString","coordinates":[[-74.0588432427961,40.0032196169587],[-74.0588928104567,40.0030282076631]]}},{"type":"Feature","id":99603,"properties":{"OBJECTID":99603,"PRIMENAME":"Sampson Avenue","ELEVTYP_F":0,"ELEVTYP_T":0},"geometry":{"type":"LineString","coordinates":[[-74.0701716722364,39.9472633463362],[-74.0695881413918,39.9472142623744]]}},{"type":"Feature","id":99615,"properties":{"OBJECTID":99615,"PRIMENAME":"4th Avenue","ELEVTYP_F":0,"ELEVTYP_T":0},"geometry":{"type":"LineString","coordinates":[[-74.0743561895433,39.9571003793004],[-74.0734525052031,39.9570159865155]]}},{"type":"Feature","id":99841,"properties":{"OBJECTID":99841,"PRIMENAME":"Fort Avenue","ELEVTYP_F":0,"ELEVTYP_T":0},"geometry":{"type":"LineString","coordinates":[[-74.0718730300787,39.9525339074995],[-74.0715284550858,39.9524966708391],[-74.0699355721501,39.9523048827631],[-74.068912658963,39.952193821341]]}},{"type":"Feature","id":100157,"properties":{"OBJECTID":100157,"PRIMENAME":"Bay Boulevard","ELEVTYP_F":0,"ELEVTYP_T":0},"geometry":{"type":"LineString","coordinates":[[-74.0782768759455,39.9490800388835],[-74.0782926227645,39.9489768347338],[-74.0783122385053,39.9488482796515],[-74.0783214999396,39.9488214360377]]}},{"type":"Feature","id":101418,"properties":{"OBJECTID":101418,"PRIMENAME":"West Central Avenue","ELEVTYP_F":0,"ELEVTYP_T":0},"geometry":{"type":"LineString","coordinates":[[-74.074349152316,39.9476698659405],[-74.0742345426286,39.94838379314]]}},{"type":"Feature","id":101755,"properties":{"OBJECTID":101755,"PRIMENAME":"Bay Boulevard","ELEVTYP_F":0,"ELEVTYP_T":0},"geometry":{"type":"LineString","coordinates":[[-74.0770355458775,39.9620660280561],[-74.0770530860582,39.9620044590502],[-74.0771237858825,39.9616936102309],[-74.0771239364924,39.9616927226785]]}},{"type":"Feature","id":102137,"properties":{"OBJECTID":102137,"PRIMENAME":"West Central Avenue","ELEVTYP_F":0,"ELEVTYP_T":0},"geometry":{"type":"LineString","coordinates":[[-74.0626367480137,40.0015306396035],[-74.0624680767877,40.0018678818352]]}},{"type":"Feature","id":103223,"properties":{"OBJECTID":103223,"PRIMENAME":"West Central Avenue","ELEVTYP_F":0,"ELEVTYP_T":0},"geometry":{"type":"LineString","coordinates":[[-74.073871662583,39.9507420872357],[-74.0739022074801,39.9506103008312],[-74.0739332280793,39.9504658365434],[-74.0739617474613,39.9503210672716],[-74.0739876418896,39.9501767177065]]}},{"type":"Feature","id":103379,"properties":{"OBJECTID":103379,"PRIMENAME":"3rd Avenue","ELEVTYP_F":0,"ELEVTYP_T":0},"geometry":{"type":"LineString","coordinates":[[-74.0696077088337,39.9576604474448],[-74.0702910793453,39.9577258783092]]}},{"type":"Feature","id":103890,"properties":{"OBJECTID":103890,"PRIMENAME":"Lanyard Road","ELEVTYP_F":0,"ELEVTYP_T":0},"geometry":{"type":"LineString","coordinates":[[-74.0777539228025,39.9568835101335],[-74.0761173406795,39.9567242355626]]}},{"type":"Feature","id":104191,"properties":{"OBJECTID":104191,"PRIMENAME":"Dory Road","ELEVTYP_F":0,"ELEVTYP_T":0},"geometry":{"type":"LineString","coordinates":[[-74.069649426127,39.9868691102653],[-74.0696074262308,39.9872191107386]]}},{"type":"Feature","id":104816,"properties":{"OBJECTID":104816,"PRIMENAME":"Washington Avenue","ELEVTYP_F":0,"ELEVTYP_T":0},"geometry":{"type":"LineString","coordinates":[[-74.0756074170817,39.9597761628978],[-74.0756884156253,39.9592717219575]]}},{"type":"Feature","id":105046,"properties":{"OBJECTID":105046,"PRIMENAME":"Dellmuth Avenue","ELEVTYP_F":0,"ELEVTYP_T":0},"geometry":{"type":"LineString","coordinates":[[-74.0733619711197,39.9575084484307],[-74.0742747287617,39.9575976247006]]}},{"type":"Feature","id":105479,"properties":{"OBJECTID":105479,"PRIMENAME":"Barnegat Avenue","ELEVTYP_F":0,"ELEVTYP_T":0},"geometry":{"type":"LineString","coordinates":[[-74.0777816475766,39.9445422212905],[-74.0777789863661,39.9445747994477],[-74.0777825024587,39.9446062742079],[-74.0778004786838,39.9446585288669],[-74.0778554881445,39.9447731298149],[-74.0779044299575,39.9448710157045],[-74.0779226905135,39.9449234920527],[-74.0779316859222,39.9449688235285],[-74.0779345406088,39.9450093012166],[-74.0779313007184,39.9452520355449]]}},{"type":"Feature","id":105562,"properties":{"OBJECTID":105562,"PRIMENAME":"Guyer Avenue","ELEVTYP_F":0,"ELEVTYP_T":0},"geometry":{"type":"LineString","coordinates":[[-74.0698526666049,39.9750558432199],[-74.068197372713,39.9749008619602]]}},{"type":"Feature","id":106480,"properties":{"OBJECTID":106480,"PRIMENAME":"East Pelican Way","ELEVTYP_F":0,"ELEVTYP_T":0},"geometry":{"type":"LineString","coordinates":[[-74.0621817137234,39.991570631567],[-74.0635952161799,39.9918113214857],[-74.0640397993196,39.9918769051267]]}},{"type":"Feature","id":107512,"properties":{"OBJECTID":107512,"PRIMENAME":"3rd Avenue","ELEVTYP_F":0,"ELEVTYP_T":0},"geometry":{"type":"LineString","coordinates":[[-74.0720495655506,39.957892109074],[-74.0726675157705,39.9579513009859]]}},{"type":"Feature","id":107586,"properties":{"OBJECTID":107586,"PRIMENAME":"Kathryn Street","ELEVTYP_F":0,"ELEVTYP_T":0},"geometry":{"type":"LineString","coordinates":[[-74.0662818848968,39.9829804894277],[-74.0671122221688,39.9830679582561],[-74.0681873032892,39.9831736844026],[-74.0683794024815,39.9831921897736],[-74.0684547281387,39.983205565638],[-74.0685082000298,39.98322072637],[-74.06850980366,39.9832211718853]]}},{"type":"Feature","id":107594,"properties":{"OBJECTID":107594,"PRIMENAME":"Bay Boulevard","ELEVTYP_F":0,"ELEVTYP_T":0},"geometry":{"type":"LineString","coordinates":[[-74.0775969924812,39.9487480763651],[-74.0774749380073,39.9488675238143]]}},{"type":"Feature","id":107621,"properties":{"OBJECTID":107621,"PRIMENAME":"Princeton Avenue","ELEVTYP_F":0,"ELEVTYP_T":0},"geometry":{"type":"LineString","coordinates":[[-74.0767191892025,39.9635367234938],[-74.0768580315942,39.9635624331777]]}},{"type":"Feature","id":107816,"properties":{"OBJECTID":107816,"PRIMENAME":"Orlando Drive","ELEVTYP_F":0,"ELEVTYP_T":0},"geometry":{"type":"LineString","coordinates":[[-74.0715819416305,39.9939745374263],[-74.0716417373929,39.9941217717747],[-74.0719816971263,39.9949948441166]]}},{"type":"Feature","id":108156,"properties":{"OBJECTID":108156,"PRIMENAME":"West Dolphin Way","ELEVTYP_F":0,"ELEVTYP_T":0},"geometry":{"type":"LineString","coordinates":[[-74.0660934256395,39.992472111787],[-74.0662964259771,39.992506112155],[-74.0665994249051,39.9925561115952],[-74.0666141936219,39.99255986422]]}},{"type":"Feature","id":109243,"properties":{"OBJECTID":109243,"PRIMENAME":"Delmar Drive","ELEVTYP_F":0,"ELEVTYP_T":0},"geometry":{"type":"LineString","coordinates":[[-74.065331425399,39.9840531096007],[-74.0653594239709,39.9840741101192],[-74.0653814228897,39.9841171095462],[-74.0653834237987,39.9842291110874],[-74.0653154245689,39.9845491091373]]}},{"type":"Feature","id":109350,"properties":{"OBJECTID":109350,"PRIMENAME":"Pennsylvania Avenue","ELEVTYP_F":0,"ELEVTYP_T":0},"geometry":{"type":"LineString","coordinates":[[-74.0696738758572,39.965914056745],[-74.0699072892561,39.9659368859139],[-74.0713298270467,39.9660724779804]]}},{"type":"Feature","id":109935,"properties":{"OBJECTID":109935,"PRIMENAME":"4th Avenue","ELEVTYP_F":0,"ELEVTYP_T":0},"geometry":{"type":"LineString","coordinates":[[-74.0776639080373,39.9574183657888],[-74.0773559013597,39.9573820479593],[-74.0761302634266,39.9572660280451],[-74.076027152103,39.957256399779]]}},{"type":"Feature","id":111093,"properties":{"OBJECTID":111093,"PRIMENAME":"Sterling Avenue","ELEVTYP_F":0,"ELEVTYP_T":0},"geometry":{"type":"LineString","coordinates":[[-74.0684445280599,39.9802093460757],[-74.0683697418643,39.9806641560857],[-74.0682910526919,39.9811427112656],[-74.0682394748835,39.9814563782571]]}},{"type":"Feature","id":111444,"properties":{"OBJECTID":111444,"PRIMENAME":"Sea Bee Road","ELEVTYP_F":0,"ELEVTYP_T":0},"geometry":{"type":"LineString","coordinates":[[-74.0640731221478,39.9944508059521],[-74.0641572657276,39.9942073624087],[-74.06421230475,39.9940390588907]]}},{"type":"Feature","id":111761,"properties":{"OBJECTID":111761,"PRIMENAME":"East Bayberry Way","ELEVTYP_F":0,"ELEVTYP_T":0},"geometry":{"type":"LineString","coordinates":[[-74.063294422647,39.9854771100859],[-74.0655674226648,39.9857191106112],[-74.0655891026985,39.9857214193171]]}},{"type":"Feature","id":112562,"properties":{"OBJECTID":112562,"PRIMENAME":"Guyer Avenue","ELEVTYP_F":0,"ELEVTYP_T":0},"geometry":{"type":"LineString","coordinates":[[-74.0713748375561,39.9751983652681],[-74.0712123203477,39.9751831321885]]}},{"type":"Feature","id":113136,"properties":{"OBJECTID":113136,"PRIMENAME":"Carteret Avenue","ELEVTYP_F":0,"ELEVTYP_T":0},"geometry":{"type":"LineString","coordinates":[[-74.0769323783248,39.9472253443046],[-74.0772153927461,39.9472521839725],[-74.0783248093171,39.9473645018933]]}},{"type":"Feature","id":113163,"properties":{"OBJECTID":113163,"PRIMENAME":"Baltimore Avenue","ELEVTYP_F":0,"ELEVTYP_T":0},"geometry":{"type":"LineString","coordinates":[[-74.0728616635927,39.9662184757857],[-74.0729876421736,39.965445047171]]}},{"type":"Feature","id":113177,"properties":{"OBJECTID":113177,"PRIMENAME":"Mallard Lane","ELEVTYP_F":0,"ELEVTYP_T":0},"geometry":{"type":"LineString","coordinates":[[-74.068010100521,39.9862660788739],[-74.0699724261345,39.9864471106221],[-74.0701504241606,39.986467110864]]}},{"type":"Feature","id":113302,"properties":{"OBJECTID":113302,"PRIMENAME":"Tunney Avenue","ELEVTYP_F":0,"ELEVTYP_T":0},"geometry":{"type":"LineString","coordinates":[[-74.0798478990711,39.949923977759],[-74.0803190523779,39.9499687311861],[-74.0812325924472,39.9500549731937]]}},{"type":"Feature","id":113309,"properties":{"OBJECTID":113309,"PRIMENAME":"Ocean Terrace","ELEVTYP_F":0,"ELEVTYP_T":0},"geometry":{"type":"LineString","coordinates":[[-74.0702825182593,39.9465815024699],[-74.0703399003273,39.9462181716557],[-74.0703931669788,39.9459024030595]]}},{"type":"Feature","id":113463,"properties":{"OBJECTID":113463,"PRIMENAME":"Bay Boulevard","ELEVTYP_F":0,"ELEVTYP_T":0},"geometry":{"type":"LineString","coordinates":[[-74.0782746785854,39.9546623638359],[-74.0783671199503,39.954091167092],[-74.0784210410501,39.9537568662963]]}},{"type":"Feature","id":113657,"properties":{"OBJECTID":113657,"PRIMENAME":"Del Monte Road","ELEVTYP_F":0,"ELEVTYP_T":0},"geometry":{"type":"LineString","coordinates":[[-74.0681769148633,39.9843097485516],[-74.0682054196669,39.9841054147196]]}},{"type":"Feature","id":115201,"properties":{"OBJECTID":115201,"PRIMENAME":"Harding Avenue","ELEVTYP_F":0,"ELEVTYP_T":0},"geometry":{"type":"LineString","coordinates":[[-74.0736877433362,39.9517128637254],[-74.0734950791574,39.9516899723319]]}},{"type":"Feature","id":115294,"properties":{"OBJECTID":115294,"PRIMENAME":"Seaview Road","ELEVTYP_F":0,"ELEVTYP_T":0},"geometry":{"type":"LineString","coordinates":[[-74.0622927370035,39.9899570047328],[-74.0622334568227,39.9901874411242]]}},{"type":"Feature","id":115382,"properties":{"OBJECTID":115382,"PRIMENAME":"Ocean Road","ELEVTYP_F":0,"ELEVTYP_T":0},"geometry":{"type":"LineString","coordinates":[[-74.0642936724443,39.981244854572],[-74.0643277805765,39.9810495452463]]}},{"type":"Feature","id":115455,"properties":{"OBJECTID":115455,"PRIMENAME":"1st Avenue","ELEVTYP_F":0,"ELEVTYP_T":0},"geometry":{"type":"LineString","coordinates":[[-74.0704937666878,39.9598605658788],[-74.070003631171,39.9598087503968]]}},{"type":"Feature","id":115790,"properties":{"OBJECTID":115790,"PRIMENAME":"Magee Avenue","ELEVTYP_F":0,"ELEVTYP_T":0},"geometry":{"type":"LineString","coordinates":[[-74.0721465461238,39.9722157379124],[-74.0703530385498,39.9720392204384]]}},{"type":"Feature","id":116103,"properties":{"OBJECTID":116103,"PRIMENAME":"Bay Beach Way","ELEVTYP_F":0,"ELEVTYP_T":0},"geometry":{"type":"LineString","coordinates":[[-74.0688275188165,39.9812979735284],[-74.0731624281214,39.9817211089711]]}},{"type":"Feature","id":116191,"properties":{"OBJECTID":116191,"PRIMENAME":"Harbor Drive","ELEVTYP_F":0,"ELEVTYP_T":0},"geometry":{"type":"LineString","coordinates":[[-74.0687614259748,39.9871221116342],[-74.0690474246483,39.9871551108331]]}},{"type":"Feature","id":116308,"properties":{"OBJECTID":116308,"PRIMENAME":"Bay Boulevard","ELEVTYP_F":0,"ELEVTYP_T":0},"geometry":{"type":"LineString","coordinates":[[-74.0782627572982,39.9504525553307],[-74.0782420636489,39.950255746196],[-74.0782210168542,39.9500526208632],[-74.0782186244027,39.9498324056933],[-74.0782204848372,39.9497674845188]]}},{"type":"Feature","id":117220,"properties":{"OBJECTID":117220,"PRIMENAME":"7th Avenue","ELEVTYP_F":0,"ELEVTYP_T":0},"geometry":{"type":"LineString","coordinates":[[-74.0763675561484,39.955186970754],[-74.074958384061,39.9550534657635],[-74.0746960986413,39.9550268344295]]}},{"type":"Feature","id":117296,"properties":{"OBJECTID":117296,"PRIMENAME":"Eisenhower Avenue","ELEVTYP_F":0,"ELEVTYP_T":0},"geometry":{"type":"LineString","coordinates":[[-74.0783750831529,39.9514987345512],[-74.0782146226263,39.9514827766044]]}},{"type":"Feature","id":117632,"properties":{"OBJECTID":117632,"PRIMENAME":"West Central Avenue","ELEVTYP_F":0,"ELEVTYP_T":0},"geometry":{"type":"LineString","coordinates":[[-74.0624680767877,40.0018678818352],[-74.0623257417607,40.0021524689546]]}},{"type":"Feature","id":118142,"properties":{"OBJECTID":118142,"PRIMENAME":"West Channel Way","ELEVTYP_F":0,"ELEVTYP_T":0},"geometry":{"type":"LineString","coordinates":[[-74.0678170370922,39.9812073811208],[-74.06682354135,39.9811122830986]]}},{"type":"Feature","id":118821,"properties":{"OBJECTID":118821,"PRIMENAME":"Kearney Avenue","ELEVTYP_F":0,"ELEVTYP_T":0},"geometry":{"type":"LineString","coordinates":[[-74.0745746906288,39.9463051681036],[-74.0730515625578,39.9461545577021],[-74.0729228385677,39.9461423608006]]}},{"type":"Feature","id":118988,"properties":{"OBJECTID":118988,"PRIMENAME":"Ocean Terrace","ELEVTYP_F":0,"ELEVTYP_T":0},"geometry":{"type":"LineString","coordinates":[[-74.0700628068698,39.9479587594052],[-74.070120416663,39.9475708311396],[-74.0701716722364,39.9472633463362]]}},{"type":"Feature","id":119525,"properties":{"OBJECTID":119525,"PRIMENAME":"Grant Avenue","ELEVTYP_F":0,"ELEVTYP_T":0},"geometry":{"type":"LineString","coordinates":[[-74.0791034575341,39.9432521394547],[-74.0789707962949,39.9432384803216],[-74.0785509980308,39.9431952528947],[-74.0772030809122,39.9430638381046],[-74.0771367806661,39.9430571715109]]}},{"type":"Feature","id":119566,"properties":{"OBJECTID":119566,"PRIMENAME":"Bay Boulevard","ELEVTYP_F":0,"ELEVTYP_T":0},"geometry":{"type":"LineString","coordinates":[[-74.0776604280868,39.9584422144802],[-74.077744032037,39.9579371428482],[-74.0778267170528,39.9574375999396]]}},{"type":"Feature","id":120332,"properties":{"OBJECTID":120332,"PRIMENAME":"San Fernando Drive","ELEVTYP_F":0,"ELEVTYP_T":0},"geometry":{"type":"LineString","coordinates":[[-74.0723672267978,39.98485907583],[-74.072144003314,39.9848343121457],[-74.0715652511035,39.9847801494692],[-74.0715144830583,39.9847832016529],[-74.0714721462606,39.9847960585689],[-74.0714255029803,39.9848186452077],[-74.0704587447964,39.985299568265],[-74.070412141595,39.9853156479271],[-74.0703571398234,39.9853219507794],[-74.0702895110752,39.9853217000801],[-74.0701849926735,39.9853134601814],[-74.0693812560612,39.9852305319523]]}},{"type":"Feature","id":120341,"properties":{"OBJECTID":120341,"PRIMENAME":"4th Avenue","ELEVTYP_F":0,"ELEVTYP_T":0},"geometry":{"type":"LineString","coordinates":[[-74.0778267170528,39.9574375999396],[-74.0776639080373,39.9574183657888]]}},{"type":"Feature","id":120537,"properties":{"OBJECTID":120537,"PRIMENAME":"Baltimore Avenue","ELEVTYP_F":0,"ELEVTYP_T":0},"geometry":{"type":"LineString","coordinates":[[-74.0741074705408,39.9586064575175],[-74.0741916691301,39.9580995856604]]}},{"type":"Feature","id":121253,"properties":{"OBJECTID":121253,"PRIMENAME":"West Kingfisher Way","ELEVTYP_F":0,"ELEVTYP_T":0},"geometry":{"type":"LineString","coordinates":[[-74.0637846304575,39.9928958891663],[-74.0662884261748,39.9934041120258],[-74.066304070047,39.9934076445894]]}},{"type":"Feature","id":121293,"properties":{"OBJECTID":121293,"PRIMENAME":"Bay Boulevard","ELEVTYP_F":0,"ELEVTYP_T":0},"geometry":{"type":"LineString","coordinates":[[-74.0781617308934,39.9553601575762],[-74.0782746785854,39.9546623638359]]}},{"type":"Feature","id":121294,"properties":{"OBJECTID":121294,"PRIMENAME":"1st Avenue","ELEVTYP_F":0,"ELEVTYP_T":0},"geometry":{"type":"LineString","coordinates":[[-74.070003631171,39.9598087503968],[-74.0695667736157,39.9597625664698],[-74.0695332589041,39.9597593129536]]}},{"type":"Feature","id":121731,"properties":{"OBJECTID":121731,"PRIMENAME":"West Bayview Drive","ELEVTYP_F":0,"ELEVTYP_T":0},"geometry":{"type":"LineString","coordinates":[[-74.0668652253055,39.9930089600445],[-74.0669104253471,39.9929681116653],[-74.0672974251148,39.9926531117849],[-74.0674594270478,39.9925591116315]]}},{"type":"Feature","id":121991,"properties":{"OBJECTID":121991,"PRIMENAME":"East Atlantic Way","ELEVTYP_F":0,"ELEVTYP_T":0},"geometry":{"type":"LineString","coordinates":[[-74.0613499295947,39.9930933567219],[-74.0629401293983,39.9934193364824],[-74.0635276197479,39.9935396275747],[-74.0635810271047,39.9935505633053]]}},{"type":"Feature","id":122213,"properties":{"OBJECTID":122213,"PRIMENAME":"New Jersey Avenue","ELEVTYP_F":0,"ELEVTYP_T":0},"geometry":{"type":"LineString","coordinates":[[-74.0715829700071,39.964518022628],[-74.071954055606,39.9645532989124],[-74.0731143421055,39.9646699735675]]}},{"type":"Feature","id":122702,"properties":{"OBJECTID":122702,"PRIMENAME":"Bond Avenue","ELEVTYP_F":0,"ELEVTYP_T":0},"geometry":{"type":"LineString","coordinates":[[-74.0710949950907,39.9759360542618],[-74.0697316089926,39.9757984000039]]}},{"type":"Feature","id":123124,"properties":{"OBJECTID":123124,"PRIMENAME":"Strickland Boulevard","ELEVTYP_F":0,"ELEVTYP_T":0},"geometry":{"type":"LineString","coordinates":[[-74.065752741563,39.9943545719156],[-74.0659065082472,39.9943888613643]]}},{"type":"Feature","id":123319,"properties":{"OBJECTID":123319,"PRIMENAME":"FR CO 629 SB TO PERSHING BLVD","ELEVTYP_F":0,"ELEVTYP_T":0},"geometry":{"type":"LineString","coordinates":[[-74.0744601508105,39.9682815998761],[-74.0745775070583,39.9681486876069],[-74.0746616447772,39.968073142099],[-74.0747426508172,39.968013672635],[-74.0748416324933,39.9679496835243],[-74.0749465789618,39.967890301718],[-74.0750993997444,39.9678150077088],[-74.0752060401977,39.9677700999922]]}},{"type":"Feature","id":123945,"properties":{"OBJECTID":123945,"PRIMENAME":"West Bayview Drive","ELEVTYP_F":0,"ELEVTYP_T":0},"geometry":{"type":"LineString","coordinates":[[-74.0664863099061,39.9929288837997],[-74.0666182638768,39.9929567713621]]}},{"type":"Feature","id":124167,"properties":{"OBJECTID":124167,"PRIMENAME":"Harborside Drive East","ELEVTYP_F":0,"ELEVTYP_T":0},"geometry":{"type":"LineString","coordinates":[[-74.0810020039801,39.9560316538329],[-74.0809375834224,39.9563551902742],[-74.0809235785109,39.95642552494]]}},{"type":"Feature","id":124457,"properties":{"OBJECTID":124457,"PRIMENAME":"Baltimore Avenue","ELEVTYP_F":0,"ELEVTYP_T":0},"geometry":{"type":"LineString","coordinates":[[-74.0743561895433,39.9571003793004],[-74.0744736481144,39.9563838001226]]}},{"type":"Feature","id":125377,"properties":{"OBJECTID":125377,"PRIMENAME":"East Surf Way","ELEVTYP_F":0,"ELEVTYP_T":0},"geometry":{"type":"LineString","coordinates":[[-74.0669370012083,39.9807353840145],[-74.064426309109,39.9804853811369]]}},{"type":"Feature","id":125423,"properties":{"OBJECTID":125423,"PRIMENAME":"White Avenue","ELEVTYP_F":0,"ELEVTYP_T":0},"geometry":{"type":"LineString","coordinates":[[-74.0714842214228,39.9774303150368],[-74.070429180072,39.9773291964134],[-74.0703084092586,39.9773254819136]]}},{"type":"Feature","id":126205,"properties":{"OBJECTID":126205,"PRIMENAME":"Washington Avenue","ELEVTYP_F":0,"ELEVTYP_T":0},"geometry":{"type":"LineString","coordinates":[[-74.0762566530728,39.955868214916],[-74.0763675561484,39.955186970754]]}},{"type":"Feature","id":126739,"properties":{"OBJECTID":126739,"PRIMENAME":"East Pelican Way","ELEVTYP_F":0,"ELEVTYP_T":0},"geometry":{"type":"LineString","coordinates":[[-74.0621817137234,39.991570631567],[-74.0621334241776,39.9917341120817],[-74.0621022046226,39.9918311641872]]}},{"type":"Feature","id":127103,"properties":{"OBJECTID":127103,"PRIMENAME":"Island View Drive","ELEVTYP_F":0,"ELEVTYP_T":0},"geometry":{"type":"LineString","coordinates":[[-74.0677603404074,39.9878013136675],[-74.0666714240619,39.9876261106747]]}},{"type":"Feature","id":127214,"properties":{"OBJECTID":127214,"PRIMENAME":"Catalina Drive","ELEVTYP_F":0,"ELEVTYP_T":0},"geometry":{"type":"LineString","coordinates":[[-74.0658684265798,39.9845993839657],[-74.0658434260151,39.9845971106123],[-74.0653154245689,39.9845491091373]]}},{"type":"Feature","id":127260,"properties":{"OBJECTID":127260,"PRIMENAME":"Catalina Avenue","ELEVTYP_F":0,"ELEVTYP_T":0},"geometry":{"type":"LineString","coordinates":[[-74.0897389855345,39.9419970216228],[-74.0897032792469,39.9420395035959],[-74.0896704457436,39.9420845213299],[-74.0896407399526,39.9421495369917],[-74.0895797229337,39.9422912845123]]}},{"type":"Feature","id":127414,"properties":{"OBJECTID":127414,"PRIMENAME":"West Osprey Way","ELEVTYP_F":0,"ELEVTYP_T":0},"geometry":{"type":"LineString","coordinates":[[-74.0647688071201,39.9889770199972],[-74.0654884242063,39.9890851125864],[-74.0669784253808,39.9893401116798]]}},{"type":"Feature","id":127617,"properties":{"OBJECTID":127617,"PRIMENAME":"East Swordfish Way","ELEVTYP_F":0,"ELEVTYP_T":0},"geometry":{"type":"LineString","coordinates":[[-74.0624306515557,39.9904386228289],[-74.063875882519,39.9906600819263],[-74.0643334946603,39.9907183763069]]}},{"type":"Feature","id":128429,"properties":{"OBJECTID":128429,"PRIMENAME":"East Dolphin Way","ELEVTYP_F":0,"ELEVTYP_T":0},"geometry":{"type":"LineString","coordinates":[[-74.0618200024662,39.9917798733523],[-74.0621022046226,39.9918311641872]]}},{"type":"Feature","id":128523,"properties":{"OBJECTID":128523,"PRIMENAME":"Kerr Avenue","ELEVTYP_F":0,"ELEVTYP_T":0},"geometry":{"type":"LineString","coordinates":[[-74.0696115490481,39.9765350858405],[-74.0679558489802,39.9763709853296]]}},{"type":"Feature","id":128991,"properties":{"OBJECTID":128991,"PRIMENAME":"Washington Avenue","ELEVTYP_F":0,"ELEVTYP_T":0},"geometry":{"type":"LineString","coordinates":[[-74.0757701633769,39.9587670638828],[-74.0758419576137,39.9583315529975],[-74.0758537609326,39.958263071794]]}},{"type":"Feature","id":129021,"properties":{"OBJECTID":129021,"PRIMENAME":"Naples Court","ELEVTYP_F":0,"ELEVTYP_T":0},"geometry":{"type":"LineString","coordinates":[[-74.0723621416259,39.9934071245074],[-74.0725024214558,39.9937556444561]]}},{"type":"Feature","id":129082,"properties":{"OBJECTID":129082,"PRIMENAME":"East Penguin Way","ELEVTYP_F":0,"ELEVTYP_T":0},"geometry":{"type":"LineString","coordinates":[[-74.0623415463022,39.9897310881435],[-74.0626074225991,39.989770111525]]}},{"type":"Feature","id":129239,"properties":{"OBJECTID":129239,"PRIMENAME":"Baltimore Avenue","ELEVTYP_F":0,"ELEVTYP_T":0},"geometry":{"type":"LineString","coordinates":[[-74.0739424299802,39.9596192521863],[-74.0740254062852,39.9591083129377]]}},{"type":"Feature","id":129807,"properties":{"OBJECTID":129807,"PRIMENAME":"Baltimore Avenue","ELEVTYP_F":0,"ELEVTYP_T":0},"geometry":{"type":"LineString","coordinates":[[-74.0745848020057,39.9557054959003],[-74.0746960986413,39.9550268344295]]}},{"type":"Feature","id":129891,"properties":{"OBJECTID":129891,"PRIMENAME":"Ocean Terrace","ELEVTYP_F":0,"ELEVTYP_T":0},"geometry":{"type":"LineString","coordinates":[[-74.0703931669788,39.9459024030595],[-74.0703937216836,39.9458992201899],[-74.0704550632338,39.9455356022068],[-74.070506085174,39.9452251232042]]}},{"type":"Feature","id":129971,"properties":{"OBJECTID":129971,"PRIMENAME":"Ocean Terrace","ELEVTYP_F":0,"ELEVTYP_T":0},"geometry":{"type":"LineString","coordinates":[[-74.0707283692156,39.9438613543701],[-74.0707813950116,39.9435378429291],[-74.0707925930925,39.9434753991205],[-74.0708063449785,39.9434379758035],[-74.070828332434,39.9433839179512],[-74.0708614396214,39.9432799359181],[-74.0708946024343,39.943184079425]]}},{"type":"Feature","id":130053,"properties":{"OBJECTID":130053,"PRIMENAME":"Brinley Avenue","ELEVTYP_F":0,"ELEVTYP_T":0},"geometry":{"type":"LineString","coordinates":[[-74.0753955308088,39.9611153491468],[-74.0752581671519,39.9611016234949]]}},{"type":"Feature","id":130069,"properties":{"OBJECTID":130069,"PRIMENAME":"West Central Avenue","ELEVTYP_F":0,"ELEVTYP_T":0},"geometry":{"type":"LineString","coordinates":[[-74.0623257417607,40.0021524689546],[-74.062248216258,40.0023073712688],[-74.0620290340437,40.0027703982351]]}},{"type":"Feature","id":130114,"properties":{"OBJECTID":130114,"PRIMENAME":"Brinley Avenue","ELEVTYP_F":0,"ELEVTYP_T":0},"geometry":{"type":"LineString","coordinates":[[-74.0753915020396,39.9611668100714],[-74.0753955308088,39.9611153491468]]}},{"type":"Feature","id":130500,"properties":{"OBJECTID":130500,"PRIMENAME":"Delray Drive","ELEVTYP_F":0,"ELEVTYP_T":0},"geometry":{"type":"LineString","coordinates":[[-74.0682804062274,39.9978527336439],[-74.0678183760267,39.9987617568824]]}},{"type":"Feature","id":130614,"properties":{"OBJECTID":130614,"PRIMENAME":"Catalina Avenue","ELEVTYP_F":0,"ELEVTYP_T":0},"geometry":{"type":"LineString","coordinates":[[-74.0891835525971,39.9432287758838],[-74.0891717857938,39.9432597836325],[-74.0891670321404,39.9433390810376],[-74.0891761818169,39.9433776316296],[-74.0891946900435,39.9434258782499],[-74.0893707664275,39.9436907185936]]}},{"type":"Feature","id":132275,"properties":{"OBJECTID":132275,"PRIMENAME":"Silver Beach Road","ELEVTYP_F":0,"ELEVTYP_T":0},"geometry":{"type":"LineString","coordinates":[[-74.0625670899564,39.9965087632669],[-74.0622047641981,39.9964002436245],[-74.0619693994899,39.9963319554087]]}},{"type":"Feature","id":132409,"properties":{"OBJECTID":132409,"PRIMENAME":"Sunset Boulevard","ELEVTYP_F":0,"ELEVTYP_T":0},"geometry":{"type":"LineString","coordinates":[[-74.0589601622663,40.0035403625309],[-74.0588857522507,40.0037921028763]]}},{"type":"Feature","id":132658,"properties":{"OBJECTID":132658,"PRIMENAME":"4th Avenue","ELEVTYP_F":0,"ELEVTYP_T":0},"geometry":{"type":"LineString","coordinates":[[-74.0622465813833,40.0007690325142],[-74.0625120067123,40.0008112699243],[-74.0626075772803,40.0008265652354]]}},{"type":"Feature","id":133646,"properties":{"OBJECTID":133646,"PRIMENAME":"2nd Avenue","ELEVTYP_F":0,"ELEVTYP_T":0},"geometry":{"type":"LineString","coordinates":[[-74.0723044554419,39.9589413724146],[-74.0718928305864,39.9589014449072],[-74.0708439876289,39.958801615876]]}},{"type":"Feature","id":133683,"properties":{"OBJECTID":133683,"PRIMENAME":"Pershing Boulevard","ELEVTYP_F":0,"ELEVTYP_T":0},"geometry":{"type":"LineString","coordinates":[[-74.0820769673292,39.965742331611],[-74.0821579808253,39.9656976268169],[-74.0822434131634,39.9656481064748],[-74.0823801064184,39.9655882828677],[-74.0825098501795,39.9655389768963],[-74.0827658744727,39.965463879531],[-74.0837180231436,39.9651841720957],[-74.0841139267104,39.9650702597136],[-74.0842060910498,39.965033884532],[-74.0843120674471,39.9649792203213],[-74.0843975832084,39.9649271172418],[-74.0844591640049,39.9648801173027],[-74.0845447873176,39.9648044050505],[-74.084599683067,39.9647417050948],[-74.0846614536025,39.964663298818],[-74.0847096910606,39.9645690590579],[-74.0847477631082,39.9644800799473],[-74.0847790396223,39.9643700754928],[-74.0847864139847,39.9642835948692],[-74.0847836427714,39.9641813199567],[-74.0847605199096,39.9640580522183],[-74.084733626803,39.9639976676567],[-74.0847036984572,39.9639378756915]]}},{"type":"Feature","id":136789,"properties":{"OBJECTID":136789,"PRIMENAME":"Blaine Avenue","ELEVTYP_F":0,"ELEVTYP_T":0},"geometry":{"type":"LineString","coordinates":[[-74.0736103185375,39.9419769054231],[-74.07512781265,39.9421299035181],[-74.0752617710775,39.9421424197847]]}},{"type":"Feature","id":136814,"properties":{"OBJECTID":136814,"PRIMENAME":"West Shell Way","ELEVTYP_F":0,"ELEVTYP_T":0},"geometry":{"type":"LineString","coordinates":[[-74.0655418750164,39.9859112763383],[-74.068027275687,39.986160281797]]}},{"type":"Feature","id":137405,"properties":{"OBJECTID":137405,"PRIMENAME":"East Beach Way","ELEVTYP_F":0,"ELEVTYP_T":0},"geometry":{"type":"LineString","coordinates":[[-74.0667732320233,39.9812809554103],[-74.0643277805765,39.9810495452463]]}},{"type":"Feature","id":138616,"properties":{"OBJECTID":138616,"PRIMENAME":"Bay Boulevard","ELEVTYP_F":0,"ELEVTYP_T":0},"geometry":{"type":"LineString","coordinates":[[-74.0783248093171,39.9473645018933],[-74.0783008745356,39.9474806817041],[-74.0782737480406,39.9476636180234],[-74.0782506648625,39.9477922100515],[-74.0782165414448,39.9479064855915],[-74.0781899403908,39.9479921818139],[-74.078164563128,39.948047051945]]}},{"type":"Feature","id":140677,"properties":{"OBJECTID":140677,"PRIMENAME":"Seaview Road","ELEVTYP_F":0,"ELEVTYP_T":0},"geometry":{"type":"LineString","coordinates":[[-74.0626764228867,39.9885161109635],[-74.0626434237625,39.9886601113298]]}},{"type":"Feature","id":141243,"properties":{"OBJECTID":141243,"PRIMENAME":"Brown Avenue","ELEVTYP_F":0,"ELEVTYP_T":0},"geometry":{"type":"LineString","coordinates":[[-74.0704727164302,39.9713039324273],[-74.0719948124305,39.9714567969794]]}},{"type":"Feature","id":142050,"properties":{"OBJECTID":142050,"PRIMENAME":"Baltimore Avenue","ELEVTYP_F":0,"ELEVTYP_T":0},"geometry":{"type":"LineString","coordinates":[[-74.0729876421736,39.965445047171],[-74.0730517085586,39.9650515417739],[-74.0731143421055,39.9646699735675]]}},{"type":"Feature","id":142133,"properties":{"OBJECTID":142133,"PRIMENAME":"Coolidge Avenue","ELEVTYP_F":0,"ELEVTYP_T":0},"geometry":{"type":"LineString","coordinates":[[-74.0821927280537,39.9531713687291],[-74.0820408532776,39.95264085333],[-74.0820224948209,39.9526036147058],[-74.0819965773384,39.9525892179347],[-74.0819631863732,39.9525776485701],[-74.0819223954745,39.9525689365944]]}},{"type":"Feature","id":142610,"properties":{"OBJECTID":142610,"PRIMENAME":"Bay Boulevard","ELEVTYP_F":0,"ELEVTYP_T":0},"geometry":{"type":"LineString","coordinates":[[-74.0705765837627,39.9784712382832],[-74.0705963282122,39.9784461294045],[-74.070655363236,39.9783710497077],[-74.0706442449953,39.9781688948138],[-74.0705393410651,39.9781156850116]]}},{"type":"Feature","id":143478,"properties":{"OBJECTID":143478,"PRIMENAME":"Reese Avenue","ELEVTYP_F":0,"ELEVTYP_T":0},"geometry":{"type":"LineString","coordinates":[[-74.0684543435998,39.9733501645685],[-74.0687218372866,39.9733763898802],[-74.070110493645,39.9735050075077]]}},{"type":"Feature","id":143531,"properties":{"OBJECTID":143531,"PRIMENAME":"Murray Lane","ELEVTYP_F":0,"ELEVTYP_T":0},"geometry":{"type":"LineString","coordinates":[[-74.0647834229035,39.9867931096848],[-74.0648080024454,39.9867182883186],[-74.0644537108171,39.9866152397355],[-74.0642297947198,39.9865597197592],[-74.0641544238585,39.9865331095867]]}},{"type":"Feature","id":143951,"properties":{"OBJECTID":143951,"PRIMENAME":"East Penguin Way","ELEVTYP_F":0,"ELEVTYP_T":0},"geometry":{"type":"LineString","coordinates":[[-74.0626074225991,39.989770111525],[-74.0640406670499,39.9899841555533],[-74.0645019371693,39.9900530391303]]}},{"type":"Feature","id":144016,"properties":{"OBJECTID":144016,"PRIMENAME":"Peterson Lane","ELEVTYP_F":0,"ELEVTYP_T":0},"geometry":{"type":"LineString","coordinates":[[-74.0605053500096,39.9973260255569],[-74.0610002133126,39.9974684633723],[-74.061226013995,39.9975312806803],[-74.0614672768373,39.9975989333973],[-74.0616652101481,39.9976544801904],[-74.0619250402304,39.997726978617],[-74.0621322762269,39.9977849475449]]}},{"type":"Feature","id":144301,"properties":{"OBJECTID":144301,"PRIMENAME":"Ocean Road","ELEVTYP_F":0,"ELEVTYP_T":0},"geometry":{"type":"LineString","coordinates":[[-74.0626614237701,39.9895411105473],[-74.0626074225991,39.989770111525]]}},{"type":"Feature","id":144840,"properties":{"OBJECTID":144840,"PRIMENAME":"Ocean Road","ELEVTYP_F":0,"ELEVTYP_T":0},"geometry":{"type":"LineString","coordinates":[[-74.0634514231857,39.984604109439],[-74.06348442422,39.9843801114644]]}},{"type":"Feature","id":145473,"properties":{"OBJECTID":145473,"PRIMENAME":"Ocean Road","ELEVTYP_F":0,"ELEVTYP_T":0},"geometry":{"type":"LineString","coordinates":[[-74.062280569896,39.9911146780186],[-74.0622327758151,39.9913442615357]]}},{"type":"Feature","id":146414,"properties":{"OBJECTID":146414,"PRIMENAME":"Hancock Avenue","ELEVTYP_F":0,"ELEVTYP_T":0},"geometry":{"type":"LineString","coordinates":[[-74.0787492266699,39.9453372626249],[-74.0779313007184,39.9452520355449]]}},{"type":"Feature","id":146533,"properties":{"OBJECTID":146533,"PRIMENAME":"Goa Way","ELEVTYP_F":0,"ELEVTYP_T":0},"geometry":{"type":"LineString","coordinates":[[-74.0668504241378,39.9899081111716],[-74.0668994246223,39.9896931117243]]}},{"type":"Feature","id":146928,"properties":{"OBJECTID":146928,"PRIMENAME":"Westmont Avenue","ELEVTYP_F":0,"ELEVTYP_T":0},"geometry":{"type":"LineString","coordinates":[[-74.0675800828876,39.9785859185873],[-74.0691125145615,39.9787313918225],[-74.0691529597409,39.9787293183115],[-74.0691839646756,39.9787246570912],[-74.0692165331368,39.9787152513342],[-74.0692489206978,39.9787063123637]]}},{"type":"Feature","id":147241,"properties":{"OBJECTID":147241,"PRIMENAME":"3rd Avenue","ELEVTYP_F":0,"ELEVTYP_T":0},"geometry":{"type":"LineString","coordinates":[[-74.0741916691301,39.9580995856604],[-74.0749891826492,39.9581807561679],[-74.0758537609326,39.958263071794]]}},{"type":"Feature","id":147717,"properties":{"OBJECTID":147717,"PRIMENAME":"South Beach Drive","ELEVTYP_F":0,"ELEVTYP_T":0},"geometry":{"type":"LineString","coordinates":[[-74.0717234256038,39.9508391025635],[-74.0715114247201,39.9507071041884],[-74.0705934224824,39.9506261021878],[-74.0694224253707,39.9505231021058],[-74.0693364249013,39.9505401024868],[-74.0692964223804,39.9506071047631],[-74.069297422287,39.9506311025802]]}},{"type":"Feature","id":148088,"properties":{"OBJECTID":148088,"PRIMENAME":"Ocean Boulevard","ELEVTYP_F":0,"ELEVTYP_T":0},"geometry":{"type":"LineString","coordinates":[[-74.0728100360178,39.9468275768535],[-74.072723550882,39.9473529994792],[-74.0726985218137,39.9475060439079]]}},{"type":"Feature","id":148140,"properties":{"OBJECTID":148140,"PRIMENAME":"East Surf Way","ELEVTYP_F":0,"ELEVTYP_T":0},"geometry":{"type":"LineString","coordinates":[[-74.064426309109,39.9804853811369],[-74.0644593884983,39.9802959711243]]}},{"type":"Feature","id":148349,"properties":{"OBJECTID":148349,"PRIMENAME":"Dickman Drive","ELEVTYP_F":0,"ELEVTYP_T":0},"geometry":{"type":"LineString","coordinates":[[-74.0789269006472,39.9625718851328],[-74.0789641194163,39.9626346972376],[-74.0790079722611,39.9626977811179],[-74.0790723114229,39.9627713984326],[-74.0791400363441,39.9628397840594],[-74.0792383428955,39.962918796457],[-74.0795776572999,39.9631428419676],[-74.080032512978,39.9634400573886]]}},{"type":"Feature","id":148420,"properties":{"OBJECTID":148420,"PRIMENAME":"East Colony Road","ELEVTYP_F":0,"ELEVTYP_T":0},"geometry":{"type":"LineString","coordinates":[[-74.0628343518494,39.9957287171127],[-74.0623716419318,39.9955943977747],[-74.0617241593234,39.9954019174802],[-74.0607854672217,39.9951340959849]]}},{"type":"Feature","id":148949,"properties":{"OBJECTID":148949,"PRIMENAME":"Ocean Terrace","ELEVTYP_F":0,"ELEVTYP_T":0},"geometry":{"type":"LineString","coordinates":[[-74.0607506120051,39.9967692634176],[-74.0606845182742,39.9969286828649]]}},{"type":"Feature","id":149529,"properties":{"OBJECTID":149529,"PRIMENAME":"West Bonita Way","ELEVTYP_F":0,"ELEVTYP_T":0},"geometry":{"type":"LineString","coordinates":[[-74.0644482837186,39.9902683866412],[-74.0671814247608,39.9906751117628],[-74.0671831668386,39.9906753551541]]}},{"type":"Feature","id":150089,"properties":{"OBJECTID":150089,"PRIMENAME":"West Kupper Drive","ELEVTYP_F":0,"ELEVTYP_T":0},"geometry":{"type":"LineString","coordinates":[[-74.0601643582512,40.0067548611388],[-74.0604799292898,40.006836112954],[-74.0608066368275,40.0069231436005],[-74.0611703634388,40.0070332103102],[-74.0612298211089,40.007036290662],[-74.0612856926304,40.0070250533213],[-74.0613416922235,40.0069938036867],[-74.0613790570574,40.006962511422],[-74.0614015523728,40.0069339892834],[-74.0614204446163,40.0068882959862],[-74.0614394649002,40.0068225895171],[-74.0614472747774,40.0067625781112],[-74.0614440560966,40.0066853395303],[-74.0614371609584,40.0066024035907],[-74.0614226588832,40.0065422798285],[-74.0613969449131,40.0064935904098],[-74.0613600027375,40.0064533953665],[-74.0613267535602,40.0064218079113],[-74.0612785812702,40.0063959014436],[-74.0612340318624,40.0063785743717],[-74.0603725677952,40.0061808296379]]}},{"type":"Feature","id":150391,"properties":{"OBJECTID":150391,"PRIMENAME":"Miami Drive","ELEVTYP_F":0,"ELEVTYP_T":0},"geometry":{"type":"LineString","coordinates":[[-74.0693125210871,39.998152797759],[-74.0687819016005,39.9979994728328],[-74.0682804062274,39.9978527336439]]}},{"type":"Feature","id":150481,"properties":{"OBJECTID":150481,"PRIMENAME":"Tunney Avenue","ELEVTYP_F":0,"ELEVTYP_T":0},"geometry":{"type":"LineString","coordinates":[[-74.0780530535317,39.9497490303321],[-74.0782204848372,39.9497674845188]]}},{"type":"Feature","id":150584,"properties":{"OBJECTID":150584,"PRIMENAME":"Bond Avenue","ELEVTYP_F":0,"ELEVTYP_T":0},"geometry":{"type":"LineString","coordinates":[[-74.0697316089926,39.9757984000039],[-74.0680755538934,39.9756311708275]]}},{"type":"Feature","id":150926,"properties":{"OBJECTID":150926,"PRIMENAME":"5th Avenue","ELEVTYP_F":0,"ELEVTYP_T":0},"geometry":{"type":"LineString","coordinates":[[-74.0620718946115,40.001442549642],[-74.0614001323263,40.0013371407545],[-74.0611115325636,40.0012901735111]]}},{"type":"Feature","id":151612,"properties":{"OBJECTID":151612,"PRIMENAME":"Strickland Boulevard","ELEVTYP_F":0,"ELEVTYP_T":0},"geometry":{"type":"LineString","coordinates":[[-74.0664745559965,39.9947141987931],[-74.0664924495653,39.9947349927775],[-74.0665367750925,39.9947869365678],[-74.0665880208901,39.9948395637347],[-74.0666343957138,39.9948833889769],[-74.0666734539858,39.9949158748744],[-74.0667585775409,39.9949791173449],[-74.0668511438887,39.9950395035058],[-74.0669474945628,39.9950885115975],[-74.0670735968339,39.9951404310387],[-74.0672294488391,39.9951896332111],[-74.0674076278027,39.9952417737478],[-74.067836316067,39.9953682973508],[-74.0681604846804,39.9954639717009],[-74.068428198258,39.995542983542],[-74.0684987339232,39.9955633949663],[-74.0690836306501,39.9957326484655],[-74.0693081571204,39.9957976196161],[-74.0696195542587,39.9958877274004]]}},{"type":"Feature","id":151690,"properties":{"OBJECTID":151690,"PRIMENAME":"South Bayside Road","ELEVTYP_F":0,"ELEVTYP_T":0},"geometry":{"type":"LineString","coordinates":[[-74.0634097635331,39.9952781217316],[-74.0634341316185,39.9952350291574],[-74.0634690051892,39.9952125662915],[-74.06352270689,39.9951818833198],[-74.0635816474516,39.9951636011583],[-74.0636378456256,39.9951555766938],[-74.0637073502179,39.9951599563799],[-74.0637714615011,39.9951704927693],[-74.0638301445303,39.9951871587183],[-74.0639929008645,39.9952391915174],[-74.0653407601226,39.9956329413002]]}},{"type":"Feature","id":151835,"properties":{"OBJECTID":151835,"PRIMENAME":"Hialeah Drive","ELEVTYP_F":0,"ELEVTYP_T":0},"geometry":{"type":"LineString","coordinates":[[-74.0721020656918,39.9969553102662],[-74.0717558978772,39.9976572544501]]}},{"type":"Feature","id":152212,"properties":{"OBJECTID":152212,"PRIMENAME":"Lauderdale Drive","ELEVTYP_F":0,"ELEVTYP_T":0},"geometry":{"type":"LineString","coordinates":[[-74.0725024214558,39.9937556444561],[-74.0728880641675,39.99366262531],[-74.0731050501661,39.9936103019285],[-74.073171035237,39.9936008812617],[-74.0732369952752,39.9936011241479],[-74.0733091413992,39.9936110534531],[-74.0733593067026,39.993625734096],[-74.0734030942549,39.9936500540254],[-74.0734468269603,39.9936888426895],[-74.0734779968218,39.993727612128],[-74.0735028781045,39.9937614991048],[-74.0735957549871,39.9939792182907]]}},{"type":"Feature","id":152420,"properties":{"OBJECTID":152420,"PRIMENAME":"Virginia Avenue","ELEVTYP_F":0,"ELEVTYP_T":0},"geometry":{"type":"LineString","coordinates":[[-74.0727412095555,39.9669578821509],[-74.0712092727331,39.9668082867379]]}},{"type":"Feature","id":153405,"properties":{"OBJECTID":153405,"PRIMENAME":"East Spray Way","ELEVTYP_F":0,"ELEVTYP_T":0},"geometry":{"type":"LineString","coordinates":[[-74.0668827774851,39.9809155068805],[-74.0643916548637,39.9806838112158]]}},{"type":"Feature","id":153589,"properties":{"OBJECTID":153589,"PRIMENAME":"Ocean Road","ELEVTYP_F":0,"ELEVTYP_T":0},"geometry":{"type":"LineString","coordinates":[[-74.0642608229237,39.9814329503348],[-74.0642936724443,39.981244854572]]}},{"type":"Feature","id":154765,"properties":{"OBJECTID":154765,"PRIMENAME":"Tunney Avenue","ELEVTYP_F":0,"ELEVTYP_T":0},"geometry":{"type":"LineString","coordinates":[[-74.0782204848372,39.9497674845188],[-74.0783471381186,39.9497813973817],[-74.0798478990711,39.949923977759]]}},{"type":"Feature","id":158558,"properties":{"OBJECTID":158558,"PRIMENAME":"Catalina Avenue","ELEVTYP_F":0,"ELEVTYP_T":0},"geometry":{"type":"LineString","coordinates":[[-74.0895797229337,39.9422912845123],[-74.0893475156624,39.9428308633554]]}},{"type":"Feature","id":158879,"properties":{"OBJECTID":158879,"PRIMENAME":"Beacon Road","ELEVTYP_F":0,"ELEVTYP_T":0},"geometry":{"type":"LineString","coordinates":[[-74.0687614259748,39.9871221116342],[-74.0687324255643,39.9873891103864]]}},{"type":"Feature","id":159837,"properties":{"OBJECTID":159837,"PRIMENAME":"Coolidge Avenue","ELEVTYP_F":0,"ELEVTYP_T":0},"geometry":{"type":"LineString","coordinates":[[-74.0690202244385,39.951696951062],[-74.0718064947138,39.9520144015563],[-74.0719548169222,39.9520317502846]]}},{"type":"Feature","id":159841,"properties":{"OBJECTID":159841,"PRIMENAME":"Grant Avenue","ELEVTYP_F":0,"ELEVTYP_T":0},"geometry":{"type":"LineString","coordinates":[[-74.075143636829,39.9428585046003],[-74.0736328749805,39.942715881576],[-74.0734906881298,39.9427014938982]]}},{"type":"Feature","id":159929,"properties":{"OBJECTID":159929,"PRIMENAME":"Silver Beach Road","ELEVTYP_F":0,"ELEVTYP_T":0},"geometry":{"type":"LineString","coordinates":[[-74.0619693994899,39.9963319554087],[-74.0607480445977,39.995977657359]]}},{"type":"Feature","id":160089,"properties":{"OBJECTID":160089,"PRIMENAME":"East Kingfisher Way","ELEVTYP_F":0,"ELEVTYP_T":0},"geometry":{"type":"LineString","coordinates":[[-74.0618880064808,39.992494177399],[-74.062316626666,39.9925973577468],[-74.0625175890342,39.9926429257111],[-74.0633503442565,39.9928156933462],[-74.0637846304575,39.9928958891663]]}},{"type":"Feature","id":160186,"properties":{"OBJECTID":160186,"PRIMENAME":"Ocean Road","ELEVTYP_F":0,"ELEVTYP_T":0},"geometry":{"type":"LineString","coordinates":[[-74.0624922270764,39.9902269909648],[-74.0624306515557,39.9904386228289]]}},{"type":"Feature","id":160420,"properties":{"OBJECTID":160420,"PRIMENAME":"Brown Avenue","ELEVTYP_F":0,"ELEVTYP_T":0},"geometry":{"type":"LineString","coordinates":[[-74.0688163262093,39.9711389905291],[-74.0692032037923,39.9711764213198],[-74.0704727164302,39.9713039324273]]}},{"type":"Feature","id":160497,"properties":{"OBJECTID":160497,"PRIMENAME":"West Bayview Drive","ELEVTYP_F":0,"ELEVTYP_T":0},"geometry":{"type":"LineString","coordinates":[[-74.0666182638768,39.9929567713621],[-74.0668652253055,39.9930089600445]]}},{"type":"Feature","id":160572,"properties":{"OBJECTID":160572,"PRIMENAME":"6th Avenue","ELEVTYP_F":0,"ELEVTYP_T":0},"geometry":{"type":"LineString","coordinates":[[-74.0762566530728,39.955868214916],[-74.0765064706594,39.9558923535438],[-74.077896059077,39.9560233247922]]}},{"type":"Feature","id":161147,"properties":{"OBJECTID":161147,"PRIMENAME":"West Colony Avenue","ELEVTYP_F":0,"ELEVTYP_T":0},"geometry":{"type":"LineString","coordinates":[[-74.0729506279289,39.949275263955],[-74.0728664247969,39.9496231029803]]}},{"type":"Feature","id":161689,"properties":{"OBJECTID":161689,"PRIMENAME":"White Avenue","ELEVTYP_F":0,"ELEVTYP_T":0},"geometry":{"type":"LineString","coordinates":[[-74.0694894382949,39.9772683042146],[-74.068720087961,39.9771970020998],[-74.0678372532933,39.9771099255537]]}},{"type":"Feature","id":161763,"properties":{"OBJECTID":161763,"PRIMENAME":"Seaview Road","ELEVTYP_F":0,"ELEVTYP_T":0},"geometry":{"type":"LineString","coordinates":[[-74.0620638413471,39.9908591223061],[-74.0620093787872,39.9910683939223]]}},{"type":"Feature","id":161803,"properties":{"OBJECTID":161803,"PRIMENAME":"Bay Boulevard","ELEVTYP_F":0,"ELEVTYP_T":0},"geometry":{"type":"LineString","coordinates":[[-74.0786406938813,39.94601050254],[-74.0785980884269,39.9462749748233],[-74.0785228104922,39.9467019378326]]}},{"type":"Feature","id":161994,"properties":{"OBJECTID":161994,"PRIMENAME":"Bay Boulevard","ELEVTYP_F":0,"ELEVTYP_T":0},"geometry":{"type":"LineString","coordinates":[[-74.0743611499737,39.9663464626704],[-74.074317263345,39.966254605539],[-74.0742661132814,39.9661142670641],[-74.0742334100133,39.9659911818839],[-74.0742192238236,39.9658853223508],[-74.0742087486081,39.9657737668372],[-74.0742094582879,39.965659370128],[-74.0742249391039,39.965562186217],[-74.0742257023865,39.9655599102214]]}},{"type":"Feature","id":162235,"properties":{"OBJECTID":162235,"PRIMENAME":"Bayberry Road","ELEVTYP_F":0,"ELEVTYP_T":0},"geometry":{"type":"LineString","coordinates":[[-74.0648118970438,39.9966864925118],[-74.0633830823564,39.9962616824743],[-74.0633273687593,39.9962495580403],[-74.0632809407392,39.9962422179914],[-74.0632406620182,39.9962444548867],[-74.0631941124561,39.996256194003],[-74.0631691994648,39.9962727919954],[-74.0631566917275,39.9962917974902],[-74.0630252894398,39.9966460299331]]}},{"type":"Feature","id":162377,"properties":{"OBJECTID":162377,"PRIMENAME":"Harbor Drive","ELEVTYP_F":0,"ELEVTYP_T":0},"geometry":{"type":"LineString","coordinates":[[-74.0661884255619,39.9867311100565],[-74.0663784259507,39.9867871109554],[-74.0668334232861,39.9868971106231]]}},{"type":"Feature","id":162602,"properties":{"OBJECTID":162602,"PRIMENAME":"Harborside Drive East","ELEVTYP_F":0,"ELEVTYP_T":0},"geometry":{"type":"LineString","coordinates":[[-74.0809235785109,39.95642552494],[-74.0808972581403,39.9564769325418],[-74.080882138425,39.9565226160698],[-74.080881876489,39.9565655250736],[-74.0808926752441,39.9566198951001],[-74.0809220598253,39.956674332313],[-74.0810216063363,39.9568062511096],[-74.0811727470956,39.9570069626049],[-74.0813792812194,39.957262232839],[-74.0814568996319,39.957333974725],[-74.0815493759855,39.957402970775],[-74.0816789376003,39.957486375968],[-74.0819121382226,39.9576279454409]]}},{"type":"Feature","id":162702,"properties":{"OBJECTID":162702,"PRIMENAME":"Ocean Avenue","ELEVTYP_F":0,"ELEVTYP_T":0},"geometry":{"type":"LineString","coordinates":[[-74.0690202244385,39.951696951062],[-74.0689615460567,39.9519638033635],[-74.068912658963,39.952193821341]]}},{"type":"Feature","id":163032,"properties":{"OBJECTID":163032,"PRIMENAME":"Ocean Avenue","ELEVTYP_F":0,"ELEVTYP_T":0},"geometry":{"type":"LineString","coordinates":[[-74.0684670678819,39.9551075909227],[-74.0684351832645,39.9553049201449],[-74.0683614755162,39.9557939812461]]}},{"type":"Feature","id":163147,"properties":{"OBJECTID":163147,"PRIMENAME":"Bay Boulevard","ELEVTYP_F":0,"ELEVTYP_T":0},"geometry":{"type":"LineString","coordinates":[[-74.0788637775762,39.9446474892557],[-74.0787989487681,39.9450288071912],[-74.0787492266699,39.9453372626249]]}},{"type":"Feature","id":163438,"properties":{"OBJECTID":163438,"PRIMENAME":"Goa Way","ELEVTYP_F":0,"ELEVTYP_T":0},"geometry":{"type":"LineString","coordinates":[[-74.0669784253808,39.9893401116798],[-74.0670274245852,39.9891261119364],[-74.067042423382,39.9890141100648],[-74.067034424261,39.9889431116522],[-74.0669924266596,39.9888991110331]]}},{"type":"Feature","id":164314,"properties":{"OBJECTID":164314,"PRIMENAME":"White Avenue","ELEVTYP_F":0,"ELEVTYP_T":0},"geometry":{"type":"LineString","coordinates":[[-74.0715206099148,39.9780832700484],[-74.07155073647,39.9774934844564],[-74.0715472573474,39.9774562993275],[-74.0715250620069,39.9774390308531],[-74.0714842214228,39.9774303150368]]}},{"type":"Feature","id":164567,"properties":{"OBJECTID":164567,"PRIMENAME":"West Swordfish Way","ELEVTYP_F":0,"ELEVTYP_T":0},"geometry":{"type":"LineString","coordinates":[[-74.0664574251547,39.9910521115864],[-74.0670414254043,39.9911441103554],[-74.0670544653409,39.9911467657107]]}},{"type":"Feature","id":165174,"properties":{"OBJECTID":165174,"PRIMENAME":"Brooks Road","ELEVTYP_F":0,"ELEVTYP_T":0},"geometry":{"type":"LineString","coordinates":[[-74.0639982136369,39.9946676277582],[-74.0654280810711,39.9950905940858]]}},{"type":"Feature","id":165194,"properties":{"OBJECTID":165194,"PRIMENAME":"Harbor Drive","ELEVTYP_F":0,"ELEVTYP_T":0},"geometry":{"type":"LineString","coordinates":[[-74.0693344251715,39.9871871105613],[-74.0696074262308,39.9872191107386]]}},{"type":"Feature","id":165356,"properties":{"OBJECTID":165356,"PRIMENAME":"East Central Avenue","ELEVTYP_F":0,"ELEVTYP_T":0},"geometry":{"type":"LineString","coordinates":[[-74.0734216875892,39.9522033628414],[-74.0734950791574,39.9516899723319]]}},{"type":"Feature","id":165620,"properties":{"OBJECTID":165620,"PRIMENAME":"Anchor Road","ELEVTYP_F":0,"ELEVTYP_T":0},"geometry":{"type":"LineString","coordinates":[[-74.0698894262103,39.9872511103404],[-74.0698624245173,39.9874641103638],[-74.0698354252364,39.987682112011]]}},{"type":"Feature","id":165942,"properties":{"OBJECTID":165942,"PRIMENAME":"Diane Lane","ELEVTYP_F":0,"ELEVTYP_T":0},"geometry":{"type":"LineString","coordinates":[[-74.0695332589041,39.9597593129536],[-74.0695468683566,39.9596506061254]]}},{"type":"Feature","id":166076,"properties":{"OBJECTID":166076,"PRIMENAME":"Washington Avenue","ELEVTYP_F":0,"ELEVTYP_T":0},"geometry":{"type":"LineString","coordinates":[[-74.0767121026248,39.9530732165818],[-74.0767948448617,39.9525666945761]]}},{"type":"Feature","id":166184,"properties":{"OBJECTID":166184,"PRIMENAME":"Hayes Court","ELEVTYP_F":0,"ELEVTYP_T":0},"geometry":{"type":"LineString","coordinates":[[-74.0640863532895,39.998556484027],[-74.0645220549537,39.9986809484745],[-74.0657208340054,39.9990314715455],[-74.0668825199647,39.9993732778927]]}},{"type":"Feature","id":166741,"properties":{"OBJECTID":166741,"PRIMENAME":"Marshmallow Road","ELEVTYP_F":0,"ELEVTYP_T":0},"geometry":{"type":"LineString","coordinates":[[-74.0630252894398,39.9966460299331],[-74.0630021910314,39.9967082617963],[-74.0629105255746,39.9969939002156],[-74.0629103433742,39.99702247893],[-74.0629194101611,39.9970558968898],[-74.0629347049306,39.9970869217404],[-74.0629624352141,39.9971156336313],[-74.0630211745198,39.9971349077426],[-74.0643944150767,39.9975332946963]]}},{"type":"Feature","id":166829,"properties":{"OBJECTID":166829,"PRIMENAME":"1st Avenue","ELEVTYP_F":0,"ELEVTYP_T":0},"geometry":{"type":"LineString","coordinates":[[-74.073861733623,39.9601186958164],[-74.0725140811328,39.9599904942343]]}},{"type":"Feature","id":167123,"properties":{"OBJECTID":167123,"PRIMENAME":"4th Avenue","ELEVTYP_F":0,"ELEVTYP_T":0},"geometry":{"type":"LineString","coordinates":[[-74.0627551022694,40.0008508419655],[-74.0628184270482,40.0008624738728],[-74.0629449666715,40.0008972959215]]}},{"type":"Feature","id":167876,"properties":{"OBJECTID":167876,"PRIMENAME":"6th Avenue","ELEVTYP_F":0,"ELEVTYP_T":0},"geometry":{"type":"LineString","coordinates":[[-74.0728846845425,39.9555405067502],[-74.0730609870897,39.9555572987268]]}},{"type":"Feature","id":167909,"properties":{"OBJECTID":167909,"PRIMENAME":"Basin Way","ELEVTYP_F":0,"ELEVTYP_T":0},"geometry":{"type":"LineString","coordinates":[[-74.0660934256395,39.992472111787],[-74.0661514257026,39.9922681116531],[-74.0661854248684,39.9921471118588]]}},{"type":"Feature","id":168019,"properties":{"OBJECTID":168019,"PRIMENAME":"7th Avenue","ELEVTYP_F":0,"ELEVTYP_T":0},"geometry":{"type":"LineString","coordinates":[[-74.0746960986413,39.9550268344295],[-74.0733577991017,39.9548902769638]]}},{"type":"Feature","id":168229,"properties":{"OBJECTID":168229,"PRIMENAME":"Ocala Court","ELEVTYP_F":0,"ELEVTYP_T":0},"geometry":{"type":"LineString","coordinates":[[-74.0700538702462,39.996015818316],[-74.0696861126448,39.9967654740901]]}},{"type":"Feature","id":168299,"properties":{"OBJECTID":168299,"PRIMENAME":"Ocean Road","ELEVTYP_F":0,"ELEVTYP_T":0},"geometry":{"type":"LineString","coordinates":[[-74.0627714243682,39.9890731100688],[-74.0627154239172,39.9893111106466]]}},{"type":"Feature","id":168365,"properties":{"OBJECTID":168365,"PRIMENAME":"Seaview Road","ELEVTYP_F":0,"ELEVTYP_T":0},"geometry":{"type":"LineString","coordinates":[[-74.0618863306327,39.9915334340015],[-74.0618464234338,39.9916821114399],[-74.0618200024662,39.9917798733523]]}},{"type":"Feature","id":168504,"properties":{"OBJECTID":168504,"PRIMENAME":"Sand Dune Lane","ELEVTYP_F":0,"ELEVTYP_T":0},"geometry":{"type":"LineString","coordinates":[[-74.0603174269139,39.9978805610381],[-74.0611071567632,39.9979926000266],[-74.0611406717319,39.9979988490336],[-74.0611722994773,39.998009758343],[-74.061187248577,39.9980220591377],[-74.0611965098302,39.9980474887011],[-74.0612008899002,39.9980769358463],[-74.0611959650933,39.9981102730389],[-74.061101401578,39.9984790557284]]}},{"type":"Feature","id":168749,"properties":{"OBJECTID":168749,"PRIMENAME":"Washington Avenue","ELEVTYP_F":0,"ELEVTYP_T":0},"geometry":{"type":"LineString","coordinates":[[-74.0758537609326,39.958263071794],[-74.0759403453416,39.9577604073665]]}},{"type":"Feature","id":168980,"properties":{"OBJECTID":168980,"PRIMENAME":"3rd Avenue","ELEVTYP_F":0,"ELEVTYP_T":0},"geometry":{"type":"LineString","coordinates":[[-74.0614743228555,39.9999459658355],[-74.0611632295896,39.9998950144545],[-74.0598065979037,39.9996684574913]]}},{"type":"Feature","id":169740,"properties":{"OBJECTID":169740,"PRIMENAME":"New Brunswick Avenue","ELEVTYP_F":0,"ELEVTYP_T":0},"geometry":{"type":"LineString","coordinates":[[-74.0710889880973,39.9675404159665],[-74.0718727760975,39.9676140074078],[-74.0726226577652,39.9676895266756]]}},{"type":"Feature","id":169799,"properties":{"OBJECTID":169799,"PRIMENAME":"Pennsylvania Avenue","ELEVTYP_F":0,"ELEVTYP_T":0},"geometry":{"type":"LineString","coordinates":[[-74.0713298270467,39.9660724779804],[-74.0728616635927,39.9662184757857]]}},{"type":"Feature","id":169847,"properties":{"OBJECTID":169847,"PRIMENAME":"East Osprey Way","ELEVTYP_F":0,"ELEVTYP_T":0},"geometry":{"type":"LineString","coordinates":[[-74.0626434237625,39.9886601113298],[-74.0643031176843,39.9889075867491],[-74.0647688071201,39.9889770199972]]}},{"type":"Feature","id":169895,"properties":{"OBJECTID":169895,"PRIMENAME":"Arrow Court","ELEVTYP_F":0,"ELEVTYP_T":0},"geometry":{"type":"LineString","coordinates":[[-74.0648620799037,40.0045545406174],[-74.0649155878716,40.0045609734803],[-74.0649586423831,40.0045777720225],[-74.0650106362468,40.0045865608062],[-74.0650701818238,40.0045810188694],[-74.0651049218852,40.004563469299],[-74.0651214596441,40.0045394816338],[-74.0651276318407,40.0045062858967],[-74.0651080153516,40.0044753820612],[-74.0650635013424,40.0044580565889],[-74.0650324218347,40.0044563475031],[-74.0650077584347,40.0044549921486],[-74.0649593320605,40.004469113574],[-74.0649294137165,40.0044918701626],[-74.0649031896574,40.004523261259],[-74.0648620799037,40.0045545406174]]}},{"type":"Feature","id":170050,"properties":{"OBJECTID":170050,"PRIMENAME":"Seaview Road","ELEVTYP_F":0,"ELEVTYP_T":0},"geometry":{"type":"LineString","coordinates":[[-74.0624534583469,39.9892683688443],[-74.0623962007624,39.9895092125482]]}},{"type":"Feature","id":170360,"properties":{"OBJECTID":170360,"PRIMENAME":"Baltimore Avenue","ELEVTYP_F":0,"ELEVTYP_T":0},"geometry":{"type":"LineString","coordinates":[[-74.0726226577652,39.9676895266756],[-74.072655403521,39.9674845402422],[-74.0727412095555,39.9669578821509]]}},{"type":"Feature","id":170395,"properties":{"OBJECTID":170395,"PRIMENAME":"7th Avenue","ELEVTYP_F":0,"ELEVTYP_T":0},"geometry":{"type":"LineString","coordinates":[[-74.0607298387792,40.0026296135966],[-74.0605256522944,40.0025949892186],[-74.0590731865311,40.0023635297115]]}},{"type":"Feature","id":170845,"properties":{"OBJECTID":170845,"PRIMENAME":"Harding Avenue","ELEVTYP_F":0,"ELEVTYP_T":0},"geometry":{"type":"LineString","coordinates":[[-74.0768816633316,39.9520352862232],[-74.075345759786,39.9518987158077],[-74.0742057438314,39.9517744243082],[-74.0738732785764,39.9517349044432]]}},{"type":"Feature","id":171520,"properties":{"OBJECTID":171520,"PRIMENAME":"South Surf Road","ELEVTYP_F":0,"ELEVTYP_T":0},"geometry":{"type":"LineString","coordinates":[[-74.0630260029964,39.9951787759532],[-74.062603578873,39.9950694274728]]}},{"type":"Feature","id":172056,"properties":{"OBJECTID":172056,"PRIMENAME":"Washington Avenue","ELEVTYP_F":0,"ELEVTYP_T":0},"geometry":{"type":"LineString","coordinates":[[-74.0761843814204,39.9563125370777],[-74.0762566530728,39.955868214916]]}},{"type":"Feature","id":172240,"properties":{"OBJECTID":172240,"PRIMENAME":"Bay Boulevard","ELEVTYP_F":0,"ELEVTYP_T":0},"geometry":{"type":"LineString","coordinates":[[-74.0793156631259,39.9418395034816],[-74.0792390224731,39.9419489036202],[-74.0791909691813,39.9420437195105],[-74.0791772988092,39.9421501911337],[-74.0791716019295,39.9421894290131]]}},{"type":"Feature","id":172255,"properties":{"OBJECTID":172255,"PRIMENAME":"Bay Boulevard","ELEVTYP_F":0,"ELEVTYP_T":0},"geometry":{"type":"LineString","coordinates":[[-74.0747034893356,39.9648502274576],[-74.074802142712,39.9647750097685],[-74.0749625095992,39.9646898051186],[-74.075081777432,39.9646330561949],[-74.0752233093982,39.9645820992408],[-74.0754801844109,39.9645086955012],[-74.0757929119702,39.9644269019007],[-74.0760014785595,39.9643532931939],[-74.0761878176767,39.9642739193615],[-74.0762492595417,39.9642384812067]]}},{"type":"Feature","id":172393,"properties":{"OBJECTID":172393,"PRIMENAME":"Broad Avenue","ELEVTYP_F":0,"ELEVTYP_T":0},"geometry":{"type":"LineString","coordinates":[[-74.0644920901563,40.002419676084],[-74.0643396320287,40.002727576601]]}},{"type":"Feature","id":172424,"properties":{"OBJECTID":172424,"PRIMENAME":"Bay Boulevard","ELEVTYP_F":0,"ELEVTYP_T":0},"geometry":{"type":"LineString","coordinates":[[-74.0784816990013,39.9532315937372],[-74.0783192356343,39.953215793482]]}},{"type":"Feature","id":172718,"properties":{"OBJECTID":172718,"PRIMENAME":"Strickland Boulevard","ELEVTYP_F":0,"ELEVTYP_T":0},"geometry":{"type":"LineString","coordinates":[[-74.06421230475,39.9940390588907],[-74.065584111922,39.9943169605946],[-74.065752741563,39.9943545719156]]}},{"type":"Feature","id":172803,"properties":{"OBJECTID":172803,"PRIMENAME":"New Jersey Avenue","ELEVTYP_F":0,"ELEVTYP_T":0},"geometry":{"type":"LineString","coordinates":[[-74.0731143421055,39.9646699735675],[-74.0745630578776,39.9648156427626]]}},{"type":"Feature","id":172951,"properties":{"OBJECTID":172951,"PRIMENAME":"6th Avenue","ELEVTYP_F":0,"ELEVTYP_T":0},"geometry":{"type":"LineString","coordinates":[[-74.0623257417607,40.0021524689546],[-74.0623319866463,40.0021528221956],[-74.062421138062,40.0021674620245],[-74.0643396320287,40.002727576601]]}},{"type":"Feature","id":173033,"properties":{"OBJECTID":173033,"PRIMENAME":"Ocean Bay Boulevard","ELEVTYP_F":0,"ELEVTYP_T":0},"geometry":{"type":"LineString","coordinates":[[-74.0684329052939,39.9836939087345],[-74.0677764435712,39.9836312773732],[-74.0661563675183,39.983471895551]]}},{"type":"Feature","id":173353,"properties":{"OBJECTID":173353,"PRIMENAME":"East Rutherford Lane","ELEVTYP_F":0,"ELEVTYP_T":0},"geometry":{"type":"LineString","coordinates":[[-74.0665071884874,39.9822079300489],[-74.0663795941937,39.9821941484321],[-74.0640943743236,39.9819794066776]]}},{"type":"Feature","id":173935,"properties":{"OBJECTID":173935,"PRIMENAME":"Ocean Boulevard","ELEVTYP_F":0,"ELEVTYP_T":0},"geometry":{"type":"LineString","coordinates":[[-74.0730343528318,39.9454631520766],[-74.0729858182185,39.9457597217217],[-74.0729228385677,39.9461423608006]]}},{"type":"Feature","id":173937,"properties":{"OBJECTID":173937,"PRIMENAME":"West Bayberry Way","ELEVTYP_F":0,"ELEVTYP_T":0},"geometry":{"type":"LineString","coordinates":[[-74.0655891026985,39.9857214193171],[-74.0680622114301,39.9859464380417]]}},{"type":"Feature","id":173944,"properties":{"OBJECTID":173944,"PRIMENAME":"White Avenue","ELEVTYP_F":0,"ELEVTYP_T":0},"geometry":{"type":"LineString","coordinates":[[-74.0701503904893,39.9773206401885],[-74.0700055007081,39.9773161775116],[-74.0694894382949,39.9772683042146]]}},{"type":"Feature","id":173978,"properties":{"OBJECTID":173978,"PRIMENAME":"Sherman Avenue","ELEVTYP_F":0,"ELEVTYP_T":0},"geometry":{"type":"LineString","coordinates":[[-74.0750238968363,39.9435857566814],[-74.0745075845522,39.9435376860536],[-74.0733705270392,39.943424817401]]}},{"type":"Feature","id":174058,"properties":{"OBJECTID":174058,"PRIMENAME":"Bay Boulevard","ELEVTYP_F":0,"ELEVTYP_T":0},"geometry":{"type":"LineString","coordinates":[[-74.078164563128,39.948047051945],[-74.0781034586328,39.9481634540354],[-74.0780434536736,39.9482576214671],[-74.0779797390092,39.948346037815],[-74.07787868122,39.9484686353638],[-74.0777777109968,39.9485712201799],[-74.0775969924812,39.9487480763651]]}},{"type":"Feature","id":175296,"properties":{"OBJECTID":175296,"PRIMENAME":"Catalina Avenue","ELEVTYP_F":0,"ELEVTYP_T":0},"geometry":{"type":"LineString","coordinates":[[-74.0893707664275,39.9436907185936],[-74.0895140399172,39.9439062166607],[-74.08954796891,39.9439882315715],[-74.0895570324374,39.9440412491052],[-74.0895504311162,39.9441014051906],[-74.0895344419055,39.9441567497471],[-74.0894371215105,39.9443927283823]]}},{"type":"Feature","id":175524,"properties":{"OBJECTID":175524,"PRIMENAME":"Biscayne Court","ELEVTYP_F":0,"ELEVTYP_T":0},"geometry":{"type":"LineString","coordinates":[[-74.0703050636471,39.9976831544811],[-74.0702720749739,39.9976384202022],[-74.0702387549773,39.99761254547],[-74.0701905496466,39.9975923530259],[-74.070044580729,39.9975514563861]]}},{"type":"Feature","id":175772,"properties":{"OBJECTID":175772,"PRIMENAME":"Gull Lane","ELEVTYP_F":0,"ELEVTYP_T":0},"geometry":{"type":"LineString","coordinates":[[-74.0699324267382,39.9868961109466],[-74.0702364246798,39.9869261106883]]}},{"type":"Feature","id":175922,"properties":{"OBJECTID":175922,"PRIMENAME":"6th Avenue","ELEVTYP_F":0,"ELEVTYP_T":0},"geometry":{"type":"LineString","coordinates":[[-74.0609239373626,40.001959658828],[-74.0611170769503,40.0019909467945],[-74.0620940114219,40.002149068044],[-74.0621162706534,40.0021517056448]]}},{"type":"Feature","id":176141,"properties":{"OBJECTID":176141,"PRIMENAME":"Washington Avenue","ELEVTYP_F":0,"ELEVTYP_T":0},"geometry":{"type":"LineString","coordinates":[[-74.0767948448617,39.9525666945761],[-74.0768816633316,39.9520352862232]]}},{"type":"Feature","id":176410,"properties":{"OBJECTID":176410,"PRIMENAME":"West Sandpiper Way","ELEVTYP_F":0,"ELEVTYP_T":0},"geometry":{"type":"LineString","coordinates":[[-74.0641630362245,39.9913866040517],[-74.0662934252956,39.9917121125379]]}},{"type":"Feature","id":176515,"properties":{"OBJECTID":176515,"PRIMENAME":"Jersey City Avenue","ELEVTYP_F":0,"ELEVTYP_T":0},"geometry":{"type":"LineString","coordinates":[[-74.0717060889398,39.9637872747442],[-74.071260381209,39.9637443097542],[-74.0700511017256,39.9636260081289]]}},{"type":"Feature","id":176685,"properties":{"OBJECTID":176685,"PRIMENAME":"West Sea Way","ELEVTYP_F":0,"ELEVTYP_T":0},"geometry":{"type":"LineString","coordinates":[[-74.0657013573643,39.985270143096],[-74.0681234244125,39.9854931101874],[-74.0681370953745,39.9854954309082]]}},{"type":"Feature","id":177002,"properties":{"OBJECTID":177002,"PRIMENAME":"Venice Drive","ELEVTYP_F":0,"ELEVTYP_T":0},"geometry":{"type":"LineString","coordinates":[[-74.0696195542587,39.9958877274004],[-74.0698641795152,39.9954196467141],[-74.0699131185609,39.9953226150829],[-74.0699282730881,39.9952797337411],[-74.0699359485998,39.9952397348282],[-74.0699362714721,39.9951882606537],[-74.0699366301615,39.9951310761328],[-74.0699258343067,39.9950767054607],[-74.0699076867261,39.9950051211267],[-74.0694354543893,39.9938223145472],[-74.0693437664563,39.9936217819436],[-74.0693179989833,39.9935816587939],[-74.0692921408646,39.9935557844811],[-74.0692513795088,39.9935327910804],[-74.0692069257582,39.9935126121604],[-74.0691511918676,39.9934981296945],[-74.0691029181478,39.9934893295734],[-74.0690509140259,39.9934834257454],[-74.068987684567,39.9934860458713],[-74.0689170117876,39.9934972589427],[-74.06787807231,39.9937364368265],[-74.0677030316873,39.9937929699565],[-74.0676433516651,39.9938213537888],[-74.0675985736517,39.9938468830029],[-74.0675537398891,39.9938810605762],[-74.0675014120962,39.9939266302267],[-74.0674639848062,39.9939694002207],[-74.0674227018323,39.9940235767713],[-74.0673776166638,39.9940977528142],[-74.0673511813763,39.9941634336384],[-74.067332134338,39.9942348516151],[-74.0673279890812,39.9943034699779],[-74.06733871052,39.9943692885976],[-74.0673824607639,39.9945067195772]]}},{"type":"Feature","id":177014,"properties":{"OBJECTID":177014,"PRIMENAME":"Hancock Avenue","ELEVTYP_F":0,"ELEVTYP_T":0},"geometry":{"type":"LineString","coordinates":[[-74.0779313007184,39.9452520355449],[-74.0775413741355,39.9452113838611],[-74.0758742725892,39.9450488927054],[-74.0748009860542,39.9449437121394]]}},{"type":"Feature","id":177672,"properties":{"OBJECTID":177672,"PRIMENAME":"Ocean Avenue","ELEVTYP_F":0,"ELEVTYP_T":0},"geometry":{"type":"LineString","coordinates":[[-74.0688143520371,39.952709834537],[-74.0687662463143,39.953059581696]]}},{"type":"Feature","id":177769,"properties":{"OBJECTID":177769,"PRIMENAME":"Bullard Drive","ELEVTYP_F":0,"ELEVTYP_T":0},"geometry":{"type":"LineString","coordinates":[[-74.0841781920067,39.9631078496948],[-74.0833680635875,39.963347934048]]}},{"type":"Feature","id":177868,"properties":{"OBJECTID":177868,"PRIMENAME":"Joseph Street","ELEVTYP_F":0,"ELEVTYP_T":0},"geometry":{"type":"LineString","coordinates":[[-74.0685868914043,39.9827555701606],[-74.0686355966231,39.9827513316513],[-74.0687152264134,39.9827497337763],[-74.0692379308128,39.9827921985482],[-74.0705945614863,39.9829250571841],[-74.0731877935431,39.9831777092312],[-74.0742280827609,39.9832787486036]]}},{"type":"Feature","id":177939,"properties":{"OBJECTID":177939,"PRIMENAME":"Marlin Drive","ELEVTYP_F":0,"ELEVTYP_T":0},"geometry":{"type":"LineString","coordinates":[[-74.0728094261526,39.9500431037506],[-74.0738136019393,39.9501426255507]]}},{"type":"Feature","id":178444,"properties":{"OBJECTID":178444,"PRIMENAME":"Bay Boulevard","ELEVTYP_F":0,"ELEVTYP_T":0},"geometry":{"type":"LineString","coordinates":[[-74.0721488043777,39.9714874266572],[-74.0721701694611,39.9714428663168],[-74.0722339322538,39.9713515984854],[-74.0723276300908,39.9712261231037],[-74.0724550100273,39.971066428697],[-74.0725787673883,39.9708924436295],[-74.0726452052922,39.9707782344267]]}},{"type":"Feature","id":178825,"properties":{"OBJECTID":178825,"PRIMENAME":"Basin Way","ELEVTYP_F":0,"ELEVTYP_T":0},"geometry":{"type":"LineString","coordinates":[[-74.0662324261384,39.9919581114087],[-74.0662934252956,39.9917121125379]]}},{"type":"Feature","id":179120,"properties":{"OBJECTID":179120,"PRIMENAME":"Eisenhower Avenue","ELEVTYP_F":0,"ELEVTYP_T":0},"geometry":{"type":"LineString","coordinates":[[-74.0782146226263,39.9514827766044],[-74.0779494947935,39.9514563890886],[-74.0769775487573,39.9513637589387]]}},{"type":"Feature","id":179583,"properties":{"OBJECTID":179583,"PRIMENAME":"Harbor Drive","ELEVTYP_F":0,"ELEVTYP_T":0},"geometry":{"type":"LineString","coordinates":[[-74.0701854269478,39.9872841114217],[-74.0704654245705,39.987349110431]]}},{"type":"Feature","id":180272,"properties":{"OBJECTID":180272,"PRIMENAME":"Pershing Boulevard","ELEVTYP_F":0,"ELEVTYP_T":0},"geometry":{"type":"LineString","coordinates":[[-74.0847036984572,39.9639378756915],[-74.0846494447778,39.9638295959264],[-74.0843459287272,39.9633173469973],[-74.0842276333001,39.9631622480716],[-74.0841781920067,39.9631078496948]]}},{"type":"Feature","id":180376,"properties":{"OBJECTID":180376,"PRIMENAME":"Joseph Street","ELEVTYP_F":0,"ELEVTYP_T":0},"geometry":{"type":"LineString","coordinates":[[-74.0664110192096,39.9825491540837],[-74.0670277481984,39.9826100730261],[-74.0676815656724,39.9826811474041],[-74.06845436585,39.982752661136],[-74.0685388021253,39.9827584941065],[-74.068584141729,39.9827558346426],[-74.0685868914043,39.9827555701606]]}},{"type":"Feature","id":180466,"properties":{"OBJECTID":180466,"PRIMENAME":"Washington Avenue","ELEVTYP_F":0,"ELEVTYP_T":0},"geometry":{"type":"LineString","coordinates":[[-74.0756884156253,39.9592717219575],[-74.0757415869956,39.9589403292894],[-74.0757701633769,39.9587670638828]]}},{"type":"Feature","id":180780,"properties":{"OBJECTID":180780,"PRIMENAME":"Ocean Terrace","ELEVTYP_F":0,"ELEVTYP_T":0},"geometry":{"type":"LineString","coordinates":[[-74.0691757514183,39.950986531333],[-74.0691336889933,39.9511808849445]]}},{"type":"Feature","id":181301,"properties":{"OBJECTID":181301,"PRIMENAME":"Elizabeth Avenue","ELEVTYP_F":0,"ELEVTYP_T":0},"geometry":{"type":"LineString","coordinates":[[-74.0767794029982,39.9627689255206],[-74.0769105842846,39.9627812910529]]}},{"type":"Feature","id":182551,"properties":{"OBJECTID":182551,"PRIMENAME":"Jacobsen Lane","ELEVTYP_F":0,"ELEVTYP_T":0},"geometry":{"type":"LineString","coordinates":[[-74.0622691976364,39.9973835994952],[-74.0619093063173,39.9972788774029],[-74.0612783743461,39.9971025167953],[-74.0606845182742,39.9969286828649]]}},{"type":"Feature","id":183052,"properties":{"OBJECTID":183052,"PRIMENAME":"Pershing Boulevard","ELEVTYP_F":0,"ELEVTYP_T":0},"geometry":{"type":"LineString","coordinates":[[-74.0841781920067,39.9631078496948],[-74.0840889149429,39.9630096842126],[-74.0839399097721,39.962864989713],[-74.083726327111,39.9626912367693],[-74.0835295285803,39.9625620190738],[-74.0832818055472,39.9624117259858],[-74.0830201728426,39.9622902078148],[-74.0827244930882,39.9621764189106],[-74.0820898174668,39.9619851408056]]}},{"type":"Feature","id":183269,"properties":{"OBJECTID":183269,"PRIMENAME":"Guyer Avenue","ELEVTYP_F":0,"ELEVTYP_T":0},"geometry":{"type":"LineString","coordinates":[[-74.0712123203477,39.9751831321885],[-74.0698526666049,39.9750558432199]]}},{"type":"Feature","id":183361,"properties":{"OBJECTID":183361,"PRIMENAME":"Ocean Road","ELEVTYP_F":0,"ELEVTYP_T":0},"geometry":{"type":"LineString","coordinates":[[-74.0610521021804,39.994153008333],[-74.0610320683338,39.9941434065884],[-74.0610119417217,39.9941259800523],[-74.0610073175938,39.9941067171443],[-74.0610110450717,39.9940820230839],[-74.0610596501074,39.9939385426898]]}},{"type":"Feature","id":183429,"properties":{"OBJECTID":183429,"PRIMENAME":"Seaview Road","ELEVTYP_F":0,"ELEVTYP_T":0},"geometry":{"type":"LineString","coordinates":[[-74.0621822963535,39.9903976305298],[-74.0621242023219,39.9906233732396]]}},{"type":"Feature","id":183710,"properties":{"OBJECTID":183710,"PRIMENAME":"Bay Boulevard","ELEVTYP_F":0,"ELEVTYP_T":0},"geometry":{"type":"LineString","coordinates":[[-74.0705741531482,39.9766589573715],[-74.0706049062996,39.9766315077899],[-74.0706736058987,39.9765791887552],[-74.0708004993589,39.9764938661054],[-74.0709499992907,39.9763657442193],[-74.0710547501415,39.9762602976418],[-74.0711186714367,39.9761787227288],[-74.0711669418757,39.9761119686985],[-74.0712103501365,39.9760350943046],[-74.0712499073506,39.9759579039115],[-74.0712524780117,39.9759519561275]]}},{"type":"Feature","id":183717,"properties":{"OBJECTID":183717,"PRIMENAME":"West Albacore Way","ELEVTYP_F":0,"ELEVTYP_T":0},"geometry":{"type":"LineString","coordinates":[[-74.0646777420914,39.9893367402433],[-74.0668994246223,39.9896931117243]]}},{"type":"Feature","id":183740,"properties":{"OBJECTID":183740,"PRIMENAME":"Dickman Drive","ELEVTYP_F":0,"ELEVTYP_T":0},"geometry":{"type":"LineString","coordinates":[[-74.0792683445172,39.9663185287129],[-74.0792002654051,39.9663422765504],[-74.0790330562869,39.9663914706799],[-74.0788965385242,39.9664276797221],[-74.0786986570588,39.9664689104447],[-74.0785520185406,39.9664972307993],[-74.0783815113743,39.9665254101163],[-74.0782416847042,39.9665485118136],[-74.0780608052426,39.9665924108603],[-74.0779550378306,39.9666234876738],[-74.0778185595324,39.9666649125053],[-74.0776512436431,39.966719375208],[-74.0774497123969,39.9668025393096],[-74.0772891370641,39.9668806093726],[-74.0771010860339,39.9669821055508],[-74.0769573965223,39.9670759946887],[-74.07688205353,39.9671491042335],[-74.0768236912298,39.9672170588],[-74.0767953173996,39.9672775748633],[-74.0767856558032,39.9672981829839],[-74.0767717251366,39.9673584473289],[-74.0767645222006,39.9674213176722],[-74.0767740510042,39.9675367128081]]}},{"type":"Feature","id":183917,"properties":{"OBJECTID":183917,"PRIMENAME":"Kerr Avenue","ELEVTYP_F":0,"ELEVTYP_T":0},"geometry":{"type":"LineString","coordinates":[[-74.0705741531482,39.9766589573715],[-74.0705041495399,39.9766345391872],[-74.0704242629146,39.9766156570238]]}},{"type":"Feature","id":184346,"properties":{"OBJECTID":184346,"PRIMENAME":"Fort Meyers Court","ELEVTYP_F":0,"ELEVTYP_T":0},"geometry":{"type":"LineString","coordinates":[[-74.0707907524308,39.9946306059037],[-74.0706205674223,39.9941965933831]]}},{"type":"Feature","id":184806,"properties":{"OBJECTID":184806,"PRIMENAME":"Brooklyn Avenue","ELEVTYP_F":0,"ELEVTYP_T":0},"geometry":{"type":"LineString","coordinates":[[-74.0725049214919,39.9684270205032],[-74.07409956943,39.968585560722]]}},{"type":"Feature","id":184980,"properties":{"OBJECTID":184980,"PRIMENAME":"Washington Avenue","ELEVTYP_F":0,"ELEVTYP_T":0},"geometry":{"type":"LineString","coordinates":[[-74.0769775487573,39.9513637589387],[-74.0769969964605,39.9512063824962],[-74.0770287572476,39.9508278006204]]}},{"type":"Feature","id":185006,"properties":{"OBJECTID":185006,"PRIMENAME":"Kittiwake Avenue","ELEVTYP_F":0,"ELEVTYP_T":0},"geometry":{"type":"LineString","coordinates":[[-74.0645069636427,39.9878660074173],[-74.0645585139635,39.9878740462544],[-74.0645587572749,39.9878740849982],[-74.0650286428347,39.9879473429602]]}},{"type":"Feature","id":185222,"properties":{"OBJECTID":185222,"PRIMENAME":"Ocean Terrace","ELEVTYP_F":0,"ELEVTYP_T":0},"geometry":{"type":"LineString","coordinates":[[-74.0588928104567,40.0030282076631],[-74.0590731865311,40.0023635297115]]}},{"type":"Feature","id":185877,"properties":{"OBJECTID":185877,"PRIMENAME":"8th Avenue","ELEVTYP_F":0,"ELEVTYP_T":0},"geometry":{"type":"LineString","coordinates":[[-74.0764774966757,39.9545113226181],[-74.0768799540974,39.9545530945797],[-74.0773132459955,39.9545929185418]]}},{"type":"Feature","id":185994,"properties":{"OBJECTID":185994,"PRIMENAME":"East Railway Avenue","ELEVTYP_F":0,"ELEVTYP_T":0},"geometry":{"type":"LineString","coordinates":[[-74.0720495655506,39.957892109074],[-74.0722044744779,39.9568946266891]]}},{"type":"Feature","id":186204,"properties":{"OBJECTID":186204,"PRIMENAME":"Baltimore Avenue","ELEVTYP_F":0,"ELEVTYP_T":0},"geometry":{"type":"LineString","coordinates":[[-74.0733561203463,39.9631972287249],[-74.0734821215308,39.9624586378598]]}},{"type":"Feature","id":186844,"properties":{"OBJECTID":186844,"PRIMENAME":"Liggett Road","ELEVTYP_F":0,"ELEVTYP_T":0},"geometry":{"type":"LineString","coordinates":[[-74.0811739465591,39.9650964078568],[-74.0813839635422,39.9652465422112],[-74.08139811943,39.9652566704872],[-74.0820769673292,39.965742331611]]}},{"type":"Feature","id":187284,"properties":{"OBJECTID":187284,"PRIMENAME":"Shuster Avenue","ELEVTYP_F":0,"ELEVTYP_T":0},"geometry":{"type":"LineString","coordinates":[[-74.0774198182213,39.9589257587276],[-74.0757701633769,39.9587670638828]]}},{"type":"Feature","id":187558,"properties":{"OBJECTID":187558,"PRIMENAME":"Eisenhower Avenue","ELEVTYP_F":0,"ELEVTYP_T":0},"geometry":{"type":"LineString","coordinates":[[-74.0769775487573,39.9513637589387],[-74.0743766272555,39.9511158863764]]}},{"type":"Feature","id":187869,"properties":{"OBJECTID":187869,"PRIMENAME":"Durborow Avenue","ELEVTYP_F":0,"ELEVTYP_T":0},"geometry":{"type":"LineString","coordinates":[[-74.0739424299802,39.9596192521863],[-74.0726028875467,39.9595134830552]]}},{"type":"Feature","id":187926,"properties":{"OBJECTID":187926,"PRIMENAME":"Ocean Terrace","ELEVTYP_F":0,"ELEVTYP_T":0},"geometry":{"type":"LineString","coordinates":[[-74.070506085174,39.9452251232042],[-74.0705788353518,39.9447822881226],[-74.0706174154965,39.9445446532507]]}},{"type":"Feature","id":187949,"properties":{"OBJECTID":187949,"PRIMENAME":"Bay Boulevard","ELEVTYP_F":0,"ELEVTYP_T":0},"geometry":{"type":"LineString","coordinates":[[-74.0784888062281,39.9527363255209],[-74.0784876362574,39.9526188187263],[-74.0784495610736,39.9522084108076]]}},{"type":"Feature","id":188020,"properties":{"OBJECTID":188020,"PRIMENAME":"Saint Lawrence Avenue","ELEVTYP_F":0,"ELEVTYP_T":0},"geometry":{"type":"LineString","coordinates":[[-74.0882594261086,39.9441086053087],[-74.0886014051033,39.9441867448343],[-74.0894371215105,39.9443927283823]]}},{"type":"Feature","id":188242,"properties":{"OBJECTID":188242,"PRIMENAME":"Vance Avenue","ELEVTYP_F":0,"ELEVTYP_T":0},"geometry":{"type":"LineString","coordinates":[[-74.070229998233,39.9727754297989],[-74.0709293074983,39.9728440739522],[-74.0716127882366,39.9729162519279]]}},{"type":"Feature","id":188340,"properties":{"OBJECTID":188340,"PRIMENAME":"Fremont Avenue","ELEVTYP_F":0,"ELEVTYP_T":0},"geometry":{"type":"LineString","coordinates":[[-74.070506085174,39.9452251232042],[-74.0711398135529,39.9452810318982],[-74.0724765841663,39.9454089074525],[-74.0730343528318,39.9454631520766]]}},{"type":"Feature","id":188480,"properties":{"OBJECTID":188480,"PRIMENAME":"Bay Lane","ELEVTYP_F":0,"ELEVTYP_T":0},"geometry":{"type":"LineString","coordinates":[[-74.065522601552,39.9948762614797],[-74.065752741563,39.9943545719156]]}},{"type":"Feature","id":188726,"properties":{"OBJECTID":188726,"PRIMENAME":"Fremont Avenue","ELEVTYP_F":0,"ELEVTYP_T":0},"geometry":{"type":"LineString","coordinates":[[-74.0777653700617,39.9459253683079],[-74.0786406938813,39.94601050254]]}},{"type":"Feature","id":188729,"properties":{"OBJECTID":188729,"PRIMENAME":"Channel Way","ELEVTYP_F":0,"ELEVTYP_T":0},"geometry":{"type":"LineString","coordinates":[[-74.0633668809171,39.994181601483],[-74.0630874379367,39.9941260457765],[-74.0617249437568,39.9938551581475],[-74.0611286022944,39.9937280420902]]}},{"type":"Feature","id":189114,"properties":{"OBJECTID":189114,"PRIMENAME":"Inlet Road","ELEVTYP_F":0,"ELEVTYP_T":0},"geometry":{"type":"LineString","coordinates":[[-74.0705174254056,39.9869541104185],[-74.0706584274201,39.9869671102994]]}},{"type":"Feature","id":189415,"properties":{"OBJECTID":189415,"PRIMENAME":"Princeton Avenue","ELEVTYP_F":0,"ELEVTYP_T":0},"geometry":{"type":"LineString","coordinates":[[-74.0701715787245,39.962886576335],[-74.0705519180793,39.9629237576876],[-74.071825848266,39.9630514360136]]}},{"type":"Feature","id":189961,"properties":{"OBJECTID":189961,"PRIMENAME":"Ivy Lane","ELEVTYP_F":0,"ELEVTYP_T":0},"geometry":{"type":"LineString","coordinates":[[-74.0668334232861,39.9868971106231],[-74.0666714240619,39.9876261106747]]}},{"type":"Feature","id":190107,"properties":{"OBJECTID":190107,"PRIMENAME":"Tamiami Drive","ELEVTYP_F":0,"ELEVTYP_T":0},"geometry":{"type":"LineString","coordinates":[[-74.0719112039214,40.0000190827754],[-74.0719033706197,39.9999987384242],[-74.0718723207065,39.9999406417003],[-74.0718255936977,39.9998776826875],[-74.0717694337542,39.9998219367817],[-74.0717070011391,39.9997588917674],[-74.0716508111952,39.9997079779789],[-74.0715882590078,39.9996642877242],[-74.071491262573,39.9996083628051],[-74.0709405814601,39.999281412996]]}},{"type":"Feature","id":190126,"properties":{"OBJECTID":190126,"PRIMENAME":"Ocean Terrace","ELEVTYP_F":0,"ELEVTYP_T":0},"geometry":{"type":"LineString","coordinates":[[-74.0708946024343,39.943184079425],[-74.0710191178563,39.9425030658644],[-74.0710270656676,39.942459596159]]}},{"type":"Feature","id":191021,"properties":{"OBJECTID":191021,"PRIMENAME":"Bay Boulevard","ELEVTYP_F":0,"ELEVTYP_T":0},"geometry":{"type":"LineString","coordinates":[[-74.0742551592096,39.9686049381982],[-74.0743893953465,39.9684082583592],[-74.0744601508105,39.9682815998761]]}},{"type":"Feature","id":191368,"properties":{"OBJECTID":191368,"PRIMENAME":"Carmel Drive","ELEVTYP_F":0,"ELEVTYP_T":0},"geometry":{"type":"LineString","coordinates":[[-74.0664853105171,39.9844085377756],[-74.0681413075855,39.9845649846421]]}},{"type":"Feature","id":191713,"properties":{"OBJECTID":191713,"PRIMENAME":"State Highway 37","ELEVTYP_F":0,"ELEVTYP_T":0},"geometry":{"type":"LineString","coordinates":[[-74.0865735099139,39.9422544127736],[-74.0867293259554,39.942293388284],[-74.0873915493496,39.9424590303093]]}},{"type":"Feature","id":191843,"properties":{"OBJECTID":191843,"PRIMENAME":"Mariners Road","ELEVTYP_F":0,"ELEVTYP_T":0},"geometry":{"type":"LineString","coordinates":[[-74.0821904617849,39.9574892087097],[-74.0819121382226,39.9576279454409]]}},{"type":"Feature","id":192076,"properties":{"OBJECTID":192076,"PRIMENAME":"Seaview Road","ELEVTYP_F":0,"ELEVTYP_T":0},"geometry":{"type":"LineString","coordinates":[[-74.0617509189063,39.9920159738311],[-74.0616839702453,39.9922389725456]]}},{"type":"Feature","id":192229,"properties":{"OBJECTID":192229,"PRIMENAME":"Ceylon Avenue","ELEVTYP_F":0,"ELEVTYP_T":0},"geometry":{"type":"LineString","coordinates":[[-74.090627985699,39.9425285954956],[-74.0896040476291,39.9422973009252],[-74.0895797229337,39.9422912845123]]}},{"type":"Feature","id":192623,"properties":{"OBJECTID":192623,"PRIMENAME":"Ocean Terrace","ELEVTYP_F":0,"ELEVTYP_T":0},"geometry":{"type":"LineString","coordinates":[[-74.0710270656676,39.942459596159],[-74.0710807795959,39.9422312421462],[-74.0711349886556,39.9419463889976],[-74.0711686786985,39.9418002123213],[-74.0711877572744,39.9417435630774]]}},{"type":"Feature","id":192860,"properties":{"OBJECTID":192860,"PRIMENAME":"Basin Way","ELEVTYP_F":0,"ELEVTYP_T":0},"geometry":{"type":"LineString","coordinates":[[-74.0661854248684,39.9921471118588],[-74.0662324261384,39.9919581114087]]}},{"type":"Feature","id":193031,"properties":{"OBJECTID":193031,"PRIMENAME":"Hiering Avenue","ELEVTYP_F":0,"ELEVTYP_T":0},"geometry":{"type":"LineString","coordinates":[[-74.0770572791945,39.9486639681089],[-74.0771119155561,39.9486830562828],[-74.0771654035231,39.948720643606],[-74.0772341923622,39.9487701184772],[-74.0772617940098,39.9487829579199],[-74.0772903703317,39.9487880313527],[-74.0773338270853,39.9487862127243],[-74.0773671685243,39.9487706033061],[-74.0773882766172,39.9487546745679],[-74.0773894002407,39.9487535086365],[-74.0774031746239,39.9487392176814],[-74.077414714646,39.9487186973502],[-74.0774188024959,39.9486979571023],[-74.0774126396598,39.9486734451314],[-74.0774031475922,39.9486624020082],[-74.0773883569202,39.948654523593],[-74.077339824666,39.9486464672275],[-74.077145522665,39.948630000721],[-74.0770931809577,39.9486438384197],[-74.0770572791945,39.9486639681089]]}},{"type":"Feature","id":193165,"properties":{"OBJECTID":193165,"PRIMENAME":"Silver Beach Road","ELEVTYP_F":0,"ELEVTYP_T":0},"geometry":{"type":"LineString","coordinates":[[-74.0667730853014,39.9976995186395],[-74.0659534237873,39.9974652379976],[-74.0653998112046,39.9973035213801],[-74.0650074418329,39.9971849576495]]}},{"type":"Feature","id":193228,"properties":{"OBJECTID":193228,"PRIMENAME":"Sherman Avenue","ELEVTYP_F":0,"ELEVTYP_T":0},"geometry":{"type":"LineString","coordinates":[[-74.0733705270392,39.943424817401],[-74.0724060317332,39.9433290473198],[-74.0708946024343,39.943184079425]]}},{"type":"Feature","id":193236,"properties":{"OBJECTID":193236,"PRIMENAME":"North Beach Drive","ELEVTYP_F":0,"ELEVTYP_T":0},"geometry":{"type":"LineString","coordinates":[[-74.069297422287,39.9506311025802],[-74.0692984235451,39.9506741045527],[-74.0693264248941,39.9507261031736],[-74.0693694226659,39.9507391043641],[-74.0700674240662,39.9508031037814],[-74.0715064232445,39.9509351030878],[-74.0717234256038,39.9508391025635]]}},{"type":"Feature","id":193315,"properties":{"OBJECTID":193315,"PRIMENAME":"Elizabeth Avenue","ELEVTYP_F":0,"ELEVTYP_T":0},"geometry":{"type":"LineString","coordinates":[[-74.070290476448,39.9621538649776],[-74.0714405417024,39.9622664544672],[-74.0719476819432,39.9623142032144]]}},{"type":"Feature","id":193441,"properties":{"OBJECTID":193441,"PRIMENAME":"Biscayne Court","ELEVTYP_F":0,"ELEVTYP_T":0},"geometry":{"type":"LineString","coordinates":[[-74.0714807760648,39.9982080551305],[-74.0724999987344,39.9987868062923]]}},{"type":"Feature","id":193890,"properties":{"OBJECTID":193890,"PRIMENAME":"Kupper Drive","ELEVTYP_F":0,"ELEVTYP_T":0},"geometry":{"type":"LineString","coordinates":[[-74.0579895632459,40.0060748975626],[-74.0577260072156,40.0059934645832]]}},{"type":"Feature","id":194390,"properties":{"OBJECTID":194390,"PRIMENAME":"Keith Lane","ELEVTYP_F":0,"ELEVTYP_T":0},"geometry":{"type":"LineString","coordinates":[[-74.0659864246419,39.9875231098468],[-74.0658425654462,39.9880823752019]]}},{"type":"Feature","id":194519,"properties":{"OBJECTID":194519,"PRIMENAME":"San Diego Road","ELEVTYP_F":0,"ELEVTYP_T":0},"geometry":{"type":"LineString","coordinates":[[-74.0681769148633,39.9843097485516],[-74.0680884251023,39.9843021096041],[-74.0664604249522,39.9841441103032],[-74.0663754259489,39.9841361102115]]}},{"type":"Feature","id":195227,"properties":{"OBJECTID":195227,"PRIMENAME":"Orlando Drive","ELEVTYP_F":0,"ELEVTYP_T":0},"geometry":{"type":"LineString","coordinates":[[-74.071013986727,39.9925761466647],[-74.0715819416305,39.9939745374263]]}},{"type":"Feature","id":195515,"properties":{"OBJECTID":195515,"PRIMENAME":"6th Avenue","ELEVTYP_F":0,"ELEVTYP_T":0},"geometry":{"type":"LineString","coordinates":[[-74.0745848020057,39.9557054959003],[-74.0752140619893,39.9557675151483],[-74.0762566530728,39.955868214916]]}},{"type":"Feature","id":195759,"properties":{"OBJECTID":195759,"PRIMENAME":"Westmont Avenue","ELEVTYP_F":0,"ELEVTYP_T":0},"geometry":{"type":"LineString","coordinates":[[-74.0692489206978,39.9787063123637],[-74.0692506715794,39.9787058523029],[-74.0692802014358,39.9786916587764],[-74.0693097236974,39.9786786730649],[-74.0693438121727,39.978671633678],[-74.0693839824988,39.9786678297039],[-74.0726472733244,39.9789884040673],[-74.0734608778671,39.9790686276007],[-74.0735647760033,39.9790947611473],[-74.0736686562799,39.9791294332565],[-74.0737169769412,39.9791564710126],[-74.0737612607086,39.9791812493372],[-74.0739351594143,39.9793134471219]]}},{"type":"Feature","id":195804,"properties":{"OBJECTID":195804,"PRIMENAME":"Boca Raton Drive","ELEVTYP_F":0,"ELEVTYP_T":0},"geometry":{"type":"LineString","coordinates":[[-74.0724999987344,39.9987868062923],[-74.0724431492904,39.9988933086231],[-74.0723076857202,39.9991501864269],[-74.0722435042303,39.9993043755871],[-74.0722306333423,39.9993362842259]]}},{"type":"Feature","id":195866,"properties":{"OBJECTID":195866,"PRIMENAME":"Washington Avenue","ELEVTYP_F":0,"ELEVTYP_T":0},"geometry":{"type":"LineString","coordinates":[[-74.0761460060242,39.9565478133222],[-74.0761843814204,39.9563125370777]]}},{"type":"Feature","id":196128,"properties":{"OBJECTID":196128,"PRIMENAME":"Ocean Avenue","ELEVTYP_F":0,"ELEVTYP_T":0},"geometry":{"type":"LineString","coordinates":[[-74.068912658963,39.952193821341],[-74.0688352096088,39.9525581752946],[-74.0688143520371,39.952709834537]]}},{"type":"Feature","id":196448,"properties":{"OBJECTID":196448,"PRIMENAME":"East Central Avenue","ELEVTYP_F":0,"ELEVTYP_T":0},"geometry":{"type":"LineString","coordinates":[[-74.0629264187865,40.0001838726562],[-74.0626903751938,40.0006507357256],[-74.0626075772803,40.0008265652354]]}},{"type":"Feature","id":196612,"properties":{"OBJECTID":196612,"PRIMENAME":"Dory Road","ELEVTYP_F":0,"ELEVTYP_T":0},"geometry":{"type":"LineString","coordinates":[[-74.0696074262308,39.9872191107386],[-74.0695554255084,39.9876481111278]]}},{"type":"Feature","id":196927,"properties":{"OBJECTID":196927,"PRIMENAME":"Broad Avenue","ELEVTYP_F":0,"ELEVTYP_T":0},"geometry":{"type":"LineString","coordinates":[[-74.0641995486224,40.0046369930904],[-74.0642103971518,40.0046993536516],[-74.0642171315809,40.0048080670263],[-74.0642090696971,40.0049081320387],[-74.0641897617939,40.005019575697],[-74.0641631555831,40.005110978244],[-74.0641141463055,40.0052166555626],[-74.0640539639816,40.0053222070653],[-74.0639106532584,40.0055148312416]]}},{"type":"Feature","id":197070,"properties":{"OBJECTID":197070,"PRIMENAME":"Washington Avenue","ELEVTYP_F":0,"ELEVTYP_T":0},"geometry":{"type":"LineString","coordinates":[[-74.0723872927048,39.9691641308074],[-74.0721208491019,39.969137862892],[-74.070848378872,39.969015601933]]}},{"type":"Feature","id":197564,"properties":{"OBJECTID":197564,"PRIMENAME":"East Chadwick Way","ELEVTYP_F":0,"ELEVTYP_T":0},"geometry":{"type":"LineString","coordinates":[[-74.0633294230092,39.9852561118747],[-74.065625423872,39.9854841099384],[-74.0656475857612,39.9854863105528]]}},{"type":"Feature","id":197773,"properties":{"OBJECTID":197773,"PRIMENAME":"Seaview Road","ELEVTYP_F":0,"ELEVTYP_T":0},"geometry":{"type":"LineString","coordinates":[[-74.0620093787872,39.9910683939223],[-74.0619473893774,39.9913035828204]]}},{"type":"Feature","id":197822,"properties":{"OBJECTID":197822,"PRIMENAME":"Ocean Road","ELEVTYP_F":0,"ELEVTYP_T":0},"geometry":{"type":"LineString","coordinates":[[-74.0625564233802,39.9899881117529],[-74.0624922270764,39.9902269909648]]}},{"type":"Feature","id":197967,"properties":{"OBJECTID":197967,"PRIMENAME":"Ocean Road","ELEVTYP_F":0,"ELEVTYP_T":0},"geometry":{"type":"LineString","coordinates":[[-74.0626074225991,39.989770111525],[-74.0625564233802,39.9899881117529]]}},{"type":"Feature","id":198011,"properties":{"OBJECTID":198011,"PRIMENAME":"Halyard Road","ELEVTYP_F":0,"ELEVTYP_T":0},"geometry":{"type":"LineString","coordinates":[[-74.0761843814204,39.9563125370777],[-74.0778217218467,39.9564746407966]]}},{"type":"Feature","id":198602,"properties":{"OBJECTID":198602,"PRIMENAME":"Magee Avenue","ELEVTYP_F":0,"ELEVTYP_T":0},"geometry":{"type":"LineString","coordinates":[[-74.0718205885927,39.9729361543682],[-74.0719984267728,39.9729541074627],[-74.0724624271727,39.972956107973],[-74.0727614248223,39.972843109333],[-74.0728124274651,39.9728141088942],[-74.0729524270483,39.9726811088987],[-74.0729804256397,39.9726231072413],[-74.0730054258384,39.9725181071927],[-74.0729974260744,39.9724211072839],[-74.0729884255805,39.9723711090414],[-74.072968426605,39.9723431079538],[-74.0729104259754,39.9723091068368],[-74.0722875489259,39.9722296284036]]}},{"type":"Feature","id":198956,"properties":{"OBJECTID":198956,"PRIMENAME":"Seaview Road","ELEVTYP_F":0,"ELEVTYP_T":0},"geometry":{"type":"LineString","coordinates":[[-74.0616839702453,39.9922389725456],[-74.0616095562699,39.9924373608893]]}},{"type":"Feature","id":199803,"properties":{"OBJECTID":199803,"PRIMENAME":"Ventura Court","ELEVTYP_F":0,"ELEVTYP_T":0},"geometry":{"type":"LineString","coordinates":[[-74.0694393592349,39.9847299937768],[-74.0694518397749,39.9847658126571],[-74.0694515540527,39.9848113297771],[-74.0693812560612,39.9852305319523]]}},{"type":"Feature","id":199928,"properties":{"OBJECTID":199928,"PRIMENAME":"4th Avenue","ELEVTYP_F":0,"ELEVTYP_T":0},"geometry":{"type":"LineString","coordinates":[[-74.0626075772803,40.0008265652354],[-74.062725579956,40.0008454317347],[-74.0627551022694,40.0008508419655]]}},{"type":"Feature","id":200015,"properties":{"OBJECTID":200015,"PRIMENAME":"West Barnegat Way","ELEVTYP_F":0,"ELEVTYP_T":0},"geometry":{"type":"LineString","coordinates":[[-74.068733015177,39.9818701951546],[-74.0671158270477,39.981709706213],[-74.0666620139635,39.9816646657278]]}},{"type":"Feature","id":200058,"properties":{"OBJECTID":200058,"PRIMENAME":"Bayside Terrace","ELEVTYP_F":0,"ELEVTYP_T":0},"geometry":{"type":"LineString","coordinates":[[-74.0811821198112,39.9497974110348],[-74.0812325924472,39.9500549731937]]}},{"type":"Feature","id":200419,"properties":{"OBJECTID":200419,"PRIMENAME":"2nd Avenue","ELEVTYP_F":0,"ELEVTYP_T":0},"geometry":{"type":"LineString","coordinates":[[-74.0632406728655,39.9995374824494],[-74.0633929066687,39.9995674865873]]}},{"type":"Feature","id":200726,"properties":{"OBJECTID":200726,"PRIMENAME":"Bullard Drive","ELEVTYP_F":0,"ELEVTYP_T":0},"geometry":{"type":"LineString","coordinates":[[-74.0833680635875,39.963347934048],[-74.0818015667871,39.9638088702314],[-74.0808800859579,39.9640755495244]]}},{"type":"Feature","id":200996,"properties":{"OBJECTID":200996,"PRIMENAME":"Key Largo Court","ELEVTYP_F":0,"ELEVTYP_T":0},"geometry":{"type":"LineString","coordinates":[[-74.0722306333423,39.9993362842259],[-74.0712087107159,39.9987486253802]]}},{"type":"Feature","id":201344,"properties":{"OBJECTID":201344,"PRIMENAME":"Sunset Drive South","ELEVTYP_F":0,"ELEVTYP_T":0},"geometry":{"type":"LineString","coordinates":[[-74.0897389855345,39.9419970216228],[-74.090213029251,39.9422844373263],[-74.090627985699,39.9425285954956]]}},{"type":"Feature","id":201437,"properties":{"OBJECTID":201437,"PRIMENAME":"Cart Lane","ELEVTYP_F":0,"ELEVTYP_T":0},"geometry":{"type":"LineString","coordinates":[[-74.0639634224122,39.9872151113648],[-74.0641544238585,39.9865331095867]]}},{"type":"Feature","id":201443,"properties":{"OBJECTID":201443,"PRIMENAME":"Brinley Avenue","ELEVTYP_F":0,"ELEVTYP_T":0},"geometry":{"type":"LineString","coordinates":[[-74.0752581671519,39.9611016234949],[-74.0737279678323,39.9609487072254]]}},{"type":"Feature","id":201621,"properties":{"OBJECTID":201621,"PRIMENAME":"Albacore Drive","ELEVTYP_F":0,"ELEVTYP_T":0},"geometry":{"type":"LineString","coordinates":[[-74.0727744240838,39.9504311030108],[-74.072802424685,39.950457103504],[-74.0737695060176,39.9505525447718]]}},{"type":"Feature","id":203643,"properties":{"OBJECTID":203643,"PRIMENAME":"Sampson Avenue","ELEVTYP_F":0,"ELEVTYP_T":0},"geometry":{"type":"LineString","coordinates":[[-74.074349152316,39.9476698659405],[-74.0728193695482,39.9475175806385],[-74.0726985218137,39.9475060439079]]}},{"type":"Feature","id":203890,"properties":{"OBJECTID":203890,"PRIMENAME":"Ocean Road","ELEVTYP_F":0,"ELEVTYP_T":0},"geometry":{"type":"LineString","coordinates":[[-74.0624306515557,39.9904386228289],[-74.06237433314,39.9906704827632]]}},{"type":"Feature","id":204216,"properties":{"OBJECTID":204216,"PRIMENAME":"Harborside Drive East","ELEVTYP_F":0,"ELEVTYP_T":0},"geometry":{"type":"LineString","coordinates":[[-74.0819121382226,39.9576279454409],[-74.0820343724148,39.9577021545558],[-74.0824046145624,39.9579236679835],[-74.0825861060014,39.9580272730371],[-74.0826380150705,39.95804459148],[-74.0826714070666,39.9580504771517],[-74.0827011238968,39.9580505841244]]}},{"type":"Feature","id":204331,"properties":{"OBJECTID":204331,"PRIMENAME":"Grand Central Avenue","ELEVTYP_F":0,"ELEVTYP_T":0},"geometry":{"type":"LineString","coordinates":[[-74.0725327090858,39.9485218683707],[-74.0725269723674,39.9485570299973],[-74.0724944372688,39.9487467534577]]}},{"type":"Feature","id":204775,"properties":{"OBJECTID":204775,"PRIMENAME":"Ocean Terrace","ELEVTYP_F":0,"ELEVTYP_T":0},"geometry":{"type":"LineString","coordinates":[[-74.0706174154965,39.9445446532507],[-74.0707138697864,39.9439498391083],[-74.0707283692156,39.9438613543701]]}},{"type":"Feature","id":205007,"properties":{"OBJECTID":205007,"PRIMENAME":"Ocean Terrace","ELEVTYP_F":0,"ELEVTYP_T":0},"geometry":{"type":"LineString","coordinates":[[-74.0593469988218,40.0013551949333],[-74.0592560129702,40.0016893348576]]}},{"type":"Feature","id":205333,"properties":{"OBJECTID":205333,"PRIMENAME":"Moonrise Lane","ELEVTYP_F":0,"ELEVTYP_T":0},"geometry":{"type":"LineString","coordinates":[[-74.0688504260203,39.9923601130731],[-74.0693664256406,39.9906981112114]]}},{"type":"Feature","id":205593,"properties":{"OBJECTID":205593,"PRIMENAME":"Sunset Drive North","ELEVTYP_F":0,"ELEVTYP_T":0},"geometry":{"type":"LineString","coordinates":[[-74.0882594261086,39.9441086053087],[-74.0886873883904,39.9444567833357],[-74.0889074298047,39.9446405709687],[-74.0889697245895,39.9446793370184],[-74.0890280130189,39.9447020011687],[-74.0891071318523,39.9447247661371],[-74.089285895161,39.9447554347771]]}},{"type":"Feature","id":205874,"properties":{"OBJECTID":205874,"PRIMENAME":"4th Avenue","ELEVTYP_F":0,"ELEVTYP_T":0},"geometry":{"type":"LineString","coordinates":[[-74.0711783314722,39.956786374529],[-74.0722044744779,39.9568946266891]]}},{"type":"Feature","id":206111,"properties":{"OBJECTID":206111,"PRIMENAME":"Cocoa Court","ELEVTYP_F":0,"ELEVTYP_T":0},"geometry":{"type":"LineString","coordinates":[[-74.070044580729,39.9975514563861],[-74.0694147851684,39.9973750064516]]}},{"type":"Feature","id":206535,"properties":{"OBJECTID":206535,"PRIMENAME":"Beacon Road","ELEVTYP_F":0,"ELEVTYP_T":0},"geometry":{"type":"LineString","coordinates":[[-74.0687974265742,39.9867861095662],[-74.0687614259748,39.9871221116342]]}},{"type":"Feature","id":206731,"properties":{"OBJECTID":206731,"PRIMENAME":"Harding Avenue","ELEVTYP_F":0,"ELEVTYP_T":0},"geometry":{"type":"LineString","coordinates":[[-74.0782919650339,39.9521846397873],[-74.0781903765606,39.952172162826],[-74.0768816633316,39.9520352862232]]}},{"type":"Feature","id":207324,"properties":{"OBJECTID":207324,"PRIMENAME":"Kerr Avenue","ELEVTYP_F":0,"ELEVTYP_T":0},"geometry":{"type":"LineString","coordinates":[[-74.0704242629146,39.9766156570238],[-74.0696115490481,39.9765350858405]]}},{"type":"Feature","id":207348,"properties":{"OBJECTID":207348,"PRIMENAME":"Hiering Avenue","ELEVTYP_F":0,"ELEVTYP_T":0},"geometry":{"type":"LineString","coordinates":[[-74.0780960385226,39.9489590653909],[-74.0781397015431,39.9489122511539],[-74.0781857218299,39.948876426979],[-74.0782386849674,39.9488484795652],[-74.0783214999396,39.9488214360377]]}},{"type":"Feature","id":207774,"properties":{"OBJECTID":207774,"PRIMENAME":"Dickman Drive","ELEVTYP_F":0,"ELEVTYP_T":0},"geometry":{"type":"LineString","coordinates":[[-74.080032512978,39.9634400573886],[-74.0802393321331,39.9635751656],[-74.0805277152744,39.9637623451083],[-74.0806498416337,39.9638440500497],[-74.0807007112232,39.9638861567722],[-74.0807447819114,39.9639256565435],[-74.0807921580496,39.963973048576],[-74.0808497115625,39.9640308824068],[-74.0808800859579,39.9640755495244]]}},{"type":"Feature","id":208046,"properties":{"OBJECTID":208046,"PRIMENAME":"Bayview Terrace","ELEVTYP_F":0,"ELEVTYP_T":0},"geometry":{"type":"LineString","coordinates":[[-74.0808608686341,39.9493882861895],[-74.080821657356,39.9493272255481]]}},{"type":"Feature","id":208066,"properties":{"OBJECTID":208066,"PRIMENAME":"6th Avenue","ELEVTYP_F":0,"ELEVTYP_T":0},"geometry":{"type":"LineString","coordinates":[[-74.0780526482126,39.9560380882592],[-74.0782184767581,39.9560587325568],[-74.0783002231859,39.9560675957177],[-74.0783893707608,39.9560736854217],[-74.078478572613,39.956071127512],[-74.0785715359755,39.9560600165293],[-74.0786868476035,39.956040421815],[-74.0791669960294,39.9559163181913],[-74.0792563014152,39.9559023660427],[-74.0793417741328,39.955896938675],[-74.0794383770946,39.955897289162],[-74.079590684232,39.9559064343862],[-74.0799026326525,39.9559390271081],[-74.0803557060884,39.9559835509572],[-74.0810020039801,39.9560316538329]]}},{"type":"Feature","id":208368,"properties":{"OBJECTID":208368,"PRIMENAME":"Port Road","ELEVTYP_F":0,"ELEVTYP_T":0},"geometry":{"type":"LineString","coordinates":[[-74.0682484257594,39.9867321103554],[-74.0682104253399,39.9870671104206]]}},{"type":"Feature","id":208457,"properties":{"OBJECTID":208457,"PRIMENAME":"Ocean Avenue","ELEVTYP_F":0,"ELEVTYP_T":0},"geometry":{"type":"LineString","coordinates":[[-74.0687662463143,39.953059581696],[-74.0687534253646,39.9531527118574],[-74.0686708973976,39.9537459836337]]}},{"type":"Feature","id":208588,"properties":{"OBJECTID":208588,"PRIMENAME":"Pershing Boulevard","ELEVTYP_F":0,"ELEVTYP_T":0},"geometry":{"type":"LineString","coordinates":[[-74.0820898174668,39.9619851408056],[-74.0819321993714,39.9619376544115],[-74.0812929053351,39.961743966599],[-74.081112703737,39.9616908788588],[-74.0809765803406,39.9616641960131],[-74.0808574429135,39.9616427634241],[-74.0806804233338,39.9616237847657],[-74.0800778330114,39.9615665583583],[-74.0797577642932,39.9615392355508],[-74.0787546454691,39.9614389934883],[-74.0786410843494,39.9614276452406]]}},{"type":"Feature","id":209027,"properties":{"OBJECTID":209027,"PRIMENAME":"Harborside Drive West","ELEVTYP_F":0,"ELEVTYP_T":0},"geometry":{"type":"LineString","coordinates":[[-74.0827011238968,39.9580505841244],[-74.0827272525625,39.9580363739597],[-74.0827311192858,39.9580106365082],[-74.0826352361068,39.9572810645907],[-74.0826320272333,39.9572690555468]]}},{"type":"Feature","id":209502,"properties":{"OBJECTID":209502,"PRIMENAME":"4th Avenue","ELEVTYP_F":0,"ELEVTYP_T":0},"geometry":{"type":"LineString","coordinates":[[-74.0697688755765,39.9566375959764],[-74.0704544409336,39.9567099812135]]}},{"type":"Feature","id":209775,"properties":{"OBJECTID":209775,"PRIMENAME":"Bay Boulevard","ELEVTYP_F":0,"ELEVTYP_T":0},"geometry":{"type":"LineString","coordinates":[[-74.0742257023865,39.9655599102214],[-74.0742514273988,39.9654850835522],[-74.074296699097,39.9653765600971],[-74.0743456456649,39.9652737885465],[-74.0744132518735,39.9651653749701],[-74.0744919179484,39.9650627124576],[-74.0745966806436,39.9649458144421],[-74.0746901534177,39.9648603916954],[-74.0747034893356,39.9648502274576]]}},{"type":"Feature","id":210501,"properties":{"OBJECTID":210501,"PRIMENAME":"Harbor Drive","ELEVTYP_F":0,"ELEVTYP_T":0},"geometry":{"type":"LineString","coordinates":[[-74.0704654245705,39.987349110431],[-74.0708154249454,39.9874551106011],[-74.0709604251402,39.9874781110653],[-74.0711964266009,39.9874741115666],[-74.0717154259705,39.9873771111273]]}},{"type":"Feature","id":210662,"properties":{"OBJECTID":210662,"PRIMENAME":"Delmar Drive","ELEVTYP_F":0,"ELEVTYP_T":0},"geometry":{"type":"LineString","coordinates":[[-74.0653154245689,39.9845491091373],[-74.0652724227492,39.9847541111264]]}},{"type":"Feature","id":210745,"properties":{"OBJECTID":210745,"PRIMENAME":"7th Avenue","ELEVTYP_F":0,"ELEVTYP_T":0},"geometry":{"type":"LineString","coordinates":[[-74.0590731865311,40.0023635297115],[-74.0590970343803,40.0022755909244],[-74.0592560129702,40.0016893348576]]}},{"type":"Feature","id":211349,"properties":{"OBJECTID":211349,"PRIMENAME":"Hialeah Drive","ELEVTYP_F":0,"ELEVTYP_T":0},"geometry":{"type":"LineString","coordinates":[[-74.0721418111392,39.9966298318772],[-74.0722472181731,39.9966609944752],[-74.0721020656918,39.9969553102662]]}},{"type":"Feature","id":212097,"properties":{"OBJECTID":212097,"PRIMENAME":"Harbor Drive","ELEVTYP_F":0,"ELEVTYP_T":0},"geometry":{"type":"LineString","coordinates":[[-74.0668334232861,39.9868971106231],[-74.0671644264651,39.986965110309],[-74.06786442453,39.9870331099606],[-74.0678833737274,39.9870349739153]]}},{"type":"Feature","id":212534,"properties":{"OBJECTID":212534,"PRIMENAME":"7th Avenue","ELEVTYP_F":0,"ELEVTYP_T":0},"geometry":{"type":"LineString","coordinates":[[-74.0630132539617,40.003047715159],[-74.0621271351062,40.0027869113496],[-74.0620677177306,40.0027724115742],[-74.0620290340437,40.0027703982351]]}},{"type":"Feature","id":212902,"properties":{"OBJECTID":212902,"PRIMENAME":"Ocean Road","ELEVTYP_F":0,"ELEVTYP_T":0},"geometry":{"type":"LineString","coordinates":[[-74.0614218374926,39.9928778168386],[-74.0614760949808,39.9927150401706]]}},{"type":"Feature","id":213536,"properties":{"OBJECTID":213536,"PRIMENAME":"3rd Avenue","ELEVTYP_F":0,"ELEVTYP_T":0},"geometry":{"type":"LineString","coordinates":[[-74.0710135627229,39.9577893917596],[-74.0714164177941,39.9578329963953],[-74.0720495655506,39.957892109074]]}},{"type":"Feature","id":214284,"properties":{"OBJECTID":214284,"PRIMENAME":"Sunset Drive South","ELEVTYP_F":0,"ELEVTYP_T":0},"geometry":{"type":"LineString","coordinates":[[-74.090627985699,39.9425285954956],[-74.0908514795672,39.9426600934733],[-74.0909346114645,39.9427090065082],[-74.0910843951055,39.9428014717657]]}},{"type":"Feature","id":214976,"properties":{"OBJECTID":214976,"PRIMENAME":"State Highway 37","ELEVTYP_F":0,"ELEVTYP_T":0},"geometry":{"type":"LineString","coordinates":[[-74.0928598882411,39.943832996876],[-74.0942393066464,39.9441774292526],[-74.0951387544016,39.9444089985146]]}},{"type":"Feature","id":215075,"properties":{"OBJECTID":215075,"PRIMENAME":"Delmar Drive","ELEVTYP_F":0,"ELEVTYP_T":0},"geometry":{"type":"LineString","coordinates":[[-74.0652724227492,39.9847541111264],[-74.065234424413,39.9849291103636],[-74.0652124231515,39.9849631097244],[-74.0651834242088,39.9849761107472]]}},{"type":"Feature","id":215588,"properties":{"OBJECTID":215588,"PRIMENAME":"Ocean Avenue","ELEVTYP_F":0,"ELEVTYP_T":0},"geometry":{"type":"LineString","coordinates":[[-74.0685756676084,39.9544304358093],[-74.0685705108969,39.9544675070682],[-74.0684670678819,39.9551075909227]]}},{"type":"Feature","id":215643,"properties":{"OBJECTID":215643,"PRIMENAME":"Ocean Road","ELEVTYP_F":0,"ELEVTYP_T":0},"geometry":{"type":"LineString","coordinates":[[-74.063931420484,39.9832529743823],[-74.0638876487134,39.9835129981613]]}},{"type":"Feature","id":216196,"properties":{"OBJECTID":216196,"PRIMENAME":"FR RT 35 NB to CO 629 SB","ELEVTYP_F":0,"ELEVTYP_T":0},"geometry":{"type":"LineString","coordinates":[[-74.0798013450907,39.9421469907871],[-74.0796129966049,39.9420990601102],[-74.0795291423066,39.9420585364125],[-74.0795126403968,39.9420443921127],[-74.0794972072089,39.9420295501934],[-74.0794828924231,39.942014058432],[-74.0794697421193,39.941997966698],[-74.0794577986286,39.9419813267921],[-74.0794471003973,39.9419641922797],[-74.079437681863,39.9419466183181],[-74.0794295733437,39.9419286614794],[-74.0794222526483,39.9419087039492],[-74.0794165499516,39.9418884360477],[-74.0793498250586,39.9416774302929]]}},{"type":"Feature","id":216399,"properties":{"OBJECTID":216399,"PRIMENAME":"Bay Boulevard","ELEVTYP_F":0,"ELEVTYP_T":0},"geometry":{"type":"LineString","coordinates":[[-74.0746462133318,39.9675464407864],[-74.0746519226122,39.9674311833594],[-74.0746512639662,39.967388054007],[-74.0746492578705,39.9672567329116],[-74.0746330291896,39.9671348333027]]}},{"type":"Feature","id":217252,"properties":{"OBJECTID":217252,"PRIMENAME":"Bay Boulevard","ELEVTYP_F":0,"ELEVTYP_T":0},"geometry":{"type":"LineString","coordinates":[[-74.0782204848372,39.9497674845188],[-74.0782233878481,39.9496665746186],[-74.0782317557742,39.9495121768008],[-74.078251691944,39.9492920428397],[-74.0782692744598,39.9491298549299],[-74.0782768759455,39.9490800388835]]}},{"type":"Feature","id":218076,"properties":{"OBJECTID":218076,"PRIMENAME":"East Central Avenue","ELEVTYP_F":0,"ELEVTYP_T":0},"geometry":{"type":"LineString","coordinates":[[-74.0750238968363,39.9435857566814],[-74.0749293546988,39.9441600191076],[-74.0749126359118,39.9442621411608]]}},{"type":"Feature","id":218274,"properties":{"OBJECTID":218274,"PRIMENAME":"Camden Avenue","ELEVTYP_F":0,"ELEVTYP_T":0},"geometry":{"type":"LineString","coordinates":[[-74.0726452052922,39.9707782344267],[-74.0725030288734,39.9707585205546],[-74.0724985002772,39.970758036385]]}},{"type":"Feature","id":218294,"properties":{"OBJECTID":218294,"PRIMENAME":"Harding Avenue","ELEVTYP_F":0,"ELEVTYP_T":0},"geometry":{"type":"LineString","coordinates":[[-74.0738732785764,39.9517349044432],[-74.0736877433362,39.9517128637254]]}},{"type":"Feature","id":218895,"properties":{"OBJECTID":218895,"PRIMENAME":"Ocean Terrace","ELEVTYP_F":0,"ELEVTYP_T":0},"geometry":{"type":"LineString","coordinates":[[-74.0605053500096,39.9973260255569],[-74.0604488322764,39.9974449322861],[-74.06040167025,39.9975519869543],[-74.0603701060734,39.9976424368082],[-74.0603414902245,39.9977519504668],[-74.0603174269139,39.9978805610381]]}},{"type":"Feature","id":219429,"properties":{"OBJECTID":219429,"PRIMENAME":"Island View Drive","ELEVTYP_F":0,"ELEVTYP_T":0},"geometry":{"type":"LineString","coordinates":[[-74.0666714240619,39.9876261106747],[-74.0659864246419,39.9875231098468]]}},{"type":"Feature","id":219497,"properties":{"OBJECTID":219497,"PRIMENAME":"Ocean Road","ELEVTYP_F":0,"ELEVTYP_T":0},"geometry":{"type":"LineString","coordinates":[[-74.063294422647,39.9854771100859],[-74.0633294230092,39.9852561118747]]}},{"type":"Feature","id":219874,"properties":{"OBJECTID":219874,"PRIMENAME":"East Plover Way","ELEVTYP_F":0,"ELEVTYP_T":0},"geometry":{"type":"LineString","coordinates":[[-74.0624534583469,39.9892683688443],[-74.0627154239172,39.9893111106466]]}},{"type":"Feature","id":220229,"properties":{"OBJECTID":220229,"PRIMENAME":"Sunset Drive North","ELEVTYP_F":0,"ELEVTYP_T":0},"geometry":{"type":"LineString","coordinates":[[-74.0909989752869,39.9440952401491],[-74.0912840903865,39.9434382049591]]}},{"type":"Feature","id":220680,"properties":{"OBJECTID":220680,"PRIMENAME":"Carteret Avenue","ELEVTYP_F":0,"ELEVTYP_T":0},"geometry":{"type":"LineString","coordinates":[[-74.0728100360178,39.9468275768535],[-74.0734677925,39.9468998417717],[-74.0744599825994,39.9469839819055]]}},{"type":"Feature","id":221024,"properties":{"OBJECTID":221024,"PRIMENAME":"Trinidad Avenue","ELEVTYP_F":0,"ELEVTYP_T":0},"geometry":{"type":"LineString","coordinates":[[-74.0871078764315,39.9431731655436],[-74.0871893033154,39.9431734554978],[-74.0872706498957,39.9431812678794],[-74.0873519801584,39.9431916048497],[-74.0874398089316,39.943206935032],[-74.0880442861242,39.9433582716328],[-74.0881984566311,39.9433968691257],[-74.0883107142584,39.9434249746844]]}},{"type":"Feature","id":221373,"properties":{"OBJECTID":221373,"PRIMENAME":"Bryn Mawr Avenue","ELEVTYP_F":0,"ELEVTYP_T":0},"geometry":{"type":"LineString","coordinates":[[-74.0644562525258,39.9798121634962],[-74.0671349827499,39.9800777090916]]}},{"type":"Feature","id":221661,"properties":{"OBJECTID":221661,"PRIMENAME":"7th Avenue","ELEVTYP_F":0,"ELEVTYP_T":0},"geometry":{"type":"LineString","coordinates":[[-74.0729882742573,39.9548531987107],[-74.0715180247615,39.9547111367697]]}},{"type":"Feature","id":221673,"properties":{"OBJECTID":221673,"PRIMENAME":"East Plover Way","ELEVTYP_F":0,"ELEVTYP_T":0},"geometry":{"type":"LineString","coordinates":[[-74.0627154239172,39.9893111106466],[-74.0641525871637,39.9895250635954],[-74.064613800722,39.989593719537]]}},{"type":"Feature","id":221689,"properties":{"OBJECTID":221689,"PRIMENAME":"Baltimore Avenue","ELEVTYP_F":0,"ELEVTYP_T":0},"geometry":{"type":"LineString","coordinates":[[-74.073601230392,39.961732100853],[-74.0737279678323,39.9609487072254]]}},{"type":"Feature","id":222131,"properties":{"OBJECTID":222131,"PRIMENAME":"7th Avenue","ELEVTYP_F":0,"ELEVTYP_T":0},"geometry":{"type":"LineString","coordinates":[[-74.0618073745458,40.0027828475838],[-74.0617218069464,40.0027882624246],[-74.0616474674796,40.0027850981214],[-74.0607298387792,40.0026296135966]]}},{"type":"Feature","id":222222,"properties":{"OBJECTID":222222,"PRIMENAME":"6th Terrace","ELEVTYP_F":0,"ELEVTYP_T":0},"geometry":{"type":"LineString","coordinates":[[-74.0822798755773,39.9552178686171],[-74.0816078066909,39.955138244986],[-74.0811203309728,39.9550908284402]]}},{"type":"Feature","id":222448,"properties":{"OBJECTID":222448,"PRIMENAME":"Ocean Road","ELEVTYP_F":0,"ELEVTYP_T":0},"geometry":{"type":"LineString","coordinates":[[-74.0613499295947,39.9930933567219],[-74.0614218374926,39.9928778168386]]}},{"type":"Feature","id":223107,"properties":{"OBJECTID":223107,"PRIMENAME":"Hiering Avenue","ELEVTYP_F":0,"ELEVTYP_T":0},"geometry":{"type":"LineString","coordinates":[[-74.072581301121,39.9482240508849],[-74.0739761626868,39.9483584373304],[-74.0742345426286,39.94838379314]]}},{"type":"Feature","id":223120,"properties":{"OBJECTID":223120,"PRIMENAME":"Arrow Court","ELEVTYP_F":0,"ELEVTYP_T":0},"geometry":{"type":"LineString","coordinates":[[-74.0641995486224,40.0046369930904],[-74.0648620799037,40.0045545406174]]}},{"type":"Feature","id":223255,"properties":{"OBJECTID":223255,"PRIMENAME":"3rd Avenue","ELEVTYP_F":0,"ELEVTYP_T":0},"geometry":{"type":"LineString","coordinates":[[-74.0702910793453,39.9577258783092],[-74.0708964858655,39.9577767421068],[-74.0710135627229,39.9577893917596]]}},{"type":"Feature","id":223344,"properties":{"OBJECTID":223344,"PRIMENAME":"Ocean Terrace","ELEVTYP_F":0,"ELEVTYP_T":0},"geometry":{"type":"LineString","coordinates":[[-74.0701716722364,39.9472633463362],[-74.0702328216785,39.9468965978667],[-74.0702825182593,39.9465815024699]]}},{"type":"Feature","id":223574,"properties":{"OBJECTID":223574,"PRIMENAME":"Ocean Road","ELEVTYP_F":0,"ELEVTYP_T":0},"geometry":{"type":"LineString","coordinates":[[-74.0610596501074,39.9939385426898],[-74.0611286022944,39.9937280420902]]}},{"type":"Feature","id":223889,"properties":{"OBJECTID":223889,"PRIMENAME":"8th Avenue","ELEVTYP_F":0,"ELEVTYP_T":0},"geometry":{"type":"LineString","coordinates":[[-74.0781215437138,39.9546605988181],[-74.0782746785854,39.9546623638359]]}},{"type":"Feature","id":224031,"properties":{"OBJECTID":224031,"PRIMENAME":"Washington Avenue","ELEVTYP_F":0,"ELEVTYP_T":0},"geometry":{"type":"LineString","coordinates":[[-74.0770287572476,39.9508278006204],[-74.0770571702552,39.9504887955587],[-74.0770691845448,39.950350856381]]}},{"type":"Feature","id":224100,"properties":{"OBJECTID":224100,"PRIMENAME":"Bay Boulevard","ELEVTYP_F":0,"ELEVTYP_T":0},"geometry":{"type":"LineString","coordinates":[[-74.0718205885927,39.9729361543682],[-74.071856245232,39.9729116327397],[-74.0719719259752,39.9728377153494],[-74.0720615944827,39.9727636747942],[-74.0721439839083,39.9726724748971],[-74.0722039476868,39.9725840483318],[-74.072245373678,39.9724984085793],[-74.0722719205005,39.9724127139091],[-74.07228738787,39.9723183855777],[-74.0722878525778,39.9722438310192],[-74.0722879226193,39.9722325940192],[-74.0722875489259,39.9722296284036]]}},{"type":"Feature","id":224247,"properties":{"OBJECTID":224247,"PRIMENAME":"Washington Avenue","ELEVTYP_F":0,"ELEVTYP_T":0},"geometry":{"type":"LineString","coordinates":[[-74.076027152103,39.957256399779],[-74.0760924961706,39.9568768434124],[-74.0761173406795,39.9567242355626]]}},{"type":"Feature","id":224391,"properties":{"OBJECTID":224391,"PRIMENAME":"Bay Boulevard","ELEVTYP_F":0,"ELEVTYP_T":0},"geometry":{"type":"LineString","coordinates":[[-74.0705947012623,39.9779883406897],[-74.0705880097171,39.9779513904297],[-74.0705651370464,39.977871388476],[-74.0705248691364,39.9777711705014],[-74.0704586770521,39.9776565261654],[-74.0703740899661,39.9775160884573],[-74.0703300578088,39.9774243951812],[-74.0703118962542,39.977355693818],[-74.0703084092586,39.9773254819136]]}},{"type":"Feature","id":224576,"properties":{"OBJECTID":224576,"PRIMENAME":"West Dune Way","ELEVTYP_F":0,"ELEVTYP_T":0},"geometry":{"type":"LineString","coordinates":[[-74.0654872406256,39.9861320592907],[-74.0679764248357,39.9863631100057],[-74.0679942274066,39.9863638762092]]}},{"type":"Feature","id":225235,"properties":{"OBJECTID":225235,"PRIMENAME":"Ocean Road","ELEVTYP_F":0,"ELEVTYP_T":0},"geometry":{"type":"LineString","coordinates":[[-74.0639710036119,39.9830178348963],[-74.063931420484,39.9832529743823]]}},{"type":"Feature","id":225322,"properties":{"OBJECTID":225322,"PRIMENAME":"Arnold Avenue","ELEVTYP_F":0,"ELEVTYP_T":0},"geometry":{"type":"LineString","coordinates":[[-74.0782627572982,39.9504525553307],[-74.0781013735809,39.9504421125417]]}},{"type":"Feature","id":225413,"properties":{"OBJECTID":225413,"PRIMENAME":"Railway Avenue West","ELEVTYP_F":0,"ELEVTYP_T":0},"geometry":{"type":"LineString","coordinates":[[-74.0733619711197,39.9575084484307],[-74.0734525052031,39.9570159865155]]}},{"type":"Feature","id":225463,"properties":{"OBJECTID":225463,"PRIMENAME":"2nd Avenue","ELEVTYP_F":0,"ELEVTYP_T":0},"geometry":{"type":"LineString","coordinates":[[-74.0708439876289,39.958801615876],[-74.0687359706173,39.9586009307627],[-74.0682234739777,39.958547547404]]}},{"type":"Feature","id":227513,"properties":{"OBJECTID":227513,"PRIMENAME":"Bay Boulevard","ELEVTYP_F":0,"ELEVTYP_T":0},"geometry":{"type":"LineString","coordinates":[[-74.0713303615893,39.9744066292609],[-74.0712938185892,39.9736931374067],[-74.0712943086365,39.9736147036081]]}},{"type":"Feature","id":227648,"properties":{"OBJECTID":227648,"PRIMENAME":"Abbey Lane","ELEVTYP_F":0,"ELEVTYP_T":0},"geometry":{"type":"LineString","coordinates":[[-74.0646279826072,39.9873482084659],[-74.0647834229035,39.9867931096848]]}},{"type":"Feature","id":227660,"properties":{"OBJECTID":227660,"PRIMENAME":"Washington Avenue","ELEVTYP_F":0,"ELEVTYP_T":0},"geometry":{"type":"LineString","coordinates":[[-74.0754443216518,39.9607775177036],[-74.0755252323727,39.9602818072474]]}},{"type":"Feature","id":227742,"properties":{"OBJECTID":227742,"PRIMENAME":"2nd Avenue","ELEVTYP_F":0,"ELEVTYP_T":0},"geometry":{"type":"LineString","coordinates":[[-74.0756884156253,39.9592717219575],[-74.0751722611212,39.9592195088325],[-74.0740254062852,39.9591083129377]]}},{"type":"Feature","id":227843,"properties":{"OBJECTID":227843,"PRIMENAME":"Washington Avenue","ELEVTYP_F":0,"ELEVTYP_T":0},"geometry":{"type":"LineString","coordinates":[[-74.0755252323727,39.9602818072474],[-74.0755869718031,39.9599035009719],[-74.0756074170817,39.9597761628978]]}},{"type":"Feature","id":227955,"properties":{"OBJECTID":227955,"PRIMENAME":"Diane Lane","ELEVTYP_F":0,"ELEVTYP_T":0},"geometry":{"type":"LineString","coordinates":[[-74.0695468683566,39.9596506061254],[-74.0695670600569,39.9594893203535],[-74.0695682990393,39.959462337822],[-74.0695609712463,39.959441913091],[-74.0695483075124,39.9594304171202],[-74.0695292571843,39.9594246088477],[-74.0694921251039,39.959417937196],[-74.0681299529573,39.9592815315426]]}},{"type":"Feature","id":228037,"properties":{"OBJECTID":228037,"PRIMENAME":"West Shore Way","ELEVTYP_F":0,"ELEVTYP_T":0},"geometry":{"type":"LineString","coordinates":[[-74.0678705654566,39.9806174319084],[-74.0669972806648,39.9805351456951]]}},{"type":"Feature","id":229010,"properties":{"OBJECTID":229010,"PRIMENAME":"Baltimore Avenue","ELEVTYP_F":0,"ELEVTYP_T":0},"geometry":{"type":"LineString","coordinates":[[-74.0744736481144,39.9563838001226],[-74.0745517673533,39.9559070496362],[-74.0745848020057,39.9557054959003]]}},{"type":"Feature","id":229273,"properties":{"OBJECTID":229273,"PRIMENAME":"Railway Avenue West","ELEVTYP_F":0,"ELEVTYP_T":0},"geometry":{"type":"LineString","coordinates":[[-74.0734525052031,39.9570159865155],[-74.0735757609383,39.9562924013213]]}},{"type":"Feature","id":230218,"properties":{"OBJECTID":230218,"PRIMENAME":"Broad Avenue","ELEVTYP_F":0,"ELEVTYP_T":0},"geometry":{"type":"LineString","coordinates":[[-74.0649665255242,40.0015019891206],[-74.064659861872,40.0020842253537]]}},{"type":"Feature","id":230294,"properties":{"OBJECTID":230294,"PRIMENAME":"Sheridan Avenue","ELEVTYP_F":0,"ELEVTYP_T":0},"geometry":{"type":"LineString","coordinates":[[-74.0749126359118,39.9442621411608],[-74.0769626645754,39.9444625850753],[-74.0777816475766,39.9445422212905]]}},{"type":"Feature","id":230396,"properties":{"OBJECTID":230396,"PRIMENAME":"Hialeah Drive","ELEVTYP_F":0,"ELEVTYP_T":0},"geometry":{"type":"LineString","coordinates":[[-74.0715408849354,39.9980885519094],[-74.0714807760648,39.9982080551305]]}},{"type":"Feature","id":230609,"properties":{"OBJECTID":230609,"PRIMENAME":"6th Avenue","ELEVTYP_F":0,"ELEVTYP_T":0},"geometry":{"type":"LineString","coordinates":[[-74.0684670678819,39.9551075909227],[-74.0714050166736,39.9553961568883]]}},{"type":"Feature","id":230635,"properties":{"OBJECTID":230635,"PRIMENAME":"Bay Boulevard","ELEVTYP_F":0,"ELEVTYP_T":0},"geometry":{"type":"LineString","coordinates":[[-74.0783750831529,39.9514987345512],[-74.0783135451277,39.9509301893863]]}},{"type":"Feature","id":230740,"properties":{"OBJECTID":230740,"PRIMENAME":"Kearney Avenue","ELEVTYP_F":0,"ELEVTYP_T":0},"geometry":{"type":"LineString","coordinates":[[-74.0785228104922,39.9467019378326],[-74.0773408654066,39.9465820265114]]}},{"type":"Feature","id":230927,"properties":{"OBJECTID":230927,"PRIMENAME":"Bay Boulevard","ELEVTYP_F":0,"ELEVTYP_T":0},"geometry":{"type":"LineString","coordinates":[[-74.0783214999396,39.9488214360377],[-74.0783803662855,39.9486512170629],[-74.0784441334102,39.9485484973541],[-74.078519204879,39.9484229495803],[-74.078579279482,39.9483230716314],[-74.0786244099129,39.9482402970338],[-74.0786770998929,39.9481232335906],[-74.0787111360016,39.9480289984858],[-74.0787294961707,39.9479542410937],[-74.0787378054791,39.9479204053429],[-74.0787647729014,39.9477632206565]]}},{"type":"Feature","id":231181,"properties":{"OBJECTID":231181,"PRIMENAME":"3rd Avenue","ELEVTYP_F":0,"ELEVTYP_T":0},"geometry":{"type":"LineString","coordinates":[[-74.0629264187865,40.0001838726562],[-74.0614743228555,39.9999459658355]]}},{"type":"Feature","id":231973,"properties":{"OBJECTID":231973,"PRIMENAME":"Haddonfield Avenue","ELEVTYP_F":0,"ELEVTYP_T":0},"geometry":{"type":"LineString","coordinates":[[-74.067357414172,39.9793310593183],[-74.0684520158709,39.9794394958203],[-74.0690082983896,39.979494601067],[-74.0691194698421,39.9795046780775]]}},{"type":"Feature","id":233480,"properties":{"OBJECTID":233480,"PRIMENAME":"4th Avenue","ELEVTYP_F":0,"ELEVTYP_T":0},"geometry":{"type":"LineString","coordinates":[[-74.0596238906533,40.0003427638046],[-74.06062371642,40.0005062283333],[-74.0612926978408,40.0006151997898]]}},{"type":"Feature","id":233621,"properties":{"OBJECTID":233621,"PRIMENAME":"3rd Avenue","ELEVTYP_F":0,"ELEVTYP_T":0},"geometry":{"type":"LineString","coordinates":[[-74.0687201953192,39.9575627625793],[-74.0696077088337,39.9576604474448]]}},{"type":"Feature","id":233898,"properties":{"OBJECTID":233898,"PRIMENAME":"Catalina Avenue","ELEVTYP_F":0,"ELEVTYP_T":0},"geometry":{"type":"LineString","coordinates":[[-74.0894371215105,39.9443927283823],[-74.0894074791004,39.9444645526834],[-74.089285895161,39.9447554347771]]}},{"type":"Feature","id":233996,"properties":{"OBJECTID":233996,"PRIMENAME":"East Albacore Way","ELEVTYP_F":0,"ELEVTYP_T":0},"geometry":{"type":"LineString","coordinates":[[-74.0625144248828,39.9890371118172],[-74.0627714243682,39.9890731100688]]}},{"type":"Feature","id":234148,"properties":{"OBJECTID":234148,"PRIMENAME":"South Lagoon Road","ELEVTYP_F":0,"ELEVTYP_T":0},"geometry":{"type":"LineString","coordinates":[[-74.0649539957579,39.9964000808226],[-74.0649562241217,39.996403438913],[-74.0650018238606,39.9964512970509],[-74.0650565445608,39.9964793396373],[-74.066029104825,39.9967649342121],[-74.0670899940669,39.9970715497069]]}},{"type":"Feature","id":234509,"properties":{"OBJECTID":234509,"PRIMENAME":"4th Avenue","ELEVTYP_F":0,"ELEVTYP_T":0},"geometry":{"type":"LineString","coordinates":[[-74.0704544409336,39.9567099812135],[-74.0711783314722,39.956786374529]]}},{"type":"Feature","id":234998,"properties":{"OBJECTID":234998,"PRIMENAME":"Spar Road","ELEVTYP_F":0,"ELEVTYP_T":0},"geometry":{"type":"LineString","coordinates":[[-74.0691064245586,39.9868161110563],[-74.0690474246483,39.9871551108331]]}},{"type":"Feature","id":235080,"properties":{"OBJECTID":235080,"PRIMENAME":"West Colony Road","ELEVTYP_F":0,"ELEVTYP_T":0},"geometry":{"type":"LineString","coordinates":[[-74.073010525181,39.9490398831053],[-74.0729645679657,39.9491509348573],[-74.0729506279289,39.949275263955]]}},{"type":"Feature","id":235088,"properties":{"OBJECTID":235088,"PRIMENAME":"Surf Road","ELEVTYP_F":0,"ELEVTYP_T":0},"geometry":{"type":"LineString","coordinates":[[-74.0696254232056,39.9500521018166],[-74.0696644241122,39.9500931029507],[-74.0697674240352,39.9501151032514],[-74.0700554232929,39.9501491026408],[-74.0722289406879,39.950409788397]]}},{"type":"Feature","id":235129,"properties":{"OBJECTID":235129,"PRIMENAME":"Bay Boulevard","ELEVTYP_F":0,"ELEVTYP_T":0},"geometry":{"type":"LineString","coordinates":[[-74.0735367281074,39.9692942953145],[-74.0733426766999,39.9692685712252]]}},{"type":"Feature","id":235359,"properties":{"OBJECTID":235359,"PRIMENAME":"Ocean Boulevard","ELEVTYP_F":0,"ELEVTYP_T":0},"geometry":{"type":"LineString","coordinates":[[-74.072581301121,39.9482240508849],[-74.0725327090858,39.9485218683707]]}},{"type":"Feature","id":235735,"properties":{"OBJECTID":235735,"PRIMENAME":"Pennsylvania Avenue","ELEVTYP_F":0,"ELEVTYP_T":0},"geometry":{"type":"LineString","coordinates":[[-74.0732509161045,39.9532208581003],[-74.0733368911366,39.952692057867]]}},{"type":"Feature","id":236233,"properties":{"OBJECTID":236233,"PRIMENAME":"Sea Gull Lane","ELEVTYP_F":0,"ELEVTYP_T":0},"geometry":{"type":"LineString","coordinates":[[-74.0707606160114,39.9593033542033],[-74.0722238588377,39.9594517697728]]}},{"type":"Feature","id":236283,"properties":{"OBJECTID":236283,"PRIMENAME":"Pershing Boulevard","ELEVTYP_F":0,"ELEVTYP_T":0},"geometry":{"type":"LineString","coordinates":[[-74.0749561544292,39.9678039397496],[-74.075090451301,39.9677857540495],[-74.0752060401977,39.9677700999922]]}},{"type":"Feature","id":236466,"properties":{"OBJECTID":236466,"PRIMENAME":"6th Avenue","ELEVTYP_F":0,"ELEVTYP_T":0},"geometry":{"type":"LineString","coordinates":[[-74.0730609870897,39.9555572987268],[-74.0732556506282,39.9555758333497]]}},{"type":"Feature","id":236559,"properties":{"OBJECTID":236559,"PRIMENAME":"Dune Terrace","ELEVTYP_F":0,"ELEVTYP_T":0},"geometry":{"type":"LineString","coordinates":[[-74.0697984240926,39.9492821042526],[-74.0697594252614,39.9493191022571],[-74.0697344248929,39.949394102865],[-74.0696784237227,39.9496941037283]]}},{"type":"Feature","id":236641,"properties":{"OBJECTID":236641,"PRIMENAME":"Philadelphia Avenue","ELEVTYP_F":0,"ELEVTYP_T":0},"geometry":{"type":"LineString","coordinates":[[-74.0707213174076,39.9697859495643],[-74.0718193361322,39.9698903938317],[-74.0727726634359,39.9699810639938]]}},{"type":"Feature","id":236684,"properties":{"OBJECTID":236684,"PRIMENAME":"Ocean Road","ELEVTYP_F":0,"ELEVTYP_T":0},"geometry":{"type":"LineString","coordinates":[[-74.0634674245066,39.9848201099243],[-74.0634434238041,39.9848011091695],[-74.0634334231162,39.9847301110314],[-74.0634514231857,39.984604109439]]}},{"type":"Feature","id":236844,"properties":{"OBJECTID":236844,"PRIMENAME":"Reese Avenue","ELEVTYP_F":0,"ELEVTYP_T":0},"geometry":{"type":"LineString","coordinates":[[-74.0711447042221,39.9736008359293],[-74.0712943086365,39.9736147036081]]}},{"type":"Feature","id":237163,"properties":{"OBJECTID":237163,"PRIMENAME":"West Marlin Way","ELEVTYP_F":0,"ELEVTYP_T":0},"geometry":{"type":"LineString","coordinates":[[-74.064097981574,39.9916416233431],[-74.0662324261384,39.9919581114087]]}},{"type":"Feature","id":237433,"properties":{"OBJECTID":237433,"PRIMENAME":"West Bayview Drive","ELEVTYP_F":0,"ELEVTYP_T":0},"geometry":{"type":"LineString","coordinates":[[-74.0688504260203,39.9923601130731],[-74.0690384259222,39.9924501119336],[-74.0691214257086,39.9924671124162],[-74.0692214259817,39.9924881121145],[-74.0692734261053,39.9924811123248],[-74.0693064273695,39.9924771115239],[-74.0693324249169,39.9924561117703],[-74.0693484275109,39.9924191125474],[-74.0694574250427,39.992011112662],[-74.0698614273615,39.9908631114625],[-74.0699144259866,39.9908061114308],[-74.069953426488,39.9907911125525],[-74.0700434267393,39.9908061117595],[-74.0704084249702,39.9909371111377],[-74.0712704249496,39.9912461118106],[-74.0720364263302,39.9917821126181],[-74.0723984265772,39.9920141116425],[-74.0731194282977,39.9922601115495],[-74.0731944276927,39.9922601112327],[-74.0732804276484,39.9922411113236],[-74.0733884274264,39.9922001123967],[-74.0735044275238,39.9921141119621]]}},{"type":"Feature","id":237460,"properties":{"OBJECTID":237460,"PRIMENAME":"West Colony Avenue","ELEVTYP_F":0,"ELEVTYP_T":0},"geometry":{"type":"LineString","coordinates":[[-74.0728664247969,39.9496231029803],[-74.072835667533,39.9498497442926]]}},{"type":"Feature","id":237737,"properties":{"OBJECTID":237737,"PRIMENAME":"Dewey Drive","ELEVTYP_F":0,"ELEVTYP_T":0},"geometry":{"type":"LineString","coordinates":[[-74.0764620700696,39.9486030443517],[-74.0764092850056,39.9488985945653]]}},{"type":"Feature","id":238097,"properties":{"OBJECTID":238097,"PRIMENAME":"Teal Lane","ELEVTYP_F":0,"ELEVTYP_T":0},"geometry":{"type":"LineString","coordinates":[[-74.0682064246426,39.99227411208],[-74.0685784246043,39.9910381124271]]}},{"type":"Feature","id":238582,"properties":{"OBJECTID":238582,"PRIMENAME":"2nd Avenue","ELEVTYP_F":0,"ELEVTYP_T":0},"geometry":{"type":"LineString","coordinates":[[-74.0599941807297,39.9990017730728],[-74.0615326370866,39.9992507048511],[-74.0616610072119,39.999272138135]]}},{"type":"Feature","id":239277,"properties":{"OBJECTID":239277,"PRIMENAME":"Seaview Road","ELEVTYP_F":0,"ELEVTYP_T":0},"geometry":{"type":"LineString","coordinates":[[-74.0618200024662,39.9917798733523],[-74.0617509189063,39.9920159738311]]}},{"type":"Feature","id":239353,"properties":{"OBJECTID":239353,"PRIMENAME":"East Sandpiper Way","ELEVTYP_F":0,"ELEVTYP_T":0},"geometry":{"type":"LineString","coordinates":[[-74.0620093787872,39.9910683939223],[-74.062280569896,39.9911146780186]]}},{"type":"Feature","id":239377,"properties":{"OBJECTID":239377,"PRIMENAME":"Jacobsen Lane","ELEVTYP_F":0,"ELEVTYP_T":0},"geometry":{"type":"LineString","coordinates":[[-74.0641981111796,39.9979285737121],[-74.0630629515374,39.9976144867051],[-74.0622691976364,39.9973835994952]]}},{"type":"Feature","id":240048,"properties":{"OBJECTID":240048,"PRIMENAME":"Haddonfield Avenue","ELEVTYP_F":0,"ELEVTYP_T":0},"geometry":{"type":"LineString","coordinates":[[-74.0691194698421,39.9795046780775],[-74.069402086246,39.9795303815904],[-74.0718726238868,39.9797740423073]]}},{"type":"Feature","id":240665,"properties":{"OBJECTID":240665,"PRIMENAME":"Monterey Circle","ELEVTYP_F":0,"ELEVTYP_T":0},"geometry":{"type":"LineString","coordinates":[[-74.0723672267978,39.98485907583],[-74.072421538035,39.9850661940544],[-74.0725168442061,39.9853786931636],[-74.0725377325055,39.9854113028717],[-74.0725714436115,39.9854309194116],[-74.0726220970511,39.9854408797726],[-74.0730656764878,39.9854815259385],[-74.0731291150928,39.9854785197402],[-74.0731714306751,39.9854689019892],[-74.073213863344,39.9854462991464],[-74.0732436514,39.985413904073],[-74.0732523728864,39.9853716578496],[-74.0732400318574,39.985313080802],[-74.0731363003847,39.9850005512513]]}},{"type":"Feature","id":240937,"properties":{"OBJECTID":240937,"PRIMENAME":"Washington Avenue","ELEVTYP_F":0,"ELEVTYP_T":0},"geometry":{"type":"LineString","coordinates":[[-74.070848378872,39.969015601933],[-74.0702164952062,39.9689548948757],[-74.0691881507069,39.9688566093612]]}},{"type":"Feature","id":241419,"properties":{"OBJECTID":241419,"PRIMENAME":"Tunney Avenue","ELEVTYP_F":0,"ELEVTYP_T":0},"geometry":{"type":"LineString","coordinates":[[-74.0771402000655,39.9496740499221],[-74.0771737637598,39.9496570137422],[-74.0772183510794,39.9496571763479],[-74.0780530535317,39.9497490303321]]}},{"type":"Feature","id":241746,"properties":{"OBJECTID":241746,"PRIMENAME":"Hialeah Drive","ELEVTYP_F":0,"ELEVTYP_T":0},"geometry":{"type":"LineString","coordinates":[[-74.0717558978772,39.9976572544501],[-74.0716559698813,39.9978599052318],[-74.0715408849354,39.9980885519094]]}},{"type":"Feature","id":242021,"properties":{"OBJECTID":242021,"PRIMENAME":"Ocean Boulevard","ELEVTYP_F":0,"ELEVTYP_T":0},"geometry":{"type":"LineString","coordinates":[[-74.0733705270392,39.943424817401],[-74.0732578156378,39.9441026775241]]}},{"type":"Feature","id":242048,"properties":{"OBJECTID":242048,"PRIMENAME":"Bay Boulevard","ELEVTYP_F":0,"ELEVTYP_T":0},"geometry":{"type":"LineString","coordinates":[[-74.0791034575341,39.9432521394547],[-74.079072665511,39.9434168881728],[-74.0790186289859,39.9437369960043],[-74.0789799995461,39.943964200596]]}},{"type":"Feature","id":242276,"properties":{"OBJECTID":242276,"PRIMENAME":"Ormand Drive","ELEVTYP_F":0,"ELEVTYP_T":0},"geometry":{"type":"LineString","coordinates":[[-74.0719816971263,39.9949948441166],[-74.0729841147139,39.9947616909166],[-74.073003712795,39.9947571325866],[-74.07336214789,39.994683586705]]}},{"type":"Feature","id":242827,"properties":{"OBJECTID":242827,"PRIMENAME":"Bond Avenue","ELEVTYP_F":0,"ELEVTYP_T":0},"geometry":{"type":"LineString","coordinates":[[-74.0712524780117,39.9759519561275],[-74.0710949950907,39.9759360542618]]}},{"type":"Feature","id":242889,"properties":{"OBJECTID":242889,"PRIMENAME":"Ocean Terrace","ELEVTYP_F":0,"ELEVTYP_T":0},"geometry":{"type":"LineString","coordinates":[[-74.0596238906533,40.0003427638046],[-74.0596050312024,40.0004000427597],[-74.0594388162336,40.001017994779]]}},{"type":"Feature","id":243823,"properties":{"OBJECTID":243823,"PRIMENAME":"1st Avenue","ELEVTYP_F":0,"ELEVTYP_T":0},"geometry":{"type":"LineString","coordinates":[[-74.0773309531982,39.960455076279],[-74.0771707537139,39.9604397492303]]}},{"type":"Feature","id":245419,"properties":{"OBJECTID":245419,"PRIMENAME":"Las Vegas Road","ELEVTYP_F":0,"ELEVTYP_T":0},"geometry":{"type":"LineString","coordinates":[[-74.0635824234184,39.9838931100805],[-74.0636024236335,39.983883109161],[-74.0637004225271,39.9838721111445],[-74.065331425399,39.9840531096007]]}},{"type":"Feature","id":246133,"properties":{"OBJECTID":246133,"PRIMENAME":"Coolidge Avenue","ELEVTYP_F":0,"ELEVTYP_T":0},"geometry":{"type":"LineString","coordinates":[[-74.0767948448617,39.9525666945761],[-74.0771499693784,39.9526002755534],[-74.0778630295162,39.9526628607519],[-74.0783309664332,39.9527114547975]]}},{"type":"Feature","id":246575,"properties":{"OBJECTID":246575,"PRIMENAME":"West Penguin Way","ELEVTYP_F":0,"ELEVTYP_T":0},"geometry":{"type":"LineString","coordinates":[[-74.0645019371693,39.9900530391303],[-74.0672314248113,39.9904601114318],[-74.0672356684126,39.9904606803106]]}},{"type":"Feature","id":247020,"properties":{"OBJECTID":247020,"PRIMENAME":"Bay Boulevard","ELEVTYP_F":0,"ELEVTYP_T":0},"geometry":{"type":"LineString","coordinates":[[-74.0712524780117,39.9759519561275],[-74.0713102670496,39.9758180037834],[-74.0713480565031,39.9757209020371],[-74.0713748916226,39.9755894436399],[-74.0713831714364,39.9754522061259],[-74.0713837787151,39.9753549947915],[-74.0713748375561,39.9751983652681]]}},{"type":"Feature","id":247142,"properties":{"OBJECTID":247142,"PRIMENAME":"8th Avenue","ELEVTYP_F":0,"ELEVTYP_T":0},"geometry":{"type":"LineString","coordinates":[[-74.0782746785854,39.9546623638359],[-74.0783576130139,39.954663323919],[-74.0784530339328,39.9546584269749],[-74.0785655510175,39.9546404975374],[-74.0786542547756,39.9546198180369],[-74.0787429190952,39.9545939213959],[-74.0801630990944,39.9540879113446],[-74.0802859449354,39.9540490418327],[-74.0804155074247,39.9540258734098],[-74.0805313480674,39.9540184681118],[-74.0806778690363,39.9540163906019],[-74.0808209028878,39.9540247593782],[-74.0809638363267,39.9540436425391],[-74.081232627109,39.9540970505835]]}},{"type":"Feature","id":247413,"properties":{"OBJECTID":247413,"PRIMENAME":"Inlet Road","ELEVTYP_F":0,"ELEVTYP_T":0},"geometry":{"type":"LineString","coordinates":[[-74.0704654245705,39.987349110431],[-74.0704074261346,39.987794111662]]}},{"type":"Feature","id":247553,"properties":{"OBJECTID":247553,"PRIMENAME":"Ocean Terrace","ELEVTYP_F":0,"ELEVTYP_T":0},"geometry":{"type":"LineString","coordinates":[[-74.0598065979037,39.9996684574913],[-74.0596238906533,40.0003427638046]]}},{"type":"Feature","id":247560,"properties":{"OBJECTID":247560,"PRIMENAME":"White Avenue","ELEVTYP_F":0,"ELEVTYP_T":0},"geometry":{"type":"LineString","coordinates":[[-74.0703084092586,39.9773254819136],[-74.0701503904893,39.9773206401885]]}},{"type":"Feature","id":247793,"properties":{"OBJECTID":247793,"PRIMENAME":"FR RT 35 NB to CO 51","ELEVTYP_F":0,"ELEVTYP_T":0},"geometry":{"type":"LineString","coordinates":[[-74.0740519516529,39.949044566973],[-74.0738457918244,39.9490075700419],[-74.0736835620286,39.9489803312247],[-74.0735209008075,39.9489546619613],[-74.0733578337918,39.9489305662965],[-74.0731943866758,39.9489080480268],[-74.0730633717826,39.9488911699425],[-74.0727003850085,39.9488576573684],[-74.0726557760319,39.9488483952147],[-74.0726134825589,39.9488340779131],[-74.0725781935245,39.9488171367894],[-74.0725462090233,39.9487966748895],[-74.072518117887,39.948773068917],[-74.0724944372688,39.9487467534577]]}},{"type":"Feature","id":247882,"properties":{"OBJECTID":247882,"PRIMENAME":"Baltimore Avenue","ELEVTYP_F":0,"ELEVTYP_T":0},"geometry":{"type":"LineString","coordinates":[[-74.0727412095555,39.9669578821509],[-74.0728616635927,39.9662184757857]]}},{"type":"Feature","id":248243,"properties":{"OBJECTID":248243,"PRIMENAME":"Bay Lane","ELEVTYP_F":0,"ELEVTYP_T":0},"geometry":{"type":"LineString","coordinates":[[-74.0658944300665,39.9940246442751],[-74.0659872677508,39.9938050340084]]}},{"type":"Feature","id":248282,"properties":{"OBJECTID":248282,"PRIMENAME":"Hines Court","ELEVTYP_F":0,"ELEVTYP_T":0},"geometry":{"type":"LineString","coordinates":[[-74.0785230003151,39.9622227156214],[-74.0784567052331,39.9626013913699],[-74.0784564960082,39.9626354609284],[-74.0784665744748,39.9626617154914],[-74.0785005325671,39.962680178356],[-74.0785345882678,39.9626829376578],[-74.0785686238662,39.9626830613943],[-74.0786095534608,39.9626700877125],[-74.0789269006472,39.9625718851328]]}},{"type":"Feature","id":248439,"properties":{"OBJECTID":248439,"PRIMENAME":"Surf Way","ELEVTYP_F":0,"ELEVTYP_T":0},"geometry":{"type":"LineString","coordinates":[[-74.0612083303257,39.9935178578533],[-74.0614231117867,39.9935603176467],[-74.0624152598045,39.9937657412521],[-74.0631399756497,39.9939125521016],[-74.0631600577421,39.9939155361738],[-74.0631621566249,39.9939158476226],[-74.0631829793558,39.9939137851217],[-74.0632135732837,39.9939075036024],[-74.0632594126915,39.9938948556843],[-74.0632802490553,39.9938906513372],[-74.0633024922656,39.9938896912277],[-74.0633454528393,39.993891994965],[-74.063398159897,39.9938996603781],[-74.0634619295687,39.9939020424569],[-74.0634642839752,39.9939021332888]]}},{"type":"Feature","id":249497,"properties":{"OBJECTID":249497,"PRIMENAME":"Baltimore Avenue","ELEVTYP_F":0,"ELEVTYP_T":0},"geometry":{"type":"LineString","coordinates":[[-74.0723872927048,39.9691641308074],[-74.0725049214919,39.9684270205032]]}},{"type":"Feature","id":250113,"properties":{"OBJECTID":250113,"PRIMENAME":"Baltimore Avenue","ELEVTYP_F":0,"ELEVTYP_T":0},"geometry":{"type":"LineString","coordinates":[[-74.0732350475581,39.9639347395313],[-74.0733561203463,39.9631972287249]]}},{"type":"Feature","id":250138,"properties":{"OBJECTID":250138,"PRIMENAME":"Grant Avenue","ELEVTYP_F":0,"ELEVTYP_T":0},"geometry":{"type":"LineString","coordinates":[[-74.0771367806661,39.9430571715109],[-74.0753962625958,39.9428823541502],[-74.075143636829,39.9428585046003]]}},{"type":"Feature","id":250160,"properties":{"OBJECTID":250160,"PRIMENAME":"FR PERSHING BLVD TO CO 629 SB","ELEVTYP_F":0,"ELEVTYP_T":0},"geometry":{"type":"LineString","coordinates":[[-74.0752060401977,39.9677700999922],[-74.074995214917,39.9677571099951],[-74.0749497835487,39.9677473076174]]}},{"type":"Feature","id":250469,"properties":{"OBJECTID":250469,"PRIMENAME":"Bay Lane","ELEVTYP_F":0,"ELEVTYP_T":0},"geometry":{"type":"LineString","coordinates":[[-74.065752741563,39.9943545719156],[-74.0658065917134,39.9942324955484],[-74.0658944300665,39.9940246442751]]}},{"type":"Feature","id":250510,"properties":{"OBJECTID":250510,"PRIMENAME":"Brooklyn Avenue","ELEVTYP_F":0,"ELEVTYP_T":0},"geometry":{"type":"LineString","coordinates":[[-74.07409956943,39.968585560722],[-74.0742551592096,39.9686049381982]]}},{"type":"Feature","id":250518,"properties":{"OBJECTID":250518,"PRIMENAME":"2nd Avenue","ELEVTYP_F":0,"ELEVTYP_T":0},"geometry":{"type":"LineString","coordinates":[[-74.0616610072119,39.999272138135],[-74.0621021737286,39.9993457884014],[-74.0628976890338,39.9994774661289],[-74.0632406728655,39.9995374824494]]}},{"type":"Feature","id":250712,"properties":{"OBJECTID":250712,"PRIMENAME":"Goa Way","ELEVTYP_F":0,"ELEVTYP_T":0},"geometry":{"type":"LineString","coordinates":[[-74.0668994246223,39.9896931117243],[-74.0669784253808,39.9893401116798]]}},{"type":"Feature","id":250976,"properties":{"OBJECTID":250976,"PRIMENAME":"Harbor Drive","ELEVTYP_F":0,"ELEVTYP_T":0},"geometry":{"type":"LineString","coordinates":[[-74.0696074262308,39.9872191107386],[-74.0698894262103,39.9872511103404]]}},{"type":"Feature","id":252151,"properties":{"OBJECTID":252151,"PRIMENAME":"Sail Road","ELEVTYP_F":0,"ELEVTYP_T":0},"geometry":{"type":"LineString","coordinates":[[-74.0685384253657,39.9867611103576],[-74.068483425664,39.9870931118267]]}},{"type":"Feature","id":252199,"properties":{"OBJECTID":252199,"PRIMENAME":"Barnegat Avenue","ELEVTYP_F":0,"ELEVTYP_T":0},"geometry":{"type":"LineString","coordinates":[[-74.0779313007184,39.9452520355449],[-74.0779288156736,39.9454359127323],[-74.0779283765471,39.9455073729061],[-74.0779250094893,39.9455502715782],[-74.0779153108459,39.94561936429],[-74.0778993335344,39.9457003226688],[-74.0778899132221,39.9457241185688],[-74.07787731038,39.9457550680626],[-74.0778554554188,39.945788344639],[-74.0777653700617,39.9459253683079]]}},{"type":"Feature","id":252201,"properties":{"OBJECTID":252201,"PRIMENAME":"Hiering Avenue","ELEVTYP_F":0,"ELEVTYP_T":0},"geometry":{"type":"LineString","coordinates":[[-74.0742345426286,39.94838379314],[-74.076293135889,39.9485857350481],[-74.0764620700696,39.9486030443517]]}},{"type":"Feature","id":252208,"properties":{"OBJECTID":252208,"PRIMENAME":"Hancock Avenue","ELEVTYP_F":0,"ELEVTYP_T":0},"geometry":{"type":"LineString","coordinates":[[-74.0748009860542,39.9449437121394],[-74.0732802311472,39.9447946788989],[-74.0731459493445,39.9447818303894]]}},{"type":"Feature","id":252327,"properties":{"OBJECTID":252327,"PRIMENAME":"Barnegat Avenue","ELEVTYP_F":0,"ELEVTYP_T":0},"geometry":{"type":"LineString","coordinates":[[-74.0773408654066,39.9465820265114],[-74.0772396304428,39.946739352631],[-74.0769323783248,39.9472253443046]]}},{"type":"Feature","id":254553,"properties":{"OBJECTID":254553,"PRIMENAME":"Pennsylvania Avenue","ELEVTYP_F":0,"ELEVTYP_T":0},"geometry":{"type":"LineString","coordinates":[[-74.0742208583479,39.9663351029117],[-74.0743611499737,39.9663464626704]]}},{"type":"Feature","id":255120,"properties":{"OBJECTID":255120,"PRIMENAME":"Sail Road","ELEVTYP_F":0,"ELEVTYP_T":0},"geometry":{"type":"LineString","coordinates":[[-74.068483425664,39.9870931118267],[-74.0684384266621,39.9873711116321]]}},{"type":"Feature","id":255238,"properties":{"OBJECTID":255238,"PRIMENAME":"West Dolphin Way","ELEVTYP_F":0,"ELEVTYP_T":0},"geometry":{"type":"LineString","coordinates":[[-74.0639794850236,39.9921231116295],[-74.064181148096,39.9921564081193],[-74.0660934256395,39.992472111787]]}},{"type":"Feature","id":255633,"properties":{"OBJECTID":255633,"PRIMENAME":"East Tarpon Way","ELEVTYP_F":0,"ELEVTYP_T":0},"geometry":{"type":"LineString","coordinates":[[-74.0619550150037,39.9922881409109],[-74.0625024235847,39.9924101123481],[-74.0634079168474,39.9925795557853],[-74.0638463458936,39.9926615936136]]}},{"type":"Feature","id":256128,"properties":{"OBJECTID":256128,"PRIMENAME":"San Fernando Drive","ELEVTYP_F":0,"ELEVTYP_T":0},"geometry":{"type":"LineString","coordinates":[[-74.0731363003847,39.9850005512513],[-74.0731153756261,39.9849679415141],[-74.0730732830005,39.9849417884456],[-74.0730268411457,39.9849318987386],[-74.0729719222752,39.984925161786],[-74.0724777148363,39.9848713160084],[-74.0723672267978,39.98485907583]]}},{"type":"Feature","id":256419,"properties":{"OBJECTID":256419,"PRIMENAME":"Ocean Avenue","ELEVTYP_F":0,"ELEVTYP_T":0},"geometry":{"type":"LineString","coordinates":[[-74.0686708973976,39.9537459836337],[-74.0685756676084,39.9544304358093]]}},{"type":"Feature","id":256757,"properties":{"OBJECTID":256757,"PRIMENAME":"Ocean Boulevard","ELEVTYP_F":0,"ELEVTYP_T":0},"geometry":{"type":"LineString","coordinates":[[-74.0729228385677,39.9461423608006],[-74.0728100360178,39.9468275768535]]}},{"type":"Feature","id":258516,"properties":{"OBJECTID":258516,"PRIMENAME":"Newark Avenue","ELEVTYP_F":0,"ELEVTYP_T":0},"geometry":{"type":"LineString","coordinates":[[-74.081657626112,39.9628279497005],[-74.0807361347986,39.9625493694531],[-74.0803246638002,39.9624272761763],[-74.0801851829319,39.9623953092831],[-74.0800490425533,39.9623712337494],[-74.0798754974279,39.9623496300649],[-74.0796200904666,39.9623251208347],[-74.0788152432263,39.9622499686673]]}},{"type":"Feature","id":259154,"properties":{"OBJECTID":259154,"PRIMENAME":"West Swordfish Way","ELEVTYP_F":0,"ELEVTYP_T":0},"geometry":{"type":"LineString","coordinates":[[-74.0643334946603,39.9907183763069],[-74.0664574251547,39.9910521115864]]}},{"type":"Feature","id":259873,"properties":{"OBJECTID":259873,"PRIMENAME":"East Channel Way","ELEVTYP_F":0,"ELEVTYP_T":0},"geometry":{"type":"LineString","coordinates":[[-74.0643580466019,39.9808762410853],[-74.0643916548637,39.9806838112158]]}},{"type":"Feature","id":259882,"properties":{"OBJECTID":259882,"PRIMENAME":"FR PERSHING BLVD TO CO 629 SB","ELEVTYP_F":0,"ELEVTYP_T":0},"geometry":{"type":"LineString","coordinates":[[-74.0749497835487,39.9677473076174],[-74.0749086986312,39.9677384533963],[-74.0748490927009,39.9677129230288],[-74.0747925271927,39.9676805394661],[-74.0747359605673,39.9676481558717],[-74.0746914037421,39.9676066200557],[-74.0746462133318,39.9675464407864]]}},{"type":"Feature","id":260523,"properties":{"OBJECTID":260523,"PRIMENAME":"Hialeah Drive","ELEVTYP_F":0,"ELEVTYP_T":0},"geometry":{"type":"LineString","coordinates":[[-74.0714807760648,39.9982080551305],[-74.0712087107159,39.9987486253802]]}},{"type":"Feature","id":260602,"properties":{"OBJECTID":260602,"PRIMENAME":"Magee Avenue","ELEVTYP_F":0,"ELEVTYP_T":0},"geometry":{"type":"LineString","coordinates":[[-74.0703530385498,39.9720392204384],[-74.0686957975378,39.9718761138082]]}},{"type":"Feature","id":260612,"properties":{"OBJECTID":260612,"PRIMENAME":"Dickman Drive","ELEVTYP_F":0,"ELEVTYP_T":0},"geometry":{"type":"LineString","coordinates":[[-74.0808800859579,39.9640755495244],[-74.0809373542812,39.9641858730423],[-74.0809809090194,39.9643039993645],[-74.0811552685323,39.9647659900712],[-74.0811784264768,39.9648709741901],[-74.081191610327,39.9649496494195],[-74.0811841729994,39.9650518325713],[-74.0811739465591,39.9650964078568]]}},{"type":"Feature","id":260783,"properties":{"OBJECTID":260783,"PRIMENAME":"Bay Boulevard","ELEVTYP_F":0,"ELEVTYP_T":0},"geometry":{"type":"LineString","coordinates":[[-74.0726452052922,39.9707782344267],[-74.0726501468442,39.9707697418329],[-74.0727179030389,39.9706327233545],[-74.0727670159333,39.9705042288995],[-74.0728467586742,39.9702299853567],[-74.0729075193545,39.9700243068435],[-74.0729221623469,39.9699933655462]]}},{"type":"Feature","id":261342,"properties":{"OBJECTID":261342,"PRIMENAME":"Pershing Boulevard","ELEVTYP_F":0,"ELEVTYP_T":0},"geometry":{"type":"LineString","coordinates":[[-74.0800314059426,39.9671138853576],[-74.0803029589864,39.9669631044296],[-74.0810865875432,39.9665196779936],[-74.081336219865,39.9663762561798],[-74.0814593589819,39.9662928022978],[-74.0815552434383,39.9662144929459],[-74.0816683541537,39.9661021492569],[-74.0817712071327,39.9659924309498],[-74.0818740014085,39.9658984432586],[-74.0819562230501,39.9658253282276],[-74.0820588529853,39.9657522867172],[-74.0820769673292,39.965742331611]]}},{"type":"Feature","id":261528,"properties":{"OBJECTID":261528,"PRIMENAME":"Bay Boulevard","ELEVTYP_F":0,"ELEVTYP_T":0},"geometry":{"type":"LineString","coordinates":[[-74.0791301342581,39.9425191364688],[-74.0791402283651,39.9428275625344],[-74.0791034575341,39.9432521394547]]}},{"type":"Feature","id":262008,"properties":{"OBJECTID":262008,"PRIMENAME":"Normandy Drive","ELEVTYP_F":0,"ELEVTYP_T":0},"geometry":{"type":"LineString","coordinates":[[-74.0680083187233,40.0045490585128],[-74.0680179871728,40.0045022416806],[-74.0679885412201,40.004464889574],[-74.0678499984492,40.0044192009085],[-74.0677139300932,40.004388274854],[-74.0675601131799,40.0043640088814],[-74.0674150562424,40.0043601187239],[-74.0672742902527,40.0043663187912],[-74.0670894948709,40.0043859440681],[-74.0668825018556,40.0044325009406],[-74.0667414938034,40.0044827078987],[-74.0667051902387,40.0045388518248]]}},{"type":"Feature","id":262111,"properties":{"OBJECTID":262111,"PRIMENAME":"1st Avenue","ELEVTYP_F":0,"ELEVTYP_T":0},"geometry":{"type":"LineString","coordinates":[[-74.0755252323727,39.9602818072474],[-74.0741241562072,39.9601436551256],[-74.073861733623,39.9601186958164]]}},{"type":"Feature","id":262375,"properties":{"OBJECTID":262375,"PRIMENAME":"Hialeah Drive","ELEVTYP_F":0,"ELEVTYP_T":0},"geometry":{"type":"LineString","coordinates":[[-74.0712087107159,39.9987486253802],[-74.0709405814601,39.999281412996]]}},{"type":"Feature","id":262823,"properties":{"OBJECTID":262823,"PRIMENAME":"Fielder Avenue","ELEVTYP_F":0,"ELEVTYP_T":0},"geometry":{"type":"LineString","coordinates":[[-74.0717918491012,39.9530530065588],[-74.0721494258933,39.9530936680953],[-74.0732509161045,39.9532208581003]]}},{"type":"Feature","id":262872,"properties":{"OBJECTID":262872,"PRIMENAME":"East Central Avenue","ELEVTYP_F":0,"ELEVTYP_T":0},"geometry":{"type":"LineString","coordinates":[[-74.0752617710775,39.9421424197847],[-74.0752290211617,39.9423398571728],[-74.075143636829,39.9428585046003]]}},{"type":"Feature","id":263056,"properties":{"OBJECTID":263056,"PRIMENAME":"Heron Lane","ELEVTYP_F":0,"ELEVTYP_T":0},"geometry":{"type":"LineString","coordinates":[[-74.0658063422012,39.9949821976187],[-74.065604965984,39.9954424704931]]}},{"type":"Feature","id":263360,"properties":{"OBJECTID":263360,"PRIMENAME":"Lavallette Avenue","ELEVTYP_F":0,"ELEVTYP_T":0},"geometry":{"type":"LineString","coordinates":[[-74.0751014851476,39.9658997093948],[-74.0742257023865,39.9655599102214]]}},{"type":"Feature","id":264282,"properties":{"OBJECTID":264282,"PRIMENAME":"Harbor Drive","ELEVTYP_F":0,"ELEVTYP_T":0},"geometry":{"type":"LineString","coordinates":[[-74.0698894262103,39.9872511103404],[-74.0701854269478,39.9872841114217]]}},{"type":"Feature","id":264525,"properties":{"OBJECTID":264525,"PRIMENAME":"West Bayview Drive","ELEVTYP_F":0,"ELEVTYP_T":0},"geometry":{"type":"LineString","coordinates":[[-74.0639094834604,39.9924081858682],[-74.064162423601,39.9924471119744],[-74.0658564243419,39.9928151132294],[-74.0664654237521,39.9929251118797],[-74.0664863099061,39.9929288837997]]}},{"type":"Feature","id":264798,"properties":{"OBJECTID":264798,"PRIMENAME":"Harborside Drive","ELEVTYP_F":0,"ELEVTYP_T":0},"geometry":{"type":"LineString","coordinates":[[-74.0814040735965,39.9564841174738],[-74.0809235785109,39.95642552494]]}},{"type":"Feature","id":264858,"properties":{"OBJECTID":264858,"PRIMENAME":"East Swordfish Way","ELEVTYP_F":0,"ELEVTYP_T":0},"geometry":{"type":"LineString","coordinates":[[-74.0621822963535,39.9903976305298],[-74.0624306515557,39.9904386228289]]}},{"type":"Feature","id":265079,"properties":{"OBJECTID":265079,"PRIMENAME":"Kittiwake Avenue","ELEVTYP_F":0,"ELEVTYP_T":0},"geometry":{"type":"LineString","coordinates":[[-74.0658425654462,39.9880823752019],[-74.0658428836126,39.988082427734],[-74.0672525062261,39.988318138001],[-74.0676578705549,39.9883879279696]]}},{"type":"Feature","id":265415,"properties":{"OBJECTID":265415,"PRIMENAME":"Kearney Avenue","ELEVTYP_F":0,"ELEVTYP_T":0},"geometry":{"type":"LineString","coordinates":[[-74.0773408654066,39.9465820265114],[-74.0760258904392,39.9464486041228],[-74.0745746906288,39.9463051681036]]}},{"type":"Feature","id":267285,"properties":{"OBJECTID":267285,"PRIMENAME":"West Plover Way","ELEVTYP_F":0,"ELEVTYP_T":0},"geometry":{"type":"LineString","coordinates":[[-74.064613800722,39.989593719537],[-74.0660324236439,39.9897931114793],[-74.0668504241378,39.9899081111716]]}},{"type":"Feature","id":267793,"properties":{"OBJECTID":267793,"PRIMENAME":"Boynton Court","ELEVTYP_F":0,"ELEVTYP_T":0},"geometry":{"type":"LineString","coordinates":[[-74.0693125210871,39.998152797759],[-74.0690872304649,39.9986149096932]]}},{"type":"Feature","id":268196,"properties":{"OBJECTID":268196,"PRIMENAME":"Newark Avenue","ELEVTYP_F":0,"ELEVTYP_T":0},"geometry":{"type":"LineString","coordinates":[[-74.0777351852329,39.9621340558642],[-74.0770355458775,39.9620660280561]]}},{"type":"Feature","id":268227,"properties":{"OBJECTID":268227,"PRIMENAME":"Lavallette Avenue","ELEVTYP_F":0,"ELEVTYP_T":0},"geometry":{"type":"LineString","coordinates":[[-74.0749497835487,39.9677473076174],[-74.0749273958483,39.9675482684169],[-74.0749215359299,39.9673883563444],[-74.0749290842724,39.9672756591588],[-74.0749468376142,39.967162998489]]}},{"type":"Feature","id":270463,"properties":{"OBJECTID":270463,"PRIMENAME":"Harbor Drive","ELEVTYP_F":0,"ELEVTYP_T":0},"geometry":{"type":"LineString","coordinates":[[-74.0659294244301,39.9866541116693],[-74.0661884255619,39.9867311100565]]}},{"type":"Feature","id":270524,"properties":{"OBJECTID":270524,"PRIMENAME":"Strickland Boulevard","ELEVTYP_F":0,"ELEVTYP_T":0},"geometry":{"type":"LineString","coordinates":[[-74.0696195542587,39.9958877274004],[-74.0697345944746,39.9959224714332],[-74.0700538702462,39.996015818316]]}},{"type":"Feature","id":271257,"properties":{"OBJECTID":271257,"PRIMENAME":"Catalina Avenue","ELEVTYP_F":0,"ELEVTYP_T":0},"geometry":{"type":"LineString","coordinates":[[-74.0893006756105,39.9429396893532],[-74.0892379209288,39.9430854945428],[-74.0891835525971,39.9432287758838]]}},{"type":"Feature","id":271395,"properties":{"OBJECTID":271395,"PRIMENAME":"Ocean Road","ELEVTYP_F":0,"ELEVTYP_T":0},"geometry":{"type":"LineString","coordinates":[[-74.0623244253984,39.9909034693333],[-74.062280569896,39.9911146780186]]}},{"type":"Feature","id":272258,"properties":{"OBJECTID":272258,"PRIMENAME":"Ocean Road","ELEVTYP_F":0,"ELEVTYP_T":0},"geometry":{"type":"LineString","coordinates":[[-74.06237433314,39.9906704827632],[-74.0623244253984,39.9909034693333]]}},{"type":"Feature","id":272978,"properties":{"OBJECTID":272978,"PRIMENAME":"Bay Lane","ELEVTYP_F":0,"ELEVTYP_T":0},"geometry":{"type":"LineString","coordinates":[[-74.0659872677508,39.9938050340084],[-74.066072386226,39.9936035962378]]}},{"type":"Feature","id":273759,"properties":{"OBJECTID":273759,"PRIMENAME":"Hiering Avenue","ELEVTYP_F":0,"ELEVTYP_T":0},"geometry":{"type":"LineString","coordinates":[[-74.0764620700696,39.9486030443517],[-74.0770572791945,39.9486639681089]]}},{"type":"Feature","id":274115,"properties":{"OBJECTID":274115,"PRIMENAME":"Baltimore Avenue","ELEVTYP_F":0,"ELEVTYP_T":0},"geometry":{"type":"LineString","coordinates":[[-74.0742747287617,39.9575976247006],[-74.0743561895433,39.9571003793004]]}},{"type":"Feature","id":275501,"properties":{"OBJECTID":275501,"PRIMENAME":"7th Avenue","ELEVTYP_F":0,"ELEVTYP_T":0},"geometry":{"type":"LineString","coordinates":[[-74.0640404408598,40.0033286999079],[-74.0639755771033,40.0033229381784],[-74.0638753220429,40.0033025743135],[-74.0634558715885,40.0031780029724],[-74.0630132539617,40.003047715159]]}},{"type":"Feature","id":275539,"properties":{"OBJECTID":275539,"PRIMENAME":"Bay Boulevard","ELEVTYP_F":0,"ELEVTYP_T":0},"geometry":{"type":"LineString","coordinates":[[-74.0783135451277,39.9509301893863],[-74.0782946725022,39.9507563929244],[-74.0782627572982,39.9504525553307]]}},{"type":"Feature","id":276319,"properties":{"OBJECTID":276319,"PRIMENAME":"Halsey Avenue","ELEVTYP_F":0,"ELEVTYP_T":0},"geometry":{"type":"LineString","coordinates":[[-74.0781518015389,39.9509316599954],[-74.0783135451277,39.9509301893863]]}},{"type":"Feature","id":277144,"properties":{"OBJECTID":277144,"PRIMENAME":"Basra Lane","ELEVTYP_F":0,"ELEVTYP_T":0},"geometry":{"type":"LineString","coordinates":[[-74.0639634224122,39.9872151113648],[-74.0631394222046,39.9870511116316]]}},{"type":"Feature","id":277485,"properties":{"OBJECTID":277485,"PRIMENAME":"Ortley Avenue","ELEVTYP_F":0,"ELEVTYP_T":0},"geometry":{"type":"LineString","coordinates":[[-74.0705393410651,39.9781156850116],[-74.0693656412771,39.9780026419851]]}},{"type":"Feature","id":278130,"properties":{"OBJECTID":278130,"PRIMENAME":"2nd Avenue","ELEVTYP_F":0,"ELEVTYP_T":0},"geometry":{"type":"LineString","coordinates":[[-74.0774945523325,39.9594543789753],[-74.0773355010499,39.9594382880324]]}},{"type":"Feature","id":278137,"properties":{"OBJECTID":278137,"PRIMENAME":"South Beach Way","ELEVTYP_F":0,"ELEVTYP_T":0},"geometry":{"type":"LineString","coordinates":[[-74.0674457623487,39.9902248758151],[-74.0680560722391,39.9903102348723]]}},{"type":"Feature","id":278495,"properties":{"OBJECTID":278495,"PRIMENAME":"Fort Avenue","ELEVTYP_F":0,"ELEVTYP_T":0},"geometry":{"type":"LineString","coordinates":[[-74.0783192356343,39.953215793482],[-74.0781123870804,39.9531957134259],[-74.0774847742949,39.9531419520399],[-74.0767121026248,39.9530732165818]]}},{"type":"Feature","id":278535,"properties":{"OBJECTID":278535,"PRIMENAME":"West Colony Avenue","ELEVTYP_F":0,"ELEVTYP_T":0},"geometry":{"type":"LineString","coordinates":[[-74.072835667533,39.9498497442926],[-74.0728094261526,39.9500431037506]]}},{"type":"Feature","id":278592,"properties":{"OBJECTID":278592,"PRIMENAME":"3rd Avenue","ELEVTYP_F":0,"ELEVTYP_T":0},"geometry":{"type":"LineString","coordinates":[[-74.0758537609326,39.958263071794],[-74.076738450677,39.9583472936582],[-74.0774972096109,39.9584254222357]]}},{"type":"Feature","id":278900,"properties":{"OBJECTID":278900,"PRIMENAME":"Hiering Avenue","ELEVTYP_F":0,"ELEVTYP_T":0},"geometry":{"type":"LineString","coordinates":[[-74.0700628068698,39.9479587594052],[-74.0720216896468,39.9481701539517],[-74.072581301121,39.9482240508849]]}},{"type":"Feature","id":278965,"properties":{"OBJECTID":278965,"PRIMENAME":"5th Avenue","ELEVTYP_F":0,"ELEVTYP_T":0},"geometry":{"type":"LineString","coordinates":[[-74.0624348980804,40.001499487013],[-74.062433221399,40.0014992329888],[-74.0620718946115,40.001442549642]]}},{"type":"Feature","id":279024,"properties":{"OBJECTID":279024,"PRIMENAME":"State Highway 35","ELEVTYP_F":0,"ELEVTYP_T":0},"geometry":{"type":"LineString","coordinates":[[-74.077832983068,39.9488408258597],[-74.0779595797007,39.9487532140833],[-74.0780547880146,39.9486762541664],[-74.0781267407184,39.9486180912123],[-74.078248410759,39.9485021022135],[-74.0783954642627,39.9483591362406],[-74.0785275959626,39.9481889358886],[-74.078619160102,39.9480495562867],[-74.0786752084628,39.9479489223595],[-74.0786766130855,39.947946011853],[-74.0787647729014,39.9477632206565]]}},{"type":"Feature","id":279195,"properties":{"OBJECTID":279195,"PRIMENAME":"West Bay Way","ELEVTYP_F":0,"ELEVTYP_T":0},"geometry":{"type":"LineString","coordinates":[[-74.0687622572927,39.9816906198122],[-74.0686313264273,39.9816776100754],[-74.0667135021379,39.9814870295286]]}},{"type":"Feature","id":280389,"properties":{"OBJECTID":280389,"PRIMENAME":"East Central Avenue","ELEVTYP_F":0,"ELEVTYP_T":0},"geometry":{"type":"LineString","coordinates":[[-74.0632406728655,39.9995374824494],[-74.0630920340141,39.9998563448487],[-74.0629264187865,40.0001838726562]]}},{"type":"Feature","id":280921,"properties":{"OBJECTID":280921,"PRIMENAME":"Brooklyn Avenue","ELEVTYP_F":0,"ELEVTYP_T":0},"geometry":{"type":"LineString","coordinates":[[-74.0709689341645,39.9682752920945],[-74.0711648826753,39.9682937530352],[-74.0725049214919,39.9684270205032]]}},{"type":"Feature","id":281357,"properties":{"OBJECTID":281357,"PRIMENAME":"Dellmuth Avenue","ELEVTYP_F":0,"ELEVTYP_T":0},"geometry":{"type":"LineString","coordinates":[[-74.0742747287617,39.9575976247006],[-74.0759403453416,39.9577604073665]]}},{"type":"Feature","id":281518,"properties":{"OBJECTID":281518,"PRIMENAME":"6th Avenue","ELEVTYP_F":0,"ELEVTYP_T":0},"geometry":{"type":"LineString","coordinates":[[-74.0592560129702,40.0016893348576],[-74.0609239373626,40.001959658828]]}},{"type":"Feature","id":281571,"properties":{"OBJECTID":281571,"PRIMENAME":"Normandy Drive","ELEVTYP_F":0,"ELEVTYP_T":0},"geometry":{"type":"LineString","coordinates":[[-74.0639106532584,40.0055148312416],[-74.0642003969019,40.00564896061],[-74.0642566502944,40.0056728336373],[-74.0646038247043,40.0058201678724],[-74.0647322946059,40.0058560103018],[-74.0647920103651,40.0058633177023],[-74.0648517699364,40.005863542095],[-74.0649069928574,40.0058531247131],[-74.0649531299345,40.0058285618586],[-74.0653318253721,40.0055542401425],[-74.0659834370371,40.0050157648317],[-74.0663345639672,40.004741363564],[-74.0664731068862,40.0046464260839],[-74.0665515065185,40.004600761756],[-74.066652943531,40.0045587250874],[-74.0667051902387,40.0045388518248]]}},{"type":"Feature","id":281622,"properties":{"OBJECTID":281622,"PRIMENAME":"North Surf Road","ELEVTYP_F":0,"ELEVTYP_T":0},"geometry":{"type":"LineString","coordinates":[[-74.060798038165,39.9947541032163],[-74.0619429755833,39.995087494816],[-74.0623220366701,39.9951958587151],[-74.0623727758571,39.9952042863662],[-74.0624235411596,39.9952086239864],[-74.0624850936995,39.995200592374],[-74.0625199383478,39.9951883977365],[-74.0625414493201,39.9951679158042],[-74.0625657392709,39.9951371492832],[-74.062603578873,39.9950694274728]]}},{"type":"Feature","id":281834,"properties":{"OBJECTID":281834,"PRIMENAME":"Bay Boulevard","ELEVTYP_F":0,"ELEVTYP_T":0},"geometry":{"type":"LineString","coordinates":[[-74.0784495610736,39.9522084108076],[-74.0784353758679,39.9520552496779],[-74.0783750831529,39.9514987345512]]}},{"type":"Feature","id":282143,"properties":{"OBJECTID":282143,"PRIMENAME":"Eisenhower Terrace","ELEVTYP_F":0,"ELEVTYP_T":0},"geometry":{"type":"LineString","coordinates":[[-74.0816918968751,39.951822542374],[-74.0816931163476,39.9516223533095],[-74.0816825782883,39.9515136802382],[-74.0816538227877,39.9513562389498]]}},{"type":"Feature","id":282269,"properties":{"OBJECTID":282269,"PRIMENAME":"West Central Avenue","ELEVTYP_F":0,"ELEVTYP_T":0},"geometry":{"type":"LineString","coordinates":[[-74.0637029652312,39.9993379348442],[-74.0633275609732,40.0001031061804]]}},{"type":"Feature","id":282374,"properties":{"OBJECTID":282374,"PRIMENAME":"West Atlantic Way","ELEVTYP_F":0,"ELEVTYP_T":0},"geometry":{"type":"LineString","coordinates":[[-74.0635810271047,39.9935505633053],[-74.0638780039882,39.9936113655666],[-74.0658944300665,39.9940246442751]]}},{"type":"Feature","id":282396,"properties":{"OBJECTID":282396,"PRIMENAME":"Goa Way","ELEVTYP_F":0,"ELEVTYP_T":0},"geometry":{"type":"LineString","coordinates":[[-74.0667984249903,39.9901371116834],[-74.0668504241378,39.9899081111716]]}},{"type":"Feature","id":283242,"properties":{"OBJECTID":283242,"PRIMENAME":"East Dune Way","ELEVTYP_F":0,"ELEVTYP_T":0},"geometry":{"type":"LineString","coordinates":[[-74.0632271213913,39.9859045755968],[-74.063262289574,39.9856811974846]]}},{"type":"Feature","id":284224,"properties":{"OBJECTID":284224,"PRIMENAME":"Ocean Terrace","ELEVTYP_F":0,"ELEVTYP_T":0},"geometry":{"type":"LineString","coordinates":[[-74.0606845182742,39.9969286828649],[-74.0605816407535,39.9971568370976],[-74.0605053500096,39.9973260255569]]}},{"type":"Feature","id":284261,"properties":{"OBJECTID":284261,"PRIMENAME":"Fourth Avenue","ELEVTYP_F":0,"ELEVTYP_T":0},"geometry":{"type":"LineString","coordinates":[[-74.0629449666715,40.0008972959215],[-74.0629810307765,40.0009079143234],[-74.0633597051388,40.001019407771],[-74.0636102684346,40.0010918674884],[-74.064575254289,40.0013767043315],[-74.0649665255242,40.0015019891206]]}},{"type":"Feature","id":285065,"properties":{"OBJECTID":285065,"PRIMENAME":"Bay Boulevard","ELEVTYP_F":0,"ELEVTYP_T":0},"geometry":{"type":"LineString","coordinates":[[-74.0773309531982,39.960455076279],[-74.0774122091132,39.9599580542781],[-74.0774945523325,39.9594543789753]]}},{"type":"Feature","id":285292,"properties":{"OBJECTID":285292,"PRIMENAME":"Sailfish Way","ELEVTYP_F":0,"ELEVTYP_T":0},"geometry":{"type":"LineString","coordinates":[[-74.0676246991345,39.989519268308],[-74.068132425613,39.9896001108985],[-74.0681904248648,39.9896091124874]]}},{"type":"Feature","id":285509,"properties":{"OBJECTID":285509,"PRIMENAME":"State Highway 37","ELEVTYP_F":0,"ELEVTYP_T":0},"geometry":{"type":"LineString","coordinates":[[-74.0893006756105,39.9429396893532],[-74.089516992077,39.9429947234941],[-74.0896459446188,39.9430275291532],[-74.0898505562781,39.9430788391209]]}},{"type":"Feature","id":285660,"properties":{"OBJECTID":285660,"PRIMENAME":"West Crane Way","ELEVTYP_F":0,"ELEVTYP_T":0},"geometry":{"type":"LineString","coordinates":[[-74.0643873203109,39.9905073727235],[-74.0671214248646,39.9908781106257],[-74.0671285392657,39.9908791324772]]}},{"type":"Feature","id":285973,"properties":{"OBJECTID":285973,"PRIMENAME":"Canal Lane","ELEVTYP_F":0,"ELEVTYP_T":0},"geometry":{"type":"LineString","coordinates":[[-74.0680821533031,39.9858263237011],[-74.0698334243355,39.9859931091627]]}},{"type":"Feature","id":285996,"properties":{"OBJECTID":285996,"PRIMENAME":"East Shore Way","ELEVTYP_F":0,"ELEVTYP_T":0},"geometry":{"type":"LineString","coordinates":[[-74.0669972806648,39.9805351456951],[-74.0645838517567,39.9803077011853],[-74.0644593884983,39.9802959711243]]}},{"type":"Feature","id":286161,"properties":{"OBJECTID":286161,"PRIMENAME":"Ocean Terrace","ELEVTYP_F":0,"ELEVTYP_T":0},"geometry":{"type":"LineString","coordinates":[[-74.0601812930426,39.9983351972696],[-74.0601036263014,39.9986065832813],[-74.0599941807297,39.9990017730728]]}},{"type":"Feature","id":286866,"properties":{"OBJECTID":286866,"PRIMENAME":"Ocean Road","ELEVTYP_F":0,"ELEVTYP_T":0},"geometry":{"type":"LineString","coordinates":[[-74.06348442422,39.9843801114644],[-74.0635554231792,39.9839271101257],[-74.0635824234184,39.9838931100805]]}},{"type":"Feature","id":287017,"properties":{"OBJECTID":287017,"PRIMENAME":"Sunset Boulevard","ELEVTYP_F":0,"ELEVTYP_T":0},"geometry":{"type":"LineString","coordinates":[[-74.0585092417786,40.0050661059035],[-74.0583861415383,40.0054827937485],[-74.0582836919935,40.0058027028767]]}},{"type":"Feature","id":287394,"properties":{"OBJECTID":287394,"PRIMENAME":"Brooklyn Avenue","ELEVTYP_F":0,"ELEVTYP_T":0},"geometry":{"type":"LineString","coordinates":[[-74.069312488359,39.9681190876972],[-74.0709689341645,39.9682752920945]]}},{"type":"Feature","id":287566,"properties":{"OBJECTID":287566,"PRIMENAME":"Basin Way","ELEVTYP_F":0,"ELEVTYP_T":0},"geometry":{"type":"LineString","coordinates":[[-74.0662934252956,39.9917121125379],[-74.0663434263345,39.9915101116402]]}},{"type":"Feature","id":288331,"properties":{"OBJECTID":288331,"PRIMENAME":null,"ELEVTYP_F":0,"ELEVTYP_T":0},"geometry":{"type":"LineString","coordinates":[[-74.0727977532205,39.9509696795778],[-74.0730420074031,39.9509620964482],[-74.073319545239,39.9509769549819],[-74.0734511169028,39.9509802124366],[-74.0735738891355,39.9509529076969],[-74.0736660962113,39.9509074815679],[-74.0737159160065,39.9508695042398],[-74.0737657345819,39.9508315259848],[-74.073871662583,39.9507420872357]]}},{"type":"Feature","id":288497,"properties":{"OBJECTID":288497,"PRIMENAME":"Railway Avenue East","ELEVTYP_F":0,"ELEVTYP_T":0},"geometry":{"type":"LineString","coordinates":[[-74.0722238588377,39.9594517697728],[-74.0723044554419,39.9589413724146]]}},{"type":"Feature","id":288648,"properties":{"OBJECTID":288648,"PRIMENAME":"FR RT 35 NB to CO 629 SB","ELEVTYP_F":0,"ELEVTYP_T":0},"geometry":{"type":"LineString","coordinates":[[-74.0812866754878,39.9416798116248],[-74.0811874405322,39.9417649346529],[-74.0810713506926,39.9418402050218],[-74.0809891812923,39.9418976439165],[-74.0808979591338,39.9419480217501],[-74.0807885616685,39.9420018745056],[-74.0806951000132,39.942045270746],[-74.0805698905255,39.9420832810793],[-74.0803923845092,39.9421228854343],[-74.0802558488581,39.942146880745],[-74.0800989851716,39.9421585840774],[-74.0799853537041,39.9421581724827],[-74.0799081992459,39.9421594034499],[-74.0798013450907,39.9421469907871]]}},{"type":"Feature","id":288764,"properties":{"OBJECTID":288764,"PRIMENAME":"8th Avenue","ELEVTYP_F":0,"ELEVTYP_T":0},"geometry":{"type":"LineString","coordinates":[[-74.0773132459955,39.9545929185418],[-74.0778297532886,39.9546404279919],[-74.0780272306005,39.9546594863624],[-74.0781215437138,39.9546605988181]]}},{"type":"Feature","id":288845,"properties":{"OBJECTID":288845,"PRIMENAME":"1st Avenue","ELEVTYP_F":0,"ELEVTYP_T":0},"geometry":{"type":"LineString","coordinates":[[-74.0725140811328,39.9599904942343],[-74.0723337056966,39.9599727802795]]}},{"type":"Feature","id":289131,"properties":{"OBJECTID":289131,"PRIMENAME":"Sherman Avenue","ELEVTYP_F":0,"ELEVTYP_T":0},"geometry":{"type":"LineString","coordinates":[[-74.0778373114384,39.9438597571569],[-74.0771124503178,39.9437879865529]]}},{"type":"Feature","id":289271,"properties":{"OBJECTID":289271,"PRIMENAME":"East Channel Way","ELEVTYP_F":0,"ELEVTYP_T":0},"geometry":{"type":"LineString","coordinates":[[-74.06682354135,39.9811122830986],[-74.0643580466019,39.9808762410853]]}},{"type":"Feature","id":289837,"properties":{"OBJECTID":289837,"PRIMENAME":"Ocean Boulevard","ELEVTYP_F":0,"ELEVTYP_T":0},"geometry":{"type":"LineString","coordinates":[[-74.0736103185375,39.9419769054231],[-74.0734906881298,39.9427014938982]]}},{"type":"Feature","id":290005,"properties":{"OBJECTID":290005,"PRIMENAME":"Spray Way","ELEVTYP_F":0,"ELEVTYP_T":0},"geometry":{"type":"LineString","coordinates":[[-74.0610596501074,39.9939385426898],[-74.0627244363461,39.9942808674313],[-74.0632938132959,39.9943949971836]]}},{"type":"Feature","id":290160,"properties":{"OBJECTID":290160,"PRIMENAME":"West Colony Avenue","ELEVTYP_F":0,"ELEVTYP_T":0},"geometry":{"type":"LineString","coordinates":[[-74.0728094261526,39.9500431037506],[-74.0727654258136,39.9504051040844],[-74.0727744240838,39.9504311030108]]}},{"type":"Feature","id":290199,"properties":{"OBJECTID":290199,"PRIMENAME":"Jannette Drive","ELEVTYP_F":0,"ELEVTYP_T":0},"geometry":{"type":"LineString","coordinates":[[-74.0588857522507,40.0037921028763],[-74.0601938644148,40.0043401452835],[-74.0602265685979,40.0043538466098]]}},{"type":"Feature","id":290463,"properties":{"OBJECTID":290463,"PRIMENAME":"West Chadwick Way","ELEVTYP_F":0,"ELEVTYP_T":0},"geometry":{"type":"LineString","coordinates":[[-74.0656475857612,39.9854863105528],[-74.0680980676798,39.9857304864383]]}},{"type":"Feature","id":290795,"properties":{"OBJECTID":290795,"PRIMENAME":"Grand Central Avenue","ELEVTYP_F":0,"ELEVTYP_T":0},"geometry":{"type":"LineString","coordinates":[[-74.0724944372688,39.9487467534577],[-74.0724588282647,39.9489546122448],[-74.0723371372769,39.949519162146],[-74.0723338088736,39.9495306393703]]}},{"type":"Feature","id":290922,"properties":{"OBJECTID":290922,"PRIMENAME":"Boca Raton Drive","ELEVTYP_F":0,"ELEVTYP_T":0},"geometry":{"type":"LineString","coordinates":[[-74.0722306333423,39.9993362842259],[-74.0721755220777,39.999472826865],[-74.072062116229,39.9997698401588],[-74.0720131233407,39.9998754651569],[-74.071994548844,39.9999071653572],[-74.0719679850854,39.9999524979538],[-74.0719112039214,40.0000190827754]]}},{"type":"Feature","id":291028,"properties":{"OBJECTID":291028,"PRIMENAME":"Ocean Boulevard","ELEVTYP_F":0,"ELEVTYP_T":0},"geometry":{"type":"LineString","coordinates":[[-74.0734906881298,39.9427014938982],[-74.0734694148099,39.9428303115049],[-74.0733705270392,39.943424817401]]}},{"type":"Feature","id":291121,"properties":{"OBJECTID":291121,"PRIMENAME":"West Central Avenue","ELEVTYP_F":0,"ELEVTYP_T":0},"geometry":{"type":"LineString","coordinates":[[-74.0739876418896,39.9501767177065],[-74.0740079983382,39.9500519878414],[-74.0740352966864,39.9499042656696],[-74.0740605671247,39.9497563299174],[-74.0740894749095,39.9495699432281],[-74.0741151637039,39.9493832774789],[-74.074116087647,39.9493773334609],[-74.0741418459354,39.9492179797237],[-74.0741694326875,39.9490588073816]]}},{"type":"Feature","id":291651,"properties":{"OBJECTID":291651,"PRIMENAME":"Bay Boulevard","ELEVTYP_F":0,"ELEVTYP_T":0},"geometry":{"type":"LineString","coordinates":[[-74.0789799995461,39.943964200596],[-74.0788637775762,39.9446474892557]]}},{"type":"Feature","id":293497,"properties":{"OBJECTID":293497,"PRIMENAME":"West Central Avenue","ELEVTYP_F":0,"ELEVTYP_T":0},"geometry":{"type":"LineString","coordinates":[[-74.0744599825994,39.9469839819055],[-74.0744459874081,39.9470667313722],[-74.074349152316,39.9476698659405]]}},{"type":"Feature","id":293770,"properties":{"OBJECTID":293770,"PRIMENAME":"Colony Road","ELEVTYP_F":0,"ELEVTYP_T":0},"geometry":{"type":"LineString","coordinates":[[-74.0723338088736,39.9495306393703],[-74.0698414240688,39.9492651034104],[-74.0697984240926,39.9492821042526]]}},{"type":"Feature","id":294319,"properties":{"OBJECTID":294319,"PRIMENAME":"Baltimore Avenue","ELEVTYP_F":0,"ELEVTYP_T":0},"geometry":{"type":"LineString","coordinates":[[-74.0734821215308,39.9624586378598],[-74.0735137050776,39.9622733317676],[-74.073601230392,39.961732100853]]}},{"type":"Feature","id":295030,"properties":{"OBJECTID":295030,"PRIMENAME":"Sheridan Avenue","ELEVTYP_F":0,"ELEVTYP_T":0},"geometry":{"type":"LineString","coordinates":[[-74.0702122802257,39.9438121665719],[-74.0707283692156,39.9438613543701]]}},{"type":"Feature","id":295133,"properties":{"OBJECTID":295133,"PRIMENAME":"Jersey City Avenue","ELEVTYP_F":0,"ELEVTYP_T":0},"geometry":{"type":"LineString","coordinates":[[-74.0760637507865,39.9642183115561],[-74.0757211118977,39.9641810655943],[-74.0744360403996,39.9640505348028],[-74.0732350475581,39.9639347395313]]}},{"type":"Feature","id":295374,"properties":{"OBJECTID":295374,"PRIMENAME":"7th Avenue","ELEVTYP_F":0,"ELEVTYP_T":0},"geometry":{"type":"LineString","coordinates":[[-74.0620290340437,40.0027703982351],[-74.062008300201,40.0027693038857],[-74.0619264271985,40.0027718776049],[-74.0618073745458,40.0027828475838]]}},{"type":"Feature","id":295630,"properties":{"OBJECTID":295630,"PRIMENAME":"6th Avenue","ELEVTYP_F":0,"ELEVTYP_T":0},"geometry":{"type":"LineString","coordinates":[[-74.077896059077,39.9560233247922],[-74.0780526482126,39.9560380882592]]}},{"type":"Feature","id":296116,"properties":{"OBJECTID":296116,"PRIMENAME":"East Dolphin Way","ELEVTYP_F":0,"ELEVTYP_T":0},"geometry":{"type":"LineString","coordinates":[[-74.0621022046226,39.9918311641872],[-74.0620260014821,39.9920671901934]]}},{"type":"Feature","id":296798,"properties":{"OBJECTID":296798,"PRIMENAME":"Sturgis Road","ELEVTYP_F":0,"ELEVTYP_T":0},"geometry":{"type":"LineString","coordinates":[[-74.081657626112,39.9628279497005],[-74.0820898174668,39.9619851408056]]}},{"type":"Feature","id":296833,"properties":{"OBJECTID":296833,"PRIMENAME":"Ocean Terrace","ELEVTYP_F":0,"ELEVTYP_T":0},"geometry":{"type":"LineString","coordinates":[[-74.0700628068698,39.9479587594052],[-74.0700215438651,39.9482367954185]]}},{"type":"Feature","id":297369,"properties":{"OBJECTID":297369,"PRIMENAME":"Lavallette Avenue","ELEVTYP_F":0,"ELEVTYP_T":0},"geometry":{"type":"LineString","coordinates":[[-74.0749468376142,39.967162998489],[-74.0750021797788,39.9670242586367],[-74.0750918092563,39.9668568171842],[-74.0752325459037,39.966686955378],[-74.0754141707868,39.9665172152394],[-74.0755059352857,39.9664254166754],[-74.0755509224484,39.9663626847531],[-74.0755651871747,39.9663176311754],[-74.0755626377414,39.9662740796684],[-74.0755373166886,39.966185723579],[-74.0754851362704,39.9661076732395],[-74.0754227833436,39.9660476511805],[-74.075352405751,39.9660102210507],[-74.0751856953507,39.9659323823735],[-74.0751014851476,39.9658997093948]]}},{"type":"Feature","id":297371,"properties":{"OBJECTID":297371,"PRIMENAME":"Harbor Drive","ELEVTYP_F":0,"ELEVTYP_T":0},"geometry":{"type":"LineString","coordinates":[[-74.0678833737274,39.9870349739153],[-74.0682104253399,39.9870671104206]]}},{"type":"Feature","id":298014,"properties":{"OBJECTID":298014,"PRIMENAME":"Virginia Avenue","ELEVTYP_F":0,"ELEVTYP_T":0},"geometry":{"type":"LineString","coordinates":[[-74.0749468376142,39.967162998489],[-74.0746330291896,39.9671348333027]]}},{"type":"Feature","id":298084,"properties":{"OBJECTID":298084,"PRIMENAME":"4th Avenue","ELEVTYP_F":0,"ELEVTYP_T":0},"geometry":{"type":"LineString","coordinates":[[-74.0781853996967,39.9574850742962],[-74.0783104264991,39.9574231043669],[-74.0783904273013,39.9573961046524],[-74.0785504255328,39.9573941040769],[-74.0791824272483,39.9574431045741]]}},{"type":"Feature","id":298332,"properties":{"OBJECTID":298332,"PRIMENAME":"Spindrift Road","ELEVTYP_F":0,"ELEVTYP_T":0},"geometry":{"type":"LineString","coordinates":[[-74.0814040735965,39.9564841174738],[-74.081548342355,39.9566594360069],[-74.0821904617849,39.9574892087097]]}},{"type":"Feature","id":298488,"properties":{"OBJECTID":298488,"PRIMENAME":"New Jersey Avenue","ELEVTYP_F":0,"ELEVTYP_T":0},"geometry":{"type":"LineString","coordinates":[[-74.0745630578776,39.9648156427626],[-74.0747034893356,39.9648502274576]]}},{"type":"Feature","id":298704,"properties":{"OBJECTID":298704,"PRIMENAME":"Ocean Boulevard","ELEVTYP_F":0,"ELEVTYP_T":0},"geometry":{"type":"LineString","coordinates":[[-74.0732578156378,39.9441026775241],[-74.0732174647402,39.9443454399607],[-74.0731459493445,39.9447818303894]]}},{"type":"Feature","id":299141,"properties":{"OBJECTID":299141,"PRIMENAME":"Jeanette Street","ELEVTYP_F":0,"ELEVTYP_T":0},"geometry":{"type":"LineString","coordinates":[[-74.0602265685979,40.0043538466098],[-74.0608511616888,40.0046155134734]]}},{"type":"Feature","id":299254,"properties":{"OBJECTID":299254,"PRIMENAME":"Sea Bee Road","ELEVTYP_F":0,"ELEVTYP_T":0},"geometry":{"type":"LineString","coordinates":[[-74.0639982136369,39.9946676277582],[-74.0640731221478,39.9944508059521]]}},{"type":"Feature","id":299448,"properties":{"OBJECTID":299448,"PRIMENAME":"Murray Lane","ELEVTYP_F":0,"ELEVTYP_T":0},"geometry":{"type":"LineString","coordinates":[[-74.0641544238585,39.9865331095867],[-74.0635744235444,39.9863301108169],[-74.0634594240198,39.9863181108706],[-74.0633704234109,39.9863341108734]]}},{"type":"Feature","id":300025,"properties":{"OBJECTID":300025,"PRIMENAME":"East Pompano Way","ELEVTYP_F":0,"ELEVTYP_T":0},"geometry":{"type":"LineString","coordinates":[[-74.0623244253984,39.9909034693333],[-74.0637631866523,39.9911223482957],[-74.0642144263447,39.9911851407111]]}},{"type":"Feature","id":300231,"properties":{"OBJECTID":300231,"PRIMENAME":"Sherman Avenue","ELEVTYP_F":0,"ELEVTYP_T":0},"geometry":{"type":"LineString","coordinates":[[-74.070422951694,39.9431419763183],[-74.0708946024343,39.943184079425]]}},{"type":"Feature","id":300335,"properties":{"OBJECTID":300335,"PRIMENAME":"West Bay Way","ELEVTYP_F":0,"ELEVTYP_T":0},"geometry":{"type":"LineString","coordinates":[[-74.0659872677508,39.9938050340084],[-74.0650297360795,39.9936156935708],[-74.0639444645413,39.9933981085362],[-74.06365326936,39.9933377677558]]}},{"type":"Feature","id":300405,"properties":{"OBJECTID":300405,"PRIMENAME":"Coolidge Avenue","ELEVTYP_F":0,"ELEVTYP_T":0},"geometry":{"type":"LineString","coordinates":[[-74.0719548169222,39.9520317502846],[-74.0734216875892,39.9522033628414]]}},{"type":"Feature","id":300522,"properties":{"OBJECTID":300522,"PRIMENAME":"Johnson Road","ELEVTYP_F":0,"ELEVTYP_T":0},"geometry":{"type":"LineString","coordinates":[[-74.0658063422012,39.9949821976187],[-74.0658379288138,39.9949995014213],[-74.0658860574948,39.9950425922496],[-74.0659377366405,39.9950999716497],[-74.0660041912514,39.9951745648097],[-74.0660891888605,39.995252109613],[-74.0661779883844,39.9953210758455],[-74.0662964295661,39.9954101666257],[-74.066435236971,39.9954906038255],[-74.0665792883123,39.9955601880427],[-74.0667078372353,39.9956147524945],[-74.0668423601588,39.9956615146945],[-74.0669490134221,39.9956957356585],[-74.0670603410358,39.9957304414515],[-74.0675243337068,39.9958551651562]]}},{"type":"Feature","id":301016,"properties":{"OBJECTID":301016,"PRIMENAME":"Durborow Avenue","ELEVTYP_F":0,"ELEVTYP_T":0},"geometry":{"type":"LineString","coordinates":[[-74.0726028875467,39.9595134830552],[-74.0724094054329,39.95949819155]]}},{"type":"Feature","id":301055,"properties":{"OBJECTID":301055,"PRIMENAME":"Del Monte Road","ELEVTYP_F":0,"ELEVTYP_T":0},"geometry":{"type":"LineString","coordinates":[[-74.0681413075855,39.9845649846421],[-74.0681618801565,39.9844175081965],[-74.0681769148633,39.9843097485516]]}},{"type":"Feature","id":301911,"properties":{"OBJECTID":301911,"PRIMENAME":"Carteret Avenue","ELEVTYP_F":0,"ELEVTYP_T":0},"geometry":{"type":"LineString","coordinates":[[-74.0702825182593,39.9465815024699],[-74.0708579000989,39.9466323361844],[-74.0721283722392,39.9467570880568],[-74.0726702726877,39.9468122369352],[-74.0728100360178,39.9468275768535]]}},{"type":"Feature","id":302098,"properties":{"OBJECTID":302098,"PRIMENAME":"Newark Avenue","ELEVTYP_F":0,"ELEVTYP_T":0},"geometry":{"type":"LineString","coordinates":[[-74.0768776264834,39.9620506818984],[-74.073601230392,39.961732100853]]}},{"type":"Feature","id":302447,"properties":{"OBJECTID":302447,"PRIMENAME":"FR SUNSET DR to RT 37 WB","ELEVTYP_F":0,"ELEVTYP_T":0},"geometry":{"type":"LineString","coordinates":[[-74.0863279688949,39.9425521798014],[-74.0862302229177,39.9424307596046],[-74.0862143577681,39.9424060765362],[-74.0862085604657,39.9423797009262],[-74.0862096395297,39.9423722918932],[-74.0862111963552,39.9423624967701],[-74.0862150208717,39.9423492221719],[-74.0862226153348,39.942331925825],[-74.0862324753846,39.9423175207517],[-74.086242271216,39.9423077541303],[-74.0862581085215,39.942295676216],[-74.0862716418662,39.9422870767455],[-74.0862912109138,39.9422773179735],[-74.0863115136251,39.9422698955684],[-74.0863325208773,39.9422642050463],[-74.0863805656467,39.9422580075013],[-74.0864320945608,39.9422536616246],[-74.0865735099139,39.9422544127736]]}},{"type":"Feature","id":302617,"properties":{"OBJECTID":302617,"PRIMENAME":"FR RT 35 NB to RT 35 SB","ELEVTYP_F":0,"ELEVTYP_T":0},"geometry":{"type":"LineString","coordinates":[[-74.0754830113559,39.9492523701674],[-74.0753673856845,39.9492559504444],[-74.0752521210406,39.9492638369784],[-74.0751374880018,39.949276011256],[-74.0750237556635,39.9492924446986],[-74.0749597575024,39.9493055374972],[-74.0748972837971,39.9493224380842],[-74.0748367163714,39.9493430431677],[-74.0747784253992,39.9493672268148],[-74.0747227671424,39.9493948412212],[-74.0746700817737,39.9494257176144],[-74.0746206912973,39.9494596672855],[-74.0745748975813,39.949496482742],[-74.0745480672271,39.949526067816],[-74.0745254721239,39.9495576791171],[-74.0745073679802,39.9495909589088],[-74.0744939596825,39.9496255305723],[-74.0744853989765,39.9496610028686],[-74.0744817827493,39.9496969743656],[-74.0744831519328,39.9497330379813],[-74.0744894910399,39.9497687855908],[-74.0745015801142,39.9497949575037],[-74.0745176781601,39.9498198177649],[-74.074537550648,39.9498430041834],[-74.0745609080574,39.9498641789539],[-74.0745874100947,39.9498830335789],[-74.0746166706507,39.9498992933629],[-74.0746482634264,39.949912721415],[-74.0746817281432,39.9499231221],[-74.0747541670359,39.9499349574789],[-74.0748278480497,39.9499406641863],[-74.0749018984803,39.9499401746298],[-74.0749754412473,39.9499334946078],[-74.0749886947345,39.9499316327817]]}},{"type":"Feature","id":303066,"properties":{"OBJECTID":303066,"PRIMENAME":"Coolidge Avenue","ELEVTYP_F":0,"ELEVTYP_T":0},"geometry":{"type":"LineString","coordinates":[[-74.0825905962217,39.9545074128443],[-74.0822809971695,39.9534796361393],[-74.0821927280537,39.9531713687291]]}},{"type":"Feature","id":303374,"properties":{"OBJECTID":303374,"PRIMENAME":null,"ELEVTYP_F":0,"ELEVTYP_T":0},"geometry":{"type":"LineString","coordinates":[[-74.0739876418896,39.9501767177065],[-74.0740375049023,39.9501752318737],[-74.0740870975546,39.950170973344],[-74.0741361599009,39.9501639644389],[-74.0741844347758,39.9501542418962],[-74.0742780374703,39.9501202111559],[-74.0743723671617,39.9500873910963],[-74.074458731388,39.9500586123818],[-74.0749886947345,39.9499316327817]]}},{"type":"Feature","id":303498,"properties":{"OBJECTID":303498,"PRIMENAME":"Baltimore Avenue","ELEVTYP_F":0,"ELEVTYP_T":0},"geometry":{"type":"LineString","coordinates":[[-74.0741916691301,39.9580995856604],[-74.0742543733317,39.9577218878826],[-74.0742747287617,39.9575976247006]]}},{"type":"Feature","id":303939,"properties":{"OBJECTID":303939,"PRIMENAME":"Barnegat Way","ELEVTYP_F":0,"ELEVTYP_T":0},"geometry":{"type":"LineString","coordinates":[[-74.0632243184492,39.9946020923418],[-74.062141241515,39.9943858993113],[-74.0616770145166,39.9943007401165],[-74.0612625038855,39.9941942998319],[-74.0610521021804,39.994153008333]]}},{"type":"Feature","id":304075,"properties":{"OBJECTID":304075,"PRIMENAME":"Normandy Drive","ELEVTYP_F":0,"ELEVTYP_T":0},"geometry":{"type":"LineString","coordinates":[[-74.0667051902387,40.0045388518248],[-74.0668819250407,40.004523781627],[-74.0670272105699,40.0044972826211],[-74.0671723880243,40.004487694665],[-74.0672955336056,40.0044847507365],[-74.0674142453665,40.0044885976558],[-74.0675636080257,40.0045060396742],[-74.0678007533465,40.0045576853052],[-74.0679221945586,40.0045811754493],[-74.0679706594794,40.0045753484214],[-74.0680083187233,40.0045490585128]]}},{"type":"Feature","id":304939,"properties":{"OBJECTID":304939,"PRIMENAME":"FR RT 35 SB to RT 37 WB","ELEVTYP_F":0,"ELEVTYP_T":0},"geometry":{"type":"LineString","coordinates":[[-74.0800774926331,39.9430197886412],[-74.0802686587383,39.9428646328444],[-74.0804637773486,39.9427124203524],[-74.0806627719742,39.9425632108154],[-74.0808655646082,39.9424170627061],[-74.0809470169914,39.9423642495721],[-74.0810298019744,39.942312678755],[-74.0811138875805,39.9422623701731],[-74.0811992413307,39.9422133432569]]}},{"type":"Feature","id":305037,"properties":{"OBJECTID":305037,"PRIMENAME":"Basin Way","ELEVTYP_F":0,"ELEVTYP_T":0},"geometry":{"type":"LineString","coordinates":[[-74.0663434263345,39.9915101116402],[-74.0663994247276,39.9912861117649]]}},{"type":"Feature","id":305064,"properties":{"OBJECTID":305064,"PRIMENAME":"Bay Boulevard","ELEVTYP_F":0,"ELEVTYP_T":0},"geometry":{"type":"LineString","coordinates":[[-74.0722875489259,39.9722296284036],[-74.0722772891517,39.9721467900736],[-74.0722555765502,39.9720523236474],[-74.0722264063121,39.9719635681191],[-74.0721641586086,39.9718117389747],[-74.0721386637636,39.9717287345095],[-74.072124248404,39.9716543366875],[-74.0721246941553,39.9715828489695],[-74.072140054547,39.9715056787779],[-74.0721488043777,39.9714874266572]]}},{"type":"Feature","id":305972,"properties":{"OBJECTID":305972,"PRIMENAME":"FR RAMP A100280 to CO 629 NB","ELEVTYP_F":0,"ELEVTYP_T":0},"geometry":{"type":"LineString","coordinates":[[-74.0798013450907,39.9421469907871],[-74.0796718923923,39.9421325199313],[-74.0795378738471,39.9421180332735],[-74.0794220267165,39.9421123691296],[-74.079340177061,39.9421173161499],[-74.0792490711244,39.9421484745508],[-74.0791716019295,39.9421894290131]]}},{"type":"Feature","id":306931,"properties":{"OBJECTID":306931,"PRIMENAME":"Reese Avenue","ELEVTYP_F":0,"ELEVTYP_T":0},"geometry":{"type":"LineString","coordinates":[[-74.070110493645,39.9735050075077],[-74.0711447042221,39.9736008359293]]}},{"type":"Feature","id":307309,"properties":{"OBJECTID":307309,"PRIMENAME":"Spar Road","ELEVTYP_F":0,"ELEVTYP_T":0},"geometry":{"type":"LineString","coordinates":[[-74.0690474246483,39.9871551108331],[-74.0690004239056,39.9874261103207],[-74.0689904245778,39.9874821115632]]}},{"type":"Feature","id":308171,"properties":{"OBJECTID":308171,"PRIMENAME":"Harding Avenue","ELEVTYP_F":0,"ELEVTYP_T":0},"geometry":{"type":"LineString","coordinates":[[-74.0720377916284,39.9515220754953],[-74.0715545690653,39.9514672494986],[-74.0691336889933,39.9511808849445]]}},{"type":"Feature","id":308326,"properties":{"OBJECTID":308326,"PRIMENAME":"Silver Beach Road","ELEVTYP_F":0,"ELEVTYP_T":0},"geometry":{"type":"LineString","coordinates":[[-74.0646057432013,39.9971046321464],[-74.0644871660558,39.9970761017252],[-74.0640417722277,39.9969505018111],[-74.0630252894398,39.9966460299331]]}},{"type":"Feature","id":308592,"properties":{"OBJECTID":308592,"PRIMENAME":"Fielder Avenue","ELEVTYP_F":0,"ELEVTYP_T":0},"geometry":{"type":"LineString","coordinates":[[-74.0736307351222,39.9532646989967],[-74.0736343360179,39.9532651238656],[-74.0765457102294,39.9535732018391],[-74.076629172959,39.9535808916113]]}},{"type":"Feature","id":308901,"properties":{"OBJECTID":308901,"PRIMENAME":"Ortley Avenue","ELEVTYP_F":0,"ELEVTYP_T":0},"geometry":{"type":"LineString","coordinates":[[-74.0693656412771,39.9780026419851],[-74.067714192166,39.9778436328992]]}},{"type":"Feature","id":309010,"properties":{"OBJECTID":309010,"PRIMENAME":"Broad Avenue","ELEVTYP_F":0,"ELEVTYP_T":0},"geometry":{"type":"LineString","coordinates":[[-74.0640404408598,40.0033286999079],[-74.0638296994729,40.0037513500331],[-74.063799507998,40.0038170157905],[-74.0637806728523,40.0038598274626],[-74.0637766872923,40.0038969845551],[-74.0637801632039,40.003939907222],[-74.0637947397135,40.0039828716689],[-74.0638204179495,40.0040372988344],[-74.0638979258864,40.00413194836],[-74.0639902106821,40.0042381293063],[-74.0640714124585,40.0043356478443],[-74.0641192023848,40.0044216197306],[-74.0641632069172,40.0045190253197],[-74.0641924529603,40.0045963347119],[-74.0641995486224,40.0046369930904]]}},{"type":"Feature","id":309124,"properties":{"OBJECTID":309124,"PRIMENAME":"Gull Lane","ELEVTYP_F":0,"ELEVTYP_T":0},"geometry":{"type":"LineString","coordinates":[[-74.0693724244211,39.9868421095637],[-74.0694824264131,39.9868531105171],[-74.069649426127,39.9868691102653]]}},{"type":"Feature","id":309198,"properties":{"OBJECTID":309198,"PRIMENAME":"West Central Avenue","ELEVTYP_F":0,"ELEVTYP_T":0},"geometry":{"type":"LineString","coordinates":[[-74.0640863532895,39.998556484027],[-74.0637029652312,39.9993379348442]]}},{"type":"Feature","id":309199,"properties":{"OBJECTID":309199,"PRIMENAME":"3rd Avenue","ELEVTYP_F":0,"ELEVTYP_T":0},"geometry":{"type":"LineString","coordinates":[[-74.0726675157705,39.9579513009859],[-74.0732823305802,39.9580102573893]]}},{"type":"Feature","id":309245,"properties":{"OBJECTID":309245,"PRIMENAME":"East Bay Way","ELEVTYP_F":0,"ELEVTYP_T":0},"geometry":{"type":"LineString","coordinates":[[-74.0667135021379,39.9814870295286],[-74.0642936724443,39.981244854572]]}},{"type":"Feature","id":309382,"properties":{"OBJECTID":309382,"PRIMENAME":"State Highway 37","ELEVTYP_F":0,"ELEVTYP_T":0},"geometry":{"type":"LineString","coordinates":[[-74.0873915493496,39.9424590303093],[-74.0876157365601,39.9425150921985],[-74.0885162640812,39.9427401189425],[-74.0893006756105,39.9429396893532]]}},{"type":"Feature","id":309564,"properties":{"OBJECTID":309564,"PRIMENAME":"Abbey Lane","ELEVTYP_F":0,"ELEVTYP_T":0},"geometry":{"type":"LineString","coordinates":[[-74.0645069636427,39.9878660074173],[-74.0646279826072,39.9873482084659]]}},{"type":"Feature","id":309604,"properties":{"OBJECTID":309604,"PRIMENAME":"Dawn Lane","ELEVTYP_F":0,"ELEVTYP_T":0},"geometry":{"type":"LineString","coordinates":[[-74.0681309978604,39.9899192369622],[-74.0681904248648,39.9896091124874]]}},{"type":"Feature","id":310401,"properties":{"OBJECTID":310401,"PRIMENAME":"East Dune Way","ELEVTYP_F":0,"ELEVTYP_T":0},"geometry":{"type":"LineString","coordinates":[[-74.0632271213913,39.9859045755968],[-74.064098423398,39.9860021110517]]}},{"type":"Feature","id":310586,"properties":{"OBJECTID":310586,"PRIMENAME":"Halsey Avenue","ELEVTYP_F":0,"ELEVTYP_T":0},"geometry":{"type":"LineString","coordinates":[[-74.0770287572476,39.9508278006204],[-74.0772629819822,39.9508555871566],[-74.0779767101689,39.9509286070464],[-74.0780670425325,39.9509323945788],[-74.0781518015389,39.9509316599954]]}},{"type":"Feature","id":310840,"properties":{"OBJECTID":310840,"PRIMENAME":"South Court","ELEVTYP_F":0,"ELEVTYP_T":0},"geometry":{"type":"LineString","coordinates":[[-74.0637029652312,39.9993379348442],[-74.0661894324972,40.0000617746864]]}},{"type":"Feature","id":310887,"properties":{"OBJECTID":310887,"PRIMENAME":"Bay Lane","ELEVTYP_F":0,"ELEVTYP_T":0},"geometry":{"type":"LineString","coordinates":[[-74.0654280810711,39.9950905940858],[-74.065522601552,39.9948762614797]]}},{"type":"Feature","id":310943,"properties":{"OBJECTID":310943,"PRIMENAME":"East Dune Way","ELEVTYP_F":0,"ELEVTYP_T":0},"geometry":{"type":"LineString","coordinates":[[-74.064098423398,39.9860021110517],[-74.0654664258364,39.9861301104897],[-74.0654872406256,39.9861320592907]]}},{"type":"Feature","id":311112,"properties":{"OBJECTID":311112,"PRIMENAME":"Trinidad Avenue","ELEVTYP_F":0,"ELEVTYP_T":0},"geometry":{"type":"LineString","coordinates":[[-74.0893707664275,39.9436907185936],[-74.0900633937237,39.9438644261546],[-74.0909989752869,39.9440952401491]]}},{"type":"Feature","id":311197,"properties":{"OBJECTID":311197,"PRIMENAME":"East Shell Way","ELEVTYP_F":0,"ELEVTYP_T":0},"geometry":{"type":"LineString","coordinates":[[-74.063262289574,39.9856811974846],[-74.0655204258586,39.9859091108008],[-74.0655418750164,39.9859112763383]]}},{"type":"Feature","id":311209,"properties":{"OBJECTID":311209,"PRIMENAME":"Seacrest Drive","ELEVTYP_F":0,"ELEVTYP_T":0},"geometry":{"type":"LineString","coordinates":[[-74.0633704234109,39.9863341108734],[-74.063315423428,39.9863901096349],[-74.0631394222046,39.9870511116316]]}},{"type":"Feature","id":311447,"properties":{"OBJECTID":311447,"PRIMENAME":"6th Avenue","ELEVTYP_F":0,"ELEVTYP_T":0},"geometry":{"type":"LineString","coordinates":[[-74.0714050166736,39.9553961568883],[-74.0718270988337,39.9554375793919],[-74.0724287228202,39.9554970140055]]}},{"type":"Feature","id":311683,"properties":{"OBJECTID":311683,"PRIMENAME":"Washington Avenue","ELEVTYP_F":0,"ELEVTYP_T":0},"geometry":{"type":"LineString","coordinates":[[-74.0763675561484,39.955186970754],[-74.0764774966757,39.9545113226181]]}},{"type":"Feature","id":312110,"properties":{"OBJECTID":312110,"PRIMENAME":"Biscayne Court","ELEVTYP_F":0,"ELEVTYP_T":0},"geometry":{"type":"LineString","coordinates":[[-74.0709003523385,39.9979068003264],[-74.0704199556343,39.9977704985119],[-74.0703680377826,39.9977502923816],[-74.070334699632,39.9977272998695],[-74.0703050636471,39.9976831544811]]}},{"type":"Feature","id":313107,"properties":{"OBJECTID":313107,"PRIMENAME":"Sailfish Way","ELEVTYP_F":0,"ELEVTYP_T":0},"geometry":{"type":"LineString","coordinates":[[-74.0681904248648,39.9896091124874],[-74.0695004252977,39.9898171111836]]}},{"type":"Feature","id":313226,"properties":{"OBJECTID":313226,"PRIMENAME":"Daytona Drive","ELEVTYP_F":0,"ELEVTYP_T":0},"geometry":{"type":"LineString","coordinates":[[-74.0703050636471,39.9976831544811],[-74.0710060016753,39.9962942113329]]}},{"type":"Feature","id":313527,"properties":{"OBJECTID":313527,"PRIMENAME":"Ocean Avenue","ELEVTYP_F":0,"ELEVTYP_T":0},"geometry":{"type":"LineString","coordinates":[[-74.0691336889933,39.9511808849445],[-74.0690202244385,39.951696951062]]}},{"type":"Feature","id":313918,"properties":{"OBJECTID":313918,"PRIMENAME":"West Rutherford Lane","ELEVTYP_F":0,"ELEVTYP_T":0},"geometry":{"type":"LineString","coordinates":[[-74.0686402673051,39.9824364694966],[-74.0665071884874,39.9822079300489]]}},{"type":"Feature","id":313950,"properties":{"OBJECTID":313950,"PRIMENAME":"Kathryn Street","ELEVTYP_F":0,"ELEVTYP_T":0},"geometry":{"type":"LineString","coordinates":[[-74.06850980366,39.9832211718853],[-74.0685494554374,39.9832321090702],[-74.0685999707601,39.9832407799603],[-74.0696179669705,39.9833389495032],[-74.0716428515999,39.9835323393599],[-74.0741654674461,39.9837818533144]]}},{"type":"Feature","id":313952,"properties":{"OBJECTID":313952,"PRIMENAME":"South Surf Road","ELEVTYP_F":0,"ELEVTYP_T":0},"geometry":{"type":"LineString","coordinates":[[-74.062603578873,39.9950694274728],[-74.0626145343764,39.9950290207984],[-74.0626364418363,39.9949482065314],[-74.0626420712964,39.9949050434096],[-74.0626342634062,39.9948700377182],[-74.0626050351048,39.9948411561576],[-74.0625570649341,39.9948183529774],[-74.0624796609904,39.994793380558],[-74.0614575135388,39.994493375226],[-74.0609290259524,39.9943432901521]]}},{"type":"Feature","id":314221,"properties":{"OBJECTID":314221,"PRIMENAME":"Fielder Avenue","ELEVTYP_F":0,"ELEVTYP_T":0},"geometry":{"type":"LineString","coordinates":[[-74.0688143520371,39.952709834537],[-74.0696889406194,39.95280494419],[-74.0713302178617,39.9530005111546],[-74.0717918491012,39.9530530065588]]}},{"type":"Feature","id":314346,"properties":{"OBJECTID":314346,"PRIMENAME":"Central Avenue","ELEVTYP_F":0,"ELEVTYP_T":0},"geometry":{"type":"LineString","coordinates":[[-74.0738571300431,39.9508018006567],[-74.073871662583,39.9507420872357]]}},{"type":"Feature","id":314459,"properties":{"OBJECTID":314459,"PRIMENAME":"Shuster Avenue","ELEVTYP_F":0,"ELEVTYP_T":0},"geometry":{"type":"LineString","coordinates":[[-74.0757701633769,39.9587670638828],[-74.0742246618761,39.9586183360417],[-74.0741074705408,39.9586064575175]]}},{"type":"Feature","id":314766,"properties":{"OBJECTID":314766,"PRIMENAME":"East Crane Way","ELEVTYP_F":0,"ELEVTYP_T":0},"geometry":{"type":"LineString","coordinates":[[-74.0622334568227,39.9901874411242],[-74.0624922270764,39.9902269909648]]}},{"type":"Feature","id":314854,"properties":{"OBJECTID":314854,"PRIMENAME":"West Pelican Way","ELEVTYP_F":0,"ELEVTYP_T":0},"geometry":{"type":"LineString","coordinates":[[-74.0640397993196,39.9918769051267],[-74.0661854248684,39.9921471118588]]}},{"type":"Feature","id":315091,"properties":{"OBJECTID":315091,"PRIMENAME":"Peterson Lane","ELEVTYP_F":0,"ELEVTYP_T":0},"geometry":{"type":"LineString","coordinates":[[-74.0621322762269,39.9977849475449],[-74.062255980906,39.9978211593412],[-74.0623302467539,39.9978405203638],[-74.062620949693,39.9979250213255],[-74.0628714708029,39.9980022049009],[-74.0631498186912,39.9980819094159],[-74.0640034238689,39.9983330015111]]}},{"type":"Feature","id":315127,"properties":{"OBJECTID":315127,"PRIMENAME":"Bay Shore Drive","ELEVTYP_F":0,"ELEVTYP_T":0},"geometry":{"type":"LineString","coordinates":[[-74.0664745559965,39.9947141987931],[-74.0664209986203,39.9945921382762],[-74.0664169546802,39.9945829197298],[-74.0663953490913,39.994522468152],[-74.0663769616377,39.994449977157],[-74.0663618680708,39.9943532838886],[-74.0663564102107,39.9942228591815],[-74.066366734755,39.9940803862221],[-74.0663737949971,39.9939572554282],[-74.0663730322144,39.9938880693037],[-74.0663717998369,39.9937761095683]]}},{"type":"Feature","id":315265,"properties":{"OBJECTID":315265,"PRIMENAME":"Coral Gables Drive","ELEVTYP_F":0,"ELEVTYP_T":0},"geometry":{"type":"LineString","coordinates":[[-74.0709003523385,39.9979068003264],[-74.0708194811171,39.9980698502306],[-74.0703869107972,39.9989425340409]]}},{"type":"Feature","id":315484,"properties":{"OBJECTID":315484,"PRIMENAME":"Virginia Avenue","ELEVTYP_F":0,"ELEVTYP_T":0},"geometry":{"type":"LineString","coordinates":[[-74.0744865732179,39.9671216948587],[-74.0736785909458,39.9670491859247],[-74.072922709454,39.9669756275443],[-74.0727412095555,39.9669578821509]]}},{"type":"Feature","id":315500,"properties":{"OBJECTID":315500,"PRIMENAME":"Fielder Avenue","ELEVTYP_F":0,"ELEVTYP_T":0},"geometry":{"type":"LineString","coordinates":[[-74.0734471180881,39.9532435152209],[-74.0736307351222,39.9532646989967]]}},{"type":"Feature","id":315517,"properties":{"OBJECTID":315517,"PRIMENAME":"North Bayside Road","ELEVTYP_F":0,"ELEVTYP_T":0},"geometry":{"type":"LineString","coordinates":[[-74.0651431355315,39.9960188290497],[-74.0647133877985,39.9958979299425],[-74.0635550497961,39.9955624841614],[-74.0635016894465,39.9955396889981],[-74.063459112034,39.9955107024375],[-74.063424568579,39.995475596101],[-74.0634087683221,39.9954344112374],[-74.0634037899544,39.9953809130499],[-74.0634014139724,39.9953336287296],[-74.0634097635331,39.9952781217316]]}},{"type":"Feature","id":315567,"properties":{"OBJECTID":315567,"PRIMENAME":"Keith Lane","ELEVTYP_F":0,"ELEVTYP_T":0},"geometry":{"type":"LineString","coordinates":[[-74.0661884255619,39.9867311100565],[-74.0659864246419,39.9875231098468]]}},{"type":"Feature","id":315584,"properties":{"OBJECTID":315584,"PRIMENAME":"Blaine Avenue","ELEVTYP_F":0,"ELEVTYP_T":0},"geometry":{"type":"LineString","coordinates":[[-74.0752617710775,39.9421424197847],[-74.0764979852561,39.9422578830089],[-74.0772317673325,39.9423319408635]]}},{"type":"Feature","id":315632,"properties":{"OBJECTID":315632,"PRIMENAME":"Westmont Avenue","ELEVTYP_F":0,"ELEVTYP_T":0},"geometry":{"type":"LineString","coordinates":[[-74.0648340985549,39.9783159038084],[-74.0671150543157,39.9785417675759],[-74.0675800828876,39.9785859185873]]}},{"type":"Feature","id":316245,"properties":{"OBJECTID":316245,"PRIMENAME":"Morton Drive","ELEVTYP_F":0,"ELEVTYP_T":0},"geometry":{"type":"LineString","coordinates":[[-74.0847036984572,39.9639378756915],[-74.0837921566139,39.9641908869042],[-74.0821062200474,39.964688158957],[-74.0819799152814,39.9647296253856],[-74.0818774592285,39.9647685971592],[-74.0817681596165,39.9648180041131],[-74.0816895557116,39.9648596693305],[-74.0815630744793,39.9649299889546],[-74.0814571162068,39.9649872861962],[-74.0813170687787,39.9650470686854],[-74.0811739465591,39.9650964078568]]}},{"type":"Feature","id":316812,"properties":{"OBJECTID":316812,"PRIMENAME":"West Central Avenue","ELEVTYP_F":0,"ELEVTYP_T":0},"geometry":{"type":"LineString","coordinates":[[-74.0745746906288,39.9463051681036],[-74.0744599825994,39.9469839819055]]}},{"type":"Feature","id":316816,"properties":{"OBJECTID":316816,"PRIMENAME":"West Beach Way","ELEVTYP_F":0,"ELEVTYP_T":0},"geometry":{"type":"LineString","coordinates":[[-74.0677761239169,39.9813758439095],[-74.0667732320233,39.9812809554103]]}},{"type":"Feature","id":316987,"properties":{"OBJECTID":316987,"PRIMENAME":"Sturgis Road","ELEVTYP_F":0,"ELEVTYP_T":0},"geometry":{"type":"LineString","coordinates":[[-74.080032512978,39.9634400573886],[-74.0809367172259,39.9631739807637],[-74.0814725728852,39.9630081473559],[-74.0815137912397,39.9629849992525],[-74.0815375147153,39.9629716759961],[-74.0815957418802,39.9629247204002],[-74.0816300493446,39.9628802598917],[-74.081657626112,39.9628279497005]]}},{"type":"Feature","id":317377,"properties":{"OBJECTID":317377,"PRIMENAME":"Newark Avenue","ELEVTYP_F":0,"ELEVTYP_T":0},"geometry":{"type":"LineString","coordinates":[[-74.0788152432263,39.9622499686673],[-74.0785230003151,39.9622227156214]]}},{"type":"Feature","id":317682,"properties":{"OBJECTID":317682,"PRIMENAME":"Pershing Boulevard","ELEVTYP_F":0,"ELEVTYP_T":0},"geometry":{"type":"LineString","coordinates":[[-74.0768908856299,39.9677324197232],[-74.0769259752181,39.9677626900809],[-74.0770197765463,39.9678265874406],[-74.0771083529357,39.9678757786726],[-74.0771801735925,39.9679053614962],[-74.0772392811254,39.9679251233981],[-74.0773069564558,39.9679384106773],[-74.077374173062,39.9679448337289],[-74.0774504677112,39.9679489822113],[-74.0775395834177,39.9679454366599],[-74.0776210404974,39.967933982816],[-74.0777000005565,39.9679166453821],[-74.0777867035167,39.9678876133446],[-74.0778963503496,39.9678351643425],[-74.0780289991379,39.9677730523761],[-74.0781514893677,39.9677206219598],[-74.078271268366,39.9676740848089],[-74.0784395601127,39.967617895407],[-74.0786280690154,39.9675638103529],[-74.0787885677838,39.9675272213078],[-74.0789337240677,39.9674964237276],[-74.079106853442,39.9674657284345],[-74.0792750359592,39.9674271625306],[-74.0793795419027,39.9673982209307],[-74.0794941920574,39.9673614645372],[-74.0796191073411,39.9673149166979],[-74.07983335249,39.9672237236419],[-74.0799737289137,39.9671459344525],[-74.0800314059426,39.9671138853576]]}},{"type":"Feature","id":318441,"properties":{"OBJECTID":318441,"PRIMENAME":"West Bayview Drive","ELEVTYP_F":0,"ELEVTYP_T":0},"geometry":{"type":"LineString","coordinates":[[-74.0682064246426,39.99227411208],[-74.0683144246915,39.992258111602],[-74.0684094239887,39.9922581114084],[-74.0687464257118,39.9923151123481],[-74.0688504260203,39.9923601130731]]}},{"type":"Feature","id":318644,"properties":{"OBJECTID":318644,"PRIMENAME":"Unnamed Segment","ELEVTYP_F":0,"ELEVTYP_T":0},"geometry":{"type":"LineString","coordinates":[[-74.0739100124481,39.9506898733206],[-74.0742897977024,39.9506833584481],[-74.0743668535872,39.9505234224651],[-74.0745158500326,39.9503822376171],[-74.0746806333255,39.9502780856801],[-74.0748893751206,39.9501864155623],[-74.0759644308371,39.9498360236015],[-74.0758680964981,39.9496370431493]]}},{"type":"Feature","id":318679,"properties":{"OBJECTID":318679,"PRIMENAME":"New Jersey Avenue","ELEVTYP_F":0,"ELEVTYP_T":0},"geometry":{"type":"LineString","coordinates":[[-74.0699309412124,39.9643600870461],[-74.0701674127144,39.9643836683197],[-74.0715829700071,39.964518022628]]}},{"type":"Feature","id":319281,"properties":{"OBJECTID":319281,"PRIMENAME":"Bay Boulevard","ELEVTYP_F":0,"ELEVTYP_T":0},"geometry":{"type":"LineString","coordinates":[[-74.0784816990013,39.9532315937372],[-74.0784921960283,39.9530906838092],[-74.0784888062281,39.9527363255209]]}},{"type":"Feature","id":319291,"properties":{"OBJECTID":319291,"PRIMENAME":"North Bayside Road","ELEVTYP_F":0,"ELEVTYP_T":0},"geometry":{"type":"LineString","coordinates":[[-74.0634097635331,39.9952781217316],[-74.0630260029964,39.9951787759532]]}},{"type":"Feature","id":319654,"properties":{"OBJECTID":319654,"PRIMENAME":"Boca Raton Drive","ELEVTYP_F":0,"ELEVTYP_T":0},"geometry":{"type":"LineString","coordinates":[[-74.0721020656918,39.9969553102662],[-74.0724158712145,39.9973088894927],[-74.0725670039921,39.9975153492797],[-74.0726480316635,39.9976414947332],[-74.072684672921,39.9977302773264],[-74.0727138010321,39.9978275979235],[-74.0727391097508,39.9979420908045],[-74.0727459649585,39.9980393292805],[-74.0727489988189,39.9981480286627],[-74.0727366379317,39.9982299050109]]}},{"type":"Feature","id":319715,"properties":{"OBJECTID":319715,"PRIMENAME":"State Highway 35","ELEVTYP_F":0,"ELEVTYP_T":0},"geometry":{"type":"LineString","coordinates":[[-74.0762511358373,39.9495190659292],[-74.0766299544822,39.9493924332812],[-74.0769028191679,39.9492964351487],[-74.0771705470944,39.9491887768129],[-74.0773627022329,39.9490964364398],[-74.0775412048671,39.9490085693826]]}},{"type":"Feature","id":320050,"properties":{"OBJECTID":320050,"PRIMENAME":"Strickland Boulevard","ELEVTYP_F":0,"ELEVTYP_T":0},"geometry":{"type":"LineString","coordinates":[[-74.0715445009991,39.9964532377937],[-74.0721418111392,39.9966298318772]]}},{"type":"Feature","id":320648,"properties":{"OBJECTID":320648,"PRIMENAME":"8th Avenue","ELEVTYP_F":0,"ELEVTYP_T":0},"geometry":{"type":"LineString","coordinates":[[-74.0588928104567,40.0030282076631],[-74.0605346760841,40.0033032703228]]}},{"type":"Feature","id":320656,"properties":{"OBJECTID":320656,"PRIMENAME":"4th Avenue","ELEVTYP_F":0,"ELEVTYP_T":0},"geometry":{"type":"LineString","coordinates":[[-74.068271742594,39.9564768068851],[-74.0683050599631,39.9564998270648],[-74.0683718936814,39.9565086416928],[-74.0693115478547,39.9565893643669],[-74.0697688755765,39.9566375959764]]}},{"type":"Feature","id":320808,"properties":{"OBJECTID":320808,"PRIMENAME":"Gull Lane","ELEVTYP_F":0,"ELEVTYP_T":0},"geometry":{"type":"LineString","coordinates":[[-74.0702364246798,39.9869261106883],[-74.0705174254056,39.9869541104185]]}},{"type":"Feature","id":320928,"properties":{"OBJECTID":320928,"PRIMENAME":"Sunset Drive North","ELEVTYP_F":0,"ELEVTYP_T":0},"geometry":{"type":"LineString","coordinates":[[-74.0871078764315,39.9431731655436],[-74.087611841019,39.9435820642889]]}},{"type":"Feature","id":320985,"properties":{"OBJECTID":320985,"PRIMENAME":"Gull Lane","ELEVTYP_F":0,"ELEVTYP_T":0},"geometry":{"type":"LineString","coordinates":[[-74.067938886308,39.9867041671809],[-74.0682484257594,39.9867321103554]]}},{"type":"Feature","id":321232,"properties":{"OBJECTID":321232,"PRIMENAME":"2nd Avenue","ELEVTYP_F":0,"ELEVTYP_T":0},"geometry":{"type":"LineString","coordinates":[[-74.0773355010499,39.9594382880324],[-74.0756884156253,39.9592717219575]]}},{"type":"Feature","id":322073,"properties":{"OBJECTID":322073,"PRIMENAME":"State Highway 37","ELEVTYP_F":0,"ELEVTYP_T":0},"geometry":{"type":"LineString","coordinates":[[-74.0898505562781,39.9430788391209],[-74.0909087859142,39.9433441968462],[-74.0912840903865,39.9434382049591]]}},{"type":"Feature","id":322094,"properties":{"OBJECTID":322094,"PRIMENAME":"Harbor Drive","ELEVTYP_F":0,"ELEVTYP_T":0},"geometry":{"type":"LineString","coordinates":[[-74.0690474246483,39.9871551108331],[-74.0691684244274,39.9871691099976],[-74.0693344251715,39.9871871105613]]}},{"type":"Feature","id":322177,"properties":{"OBJECTID":322177,"PRIMENAME":"Barnegat Avenue","ELEVTYP_F":0,"ELEVTYP_T":0},"geometry":{"type":"LineString","coordinates":[[-74.0778373114384,39.9438597571569],[-74.0777816475766,39.9445422212905]]}},{"type":"Feature","id":322827,"properties":{"OBJECTID":322827,"PRIMENAME":"East Kupper Drive","ELEVTYP_F":0,"ELEVTYP_T":0},"geometry":{"type":"LineString","coordinates":[[-74.0595853801165,40.0065753398091],[-74.0588505702047,40.0063409199514],[-74.0579895632459,40.0060748975626]]}},{"type":"Feature","id":323435,"properties":{"OBJECTID":323435,"PRIMENAME":"Broad Avenue","ELEVTYP_F":0,"ELEVTYP_T":0},"geometry":{"type":"LineString","coordinates":[[-74.064659861872,40.0020842253537],[-74.0646321109743,40.0021368871272],[-74.0644920901563,40.002419676084]]}},{"type":"Feature","id":324111,"properties":{"OBJECTID":324111,"PRIMENAME":"Harbor Drive","ELEVTYP_F":0,"ELEVTYP_T":0},"geometry":{"type":"LineString","coordinates":[[-74.0653981659247,39.9864959868514],[-74.0659294244301,39.9866541116693]]}},{"type":"Feature","id":324207,"properties":{"OBJECTID":324207,"PRIMENAME":"South Beach Way","ELEVTYP_F":0,"ELEVTYP_T":0},"geometry":{"type":"LineString","coordinates":[[-74.0680560722391,39.9903102348723],[-74.0681309978604,39.9899192369622]]}},{"type":"Feature","id":324620,"properties":{"OBJECTID":324620,"PRIMENAME":"5th Avenue","ELEVTYP_F":0,"ELEVTYP_T":0},"geometry":{"type":"LineString","coordinates":[[-74.0611115325636,40.0012901735111],[-74.0594388162336,40.001017994779]]}},{"type":"Feature","id":325113,"properties":{"OBJECTID":325113,"PRIMENAME":"Carmel Drive","ELEVTYP_F":0,"ELEVTYP_T":0},"geometry":{"type":"LineString","coordinates":[[-74.0681413075855,39.9845649846421],[-74.0682873083241,39.9845787770347]]}},{"type":"Feature","id":325862,"properties":{"OBJECTID":325862,"PRIMENAME":"Sampson Avenue","ELEVTYP_F":0,"ELEVTYP_T":0},"geometry":{"type":"LineString","coordinates":[[-74.078164563128,39.948047051945],[-74.0765858474236,39.9478911525114]]}},{"type":"Feature","id":326169,"properties":{"OBJECTID":326169,"PRIMENAME":"East Bonita Way","ELEVTYP_F":0,"ELEVTYP_T":0},"geometry":{"type":"LineString","coordinates":[[-74.0625564233802,39.9899881117529],[-74.0639879996081,39.9902001992039],[-74.0644482837186,39.9902683866412]]}},{"type":"Feature","id":326527,"properties":{"OBJECTID":326527,"PRIMENAME":"East Bonita Way","ELEVTYP_F":0,"ELEVTYP_T":0},"geometry":{"type":"LineString","coordinates":[[-74.0622927370035,39.9899570047328],[-74.0625564233802,39.9899881117529]]}},{"type":"Feature","id":327134,"properties":{"OBJECTID":327134,"PRIMENAME":"Inlet Road","ELEVTYP_F":0,"ELEVTYP_T":0},"geometry":{"type":"LineString","coordinates":[[-74.0705174254056,39.9869541104185],[-74.0704654245705,39.987349110431]]}},{"type":"Feature","id":327243,"properties":{"OBJECTID":327243,"PRIMENAME":"Seaview Road","ELEVTYP_F":0,"ELEVTYP_T":0},"geometry":{"type":"LineString","coordinates":[[-74.0625144248828,39.9890371118172],[-74.0624984229975,39.9890851122548],[-74.0624534583469,39.9892683688443]]}},{"type":"Feature","id":327365,"properties":{"OBJECTID":327365,"PRIMENAME":"Pennsylvania Avenue","ELEVTYP_F":0,"ELEVTYP_T":0},"geometry":{"type":"LineString","coordinates":[[-74.0728616635927,39.9662184757857],[-74.0733121341932,39.966261398116],[-74.0742208583479,39.9663351029117]]}},{"type":"Feature","id":327467,"properties":{"OBJECTID":327467,"PRIMENAME":"Railway Avenue","ELEVTYP_F":0,"ELEVTYP_T":0},"geometry":{"type":"LineString","coordinates":[[-74.0721501213616,39.9599548074061],[-74.0722238588377,39.9594517697728]]}},{"type":"Feature","id":328522,"properties":{"OBJECTID":328522,"PRIMENAME":"San Fernando Drive","ELEVTYP_F":0,"ELEVTYP_T":0},"geometry":{"type":"LineString","coordinates":[[-74.0681990167043,39.9851224965046],[-74.0681941660214,39.9851220668106],[-74.0664247552776,39.9849548302628],[-74.0663838880929,39.9849441625224],[-74.0663703870686,39.9849231381293],[-74.0663681434349,39.9849052038459],[-74.0663660045058,39.9848881175204],[-74.0664853105171,39.9844085377756]]}},{"type":"Feature","id":328762,"properties":{"OBJECTID":328762,"PRIMENAME":"Ocean Terrace","ELEVTYP_F":0,"ELEVTYP_T":0},"geometry":{"type":"LineString","coordinates":[[-74.0603174269139,39.9978805610381],[-74.0602873413428,39.9979852926601],[-74.0602429587344,39.9981376560925],[-74.0601812930426,39.9983351972696]]}},{"type":"Feature","id":328897,"properties":{"OBJECTID":328897,"PRIMENAME":"Broad Avenue","ELEVTYP_F":0,"ELEVTYP_T":0},"geometry":{"type":"LineString","coordinates":[[-74.0643396320287,40.002727576601],[-74.064266655016,40.0028750575299],[-74.0640404408598,40.0033286999079]]}},{"type":"Feature","id":329033,"properties":{"OBJECTID":329033,"PRIMENAME":"Fremont Avenue","ELEVTYP_F":0,"ELEVTYP_T":0},"geometry":{"type":"LineString","coordinates":[[-74.0730343528318,39.9454631520766],[-74.074188390241,39.9455753451159],[-74.0746893327515,39.9456252829144]]}},{"type":"Feature","id":330085,"properties":{"OBJECTID":330085,"PRIMENAME":"Anchor Road","ELEVTYP_F":0,"ELEVTYP_T":0},"geometry":{"type":"LineString","coordinates":[[-74.0699324267382,39.9868961109466],[-74.0698894262103,39.9872511103404]]}},{"type":"Feature","id":330325,"properties":{"OBJECTID":330325,"PRIMENAME":"Trinidad Avenue","ELEVTYP_F":0,"ELEVTYP_T":0},"geometry":{"type":"LineString","coordinates":[[-74.0883107142584,39.9434249746844],[-74.0884952282734,39.9434711680685],[-74.0893707664275,39.9436907185936]]}},{"type":"Feature","id":331249,"properties":{"OBJECTID":331249,"PRIMENAME":"West Central Avenue","ELEVTYP_F":0,"ELEVTYP_T":0},"geometry":{"type":"LineString","coordinates":[[-74.0629449666715,40.0008972959215],[-74.0628105677543,40.001176787703],[-74.0626816566274,40.0014409258815],[-74.0626367480137,40.0015306396035]]}},{"type":"Feature","id":331345,"properties":{"OBJECTID":331345,"PRIMENAME":"Barnegat Avenue","ELEVTYP_F":0,"ELEVTYP_T":0},"geometry":{"type":"LineString","coordinates":[[-74.0772317673325,39.9423319408635],[-74.0773039901859,39.9418919266887],[-74.0773440350676,39.9416499019743]]}},{"type":"Feature","id":331541,"properties":{"OBJECTID":331541,"PRIMENAME":"Jersey City Avenue","ELEVTYP_F":0,"ELEVTYP_T":0},"geometry":{"type":"LineString","coordinates":[[-74.0772727841545,39.9644784305339],[-74.0769242392599,39.9643456281368],[-74.076816651547,39.9643194840995],[-74.0766755810689,39.9642903894636],[-74.0764564828647,39.9642609825782],[-74.0762492595417,39.9642384812067]]}},{"type":"Feature","id":331542,"properties":{"OBJECTID":331542,"PRIMENAME":"Pershing Boulevard","ELEVTYP_F":0,"ELEVTYP_T":0},"geometry":{"type":"LineString","coordinates":[[-74.0767740510042,39.9675367128081],[-74.0768075273838,39.9676338019516],[-74.0768649658212,39.967710058642],[-74.0768908856299,39.9677324197232]]}},{"type":"Feature","id":331729,"properties":{"OBJECTID":331729,"PRIMENAME":"Fishermans Road","ELEVTYP_F":0,"ELEVTYP_T":0},"geometry":{"type":"LineString","coordinates":[[-74.0605563110505,39.9964035040593],[-74.0616263894353,39.9967197581673],[-74.0616666064045,39.9967270483678],[-74.0617037855367,39.9967295776435],[-74.0617409787696,39.9967297182883],[-74.0617720074354,39.9967226975176],[-74.0618030652788,39.996710927426],[-74.061827943799,39.9966943025778],[-74.0618466786018,39.996672932097],[-74.0618655341541,39.9966324815128],[-74.0619693994899,39.9963319554087]]}},{"type":"Feature","id":332127,"properties":{"OBJECTID":332127,"PRIMENAME":"1st Avenue","ELEVTYP_F":0,"ELEVTYP_T":0},"geometry":{"type":"LineString","coordinates":[[-74.0706718552337,39.9598451820702],[-74.0705508459701,39.9598616726483],[-74.0705025417555,39.9598614936973],[-74.0704937666878,39.9598605658788]]}},{"type":"Feature","id":332214,"properties":{"OBJECTID":332214,"PRIMENAME":"6th Avenue","ELEVTYP_F":0,"ELEVTYP_T":0},"geometry":{"type":"LineString","coordinates":[[-74.0736823775136,39.9556165798548],[-74.0745848020057,39.9557054959003]]}},{"type":"Feature","id":332311,"properties":{"OBJECTID":332311,"PRIMENAME":"Ceylon Avenue","ELEVTYP_F":0,"ELEVTYP_T":0},"geometry":{"type":"LineString","coordinates":[[-74.0895797229337,39.9422912845123],[-74.0884465940793,39.9420100114808],[-74.0876866665802,39.9418158203594]]}},{"type":"Feature","id":332470,"properties":{"OBJECTID":332470,"PRIMENAME":"East Barnegat Way","ELEVTYP_F":0,"ELEVTYP_T":0},"geometry":{"type":"LineString","coordinates":[[-74.0666620139635,39.9816646657278],[-74.0642608229237,39.9814329503348]]}},{"type":"Feature","id":332765,"properties":{"OBJECTID":332765,"PRIMENAME":"Bryn Mawr Avenue","ELEVTYP_F":0,"ELEVTYP_T":0},"geometry":{"type":"LineString","coordinates":[[-74.0671349827499,39.9800777090916],[-74.0674245763196,39.9801064086146],[-74.0684445280599,39.9802093460757]]}},{"type":"Feature","id":332928,"properties":{"OBJECTID":332928,"PRIMENAME":"Bay Boulevard","ELEVTYP_F":0,"ELEVTYP_T":0},"geometry":{"type":"LineString","coordinates":[[-74.0735367281074,39.9692942953145],[-74.0736895062978,39.9691921258303],[-74.0738763221953,39.9690326753818],[-74.0740895038294,39.9688218179675],[-74.0742356063992,39.968633609863],[-74.0742551592096,39.9686049381982]]}},{"type":"Feature","id":333254,"properties":{"OBJECTID":333254,"PRIMENAME":"Kittiwake Avenue","ELEVTYP_F":0,"ELEVTYP_T":0},"geometry":{"type":"LineString","coordinates":[[-74.0632029012285,39.987642880617],[-74.0644189732,39.987852287767],[-74.0645069636427,39.9878660074173]]}},{"type":"Feature","id":333475,"properties":{"OBJECTID":333475,"PRIMENAME":"Heron Lane","ELEVTYP_F":0,"ELEVTYP_T":0},"geometry":{"type":"LineString","coordinates":[[-74.0666182638768,39.9929567713621],[-74.0667638407093,39.9925359316588]]}},{"type":"Feature","id":333600,"properties":{"OBJECTID":333600,"PRIMENAME":"Pershing Boulevard","ELEVTYP_F":0,"ELEVTYP_T":0},"geometry":{"type":"LineString","coordinates":[[-74.0752060401977,39.9677700999922],[-74.0758111259527,39.9676881632244],[-74.0760892202705,39.9676505048863],[-74.0762163996748,39.967624860988],[-74.0763803211768,39.9675989504076],[-74.0767740510042,39.9675367128081]]}},{"type":"Feature","id":333923,"properties":{"OBJECTID":333923,"PRIMENAME":"5th Avenue","ELEVTYP_F":0,"ELEVTYP_T":0},"geometry":{"type":"LineString","coordinates":[[-74.072318553494,39.9561743587235],[-74.071293639481,39.9560765991174]]}},{"type":"Feature","id":334084,"properties":{"OBJECTID":334084,"PRIMENAME":"East Sea Way","ELEVTYP_F":0,"ELEVTYP_T":0},"geometry":{"type":"LineString","coordinates":[[-74.0633774248494,39.9850511105539],[-74.0634124242122,39.9850351107103],[-74.0648254235183,39.98518510953],[-74.0657013573643,39.985270143096]]}},{"type":"Feature","id":334138,"properties":{"OBJECTID":334138,"PRIMENAME":"West Beach Way","ELEVTYP_F":0,"ELEVTYP_T":0},"geometry":{"type":"LineString","coordinates":[[-74.0637241209532,39.9931189276803],[-74.0638961155211,39.9931543584472],[-74.0652737112722,39.9934397803969],[-74.066072386226,39.9936035962378]]}},{"type":"Feature","id":334535,"properties":{"OBJECTID":334535,"PRIMENAME":"Harbor Drive","ELEVTYP_F":0,"ELEVTYP_T":0},"geometry":{"type":"LineString","coordinates":[[-74.0682104253399,39.9870671104206],[-74.068483425664,39.9870931118267]]}},{"type":"Feature","id":334696,"properties":{"OBJECTID":334696,"PRIMENAME":"West Beach Way","ELEVTYP_F":0,"ELEVTYP_T":0},"geometry":{"type":"LineString","coordinates":[[-74.066072386226,39.9936035962378],[-74.0662181132063,39.9936334615284]]}},{"type":"Feature","id":335123,"properties":{"OBJECTID":335123,"PRIMENAME":"Princeton Avenue","ELEVTYP_F":0,"ELEVTYP_T":0},"geometry":{"type":"LineString","coordinates":[[-74.0733561203463,39.9631972287249],[-74.0766023347408,39.9635151030197],[-74.0767191892025,39.9635367234938]]}},{"type":"Feature","id":335330,"properties":{"OBJECTID":335330,"PRIMENAME":"Washington Avenue","ELEVTYP_F":0,"ELEVTYP_T":0},"geometry":{"type":"LineString","coordinates":[[-74.0753955308088,39.9611153491468],[-74.0754074411963,39.9610240335686],[-74.0754208862131,39.9609209603113],[-74.0754443216518,39.9607775177036]]}},{"type":"Feature","id":335800,"properties":{"OBJECTID":335800,"PRIMENAME":"Magee Avenue","ELEVTYP_F":0,"ELEVTYP_T":0},"geometry":{"type":"LineString","coordinates":[[-74.0722875489259,39.9722296284036],[-74.0721465461238,39.9722157379124]]}},{"type":"Feature","id":336660,"properties":{"OBJECTID":336660,"PRIMENAME":"Eisenhower Avenue","ELEVTYP_F":0,"ELEVTYP_T":0},"geometry":{"type":"LineString","coordinates":[[-74.0727977532205,39.9509696795778],[-74.0721422696209,39.9508931372446]]}},{"type":"Feature","id":338384,"properties":{"OBJECTID":338384,"PRIMENAME":"Heron Road","ELEVTYP_F":0,"ELEVTYP_T":0},"geometry":{"type":"LineString","coordinates":[[-74.0652607431592,39.9957778161256],[-74.0668040724398,39.9962244715297],[-74.0671226263508,39.9963185920831]]}},{"type":"Feature","id":338500,"properties":{"OBJECTID":338500,"PRIMENAME":"New York Avenue","ELEVTYP_F":0,"ELEVTYP_T":0},"geometry":{"type":"LineString","coordinates":[[-74.0714531364596,39.9653006885712],[-74.0708861409541,39.9652473622738],[-74.0698028351725,39.9651375955664]]}},{"type":"Feature","id":338999,"properties":{"OBJECTID":338999,"PRIMENAME":"New York Avenue","ELEVTYP_F":0,"ELEVTYP_T":0},"geometry":{"type":"LineString","coordinates":[[-74.0729876421736,39.965445047171],[-74.0714531364596,39.9653006885712]]}},{"type":"Feature","id":339049,"properties":{"OBJECTID":339049,"PRIMENAME":"Baltimore Avenue","ELEVTYP_F":0,"ELEVTYP_T":0},"geometry":{"type":"LineString","coordinates":[[-74.0746960986413,39.9550268344295],[-74.0747448513733,39.9547295519755],[-74.0748150012062,39.9543408715639]]}},{"type":"Feature","id":339218,"properties":{"OBJECTID":339218,"PRIMENAME":"Virginia Avenue","ELEVTYP_F":0,"ELEVTYP_T":0},"geometry":{"type":"LineString","coordinates":[[-74.0746330291896,39.9671348333027],[-74.0744865732179,39.9671216948587]]}},{"type":"Feature","id":339319,"properties":{"OBJECTID":339319,"PRIMENAME":"Vance Avenue","ELEVTYP_F":0,"ELEVTYP_T":0},"geometry":{"type":"LineString","coordinates":[[-74.0716127882366,39.9729162519279],[-74.0718104253038,39.9729351080315],[-74.0718205885927,39.9729361543682]]}},{"type":"Feature","id":339422,"properties":{"OBJECTID":339422,"PRIMENAME":"East Pompano Way","ELEVTYP_F":0,"ELEVTYP_T":0},"geometry":{"type":"LineString","coordinates":[[-74.0620638413471,39.9908591223061],[-74.0623244253984,39.9909034693333]]}},{"type":"Feature","id":340149,"properties":{"OBJECTID":340149,"PRIMENAME":"Harbor Court","ELEVTYP_F":0,"ELEVTYP_T":0},"geometry":{"type":"LineString","coordinates":[[-74.0649665255242,40.0015019891206],[-74.0653163662861,40.0016139939312]]}},{"type":"Feature","id":340182,"properties":{"OBJECTID":340182,"PRIMENAME":"East Tide Way","ELEVTYP_F":0,"ELEVTYP_T":0},"geometry":{"type":"LineString","coordinates":[[-74.064098423398,39.9860021110517],[-74.0641064238978,39.986143111806],[-74.0641594226302,39.9861911107612],[-74.0642384251827,39.9862181101799],[-74.06541542577,39.9863381106694],[-74.0654362886683,39.9863402380001]]}},{"type":"Feature","id":340258,"properties":{"OBJECTID":340258,"PRIMENAME":"Basra Lane","ELEVTYP_F":0,"ELEVTYP_T":0},"geometry":{"type":"LineString","coordinates":[[-74.0646279826072,39.9873482084659],[-74.0639634224122,39.9872151113648]]}},{"type":"Feature","id":340745,"properties":{"OBJECTID":340745,"PRIMENAME":"Bay Boulevard","ELEVTYP_F":0,"ELEVTYP_T":0},"geometry":{"type":"LineString","coordinates":[[-74.0768580315942,39.9635624331777],[-74.0768952954153,39.9634500360974],[-74.0769183162587,39.9633328654925],[-74.076926529336,39.9632041918957],[-74.0769272166574,39.9630926773075],[-74.0769100756272,39.9628638159959],[-74.0769105842846,39.9627812910529]]}},{"type":"Feature","id":341277,"properties":{"OBJECTID":341277,"PRIMENAME":"President Avenue","ELEVTYP_F":0,"ELEVTYP_T":0},"geometry":{"type":"LineString","coordinates":[[-74.0711702335639,39.9743919255687],[-74.0699814420782,39.9742827033225]]}},{"type":"Feature","id":341578,"properties":{"OBJECTID":341578,"PRIMENAME":"Fielder Avenue","ELEVTYP_F":0,"ELEVTYP_T":0},"geometry":{"type":"LineString","coordinates":[[-74.0732509161045,39.9532208581003],[-74.0734471180881,39.9532435152209]]}},{"type":"Feature","id":341733,"properties":{"OBJECTID":341733,"PRIMENAME":"Fielder Avenue","ELEVTYP_F":0,"ELEVTYP_T":0},"geometry":{"type":"LineString","coordinates":[[-74.076629172959,39.9535808916113],[-74.076998783198,39.9536149105578],[-74.0774650252484,39.9536614428859]]}},{"type":"Feature","id":342437,"properties":{"OBJECTID":342437,"PRIMENAME":"Barnegat Avenue","ELEVTYP_F":0,"ELEVTYP_T":0},"geometry":{"type":"LineString","coordinates":[[-74.0769323783248,39.9472253443046],[-74.0766924448091,39.947604813902],[-74.0766424021447,39.9476856747138],[-74.0766267301772,39.9477165858309],[-74.0766141626709,39.9477475353043],[-74.0766046466252,39.9477808566912],[-74.0765858474236,39.9478911525114]]}},{"type":"Feature","id":342617,"properties":{"OBJECTID":342617,"PRIMENAME":"Camden Avenue","ELEVTYP_F":0,"ELEVTYP_T":0},"geometry":{"type":"LineString","coordinates":[[-74.0724985002772,39.970758036385],[-74.0705930754529,39.970567877512]]}},{"type":"Feature","id":342741,"properties":{"OBJECTID":342741,"PRIMENAME":"Ormand Drive","ELEVTYP_F":0,"ELEVTYP_T":0},"geometry":{"type":"LineString","coordinates":[[-74.0705816160753,39.996170114879],[-74.0709555952271,39.9953823189679],[-74.0710126926299,39.9952931685274],[-74.0710537838552,39.9952522781191],[-74.0711010901781,39.9952162141627],[-74.0711514828335,39.995194657576],[-74.0712332650714,39.9951708284195],[-74.0719816971263,39.9949948441166]]}},{"type":"Feature","id":342897,"properties":{"OBJECTID":342897,"PRIMENAME":"Hiering Avenue","ELEVTYP_F":0,"ELEVTYP_T":0},"geometry":{"type":"LineString","coordinates":[[-74.0790089886859,39.9488538598346],[-74.0792038718032,39.9488686779227],[-74.0805630387424,39.948993714235]]}},{"type":"Feature","id":343245,"properties":{"OBJECTID":343245,"PRIMENAME":"Normandy Drive","ELEVTYP_F":0,"ELEVTYP_T":0},"geometry":{"type":"LineString","coordinates":[[-74.0638192830997,40.0055733205304],[-74.0639054140808,40.0056089225591],[-74.0640531104696,40.005669628181],[-74.0641586039457,40.0057088723456],[-74.0642036295584,40.0057329571729],[-74.0642318965104,40.0057480764061],[-74.0642776742191,40.005780067716],[-74.0643049872319,40.005819044813],[-74.0643184885554,40.0058685667726],[-74.0643182187576,40.0059110087634],[-74.0643088059497,40.0059427916703],[-74.0642855910929,40.0059780651589],[-74.064257851108,40.0060062375871],[-74.0642208791936,40.0060379168664],[-74.0641838934509,40.0060660554118],[-74.0640113438627,40.0061799697443],[-74.0638246045996,40.0063022312859],[-74.0636266339581,40.0064387543236],[-74.0635146000986,40.0065126765876],[-74.0634585277302,40.0065610854243],[-74.0634248052018,40.0065981304727],[-74.0633910994129,40.0066380578285],[-74.0632442294663,40.0069234609991],[-74.0632141280824,40.0069805603042],[-74.0631915243231,40.0070262128852],[-74.0631652622719,40.0070632859729],[-74.0631203630137,40.0071060262878],[-74.0629930579098,40.0072399584466],[-74.0628733592257,40.0073510232457],[-74.0627275631148,40.0074677278426],[-74.0626865403854,40.0074904419394],[-74.0626269193895,40.0075073753693],[-74.0625785816608,40.0075071929374],[-74.0625302986088,40.0074984449931],[-74.0624820158877,40.0074839595431],[-74.062412072001,40.007445727181]]}},{"type":"Feature","id":343794,"properties":{"OBJECTID":343794,"PRIMENAME":"Johnson Road","ELEVTYP_F":0,"ELEVTYP_T":0},"geometry":{"type":"LineString","coordinates":[[-74.065674942704,39.9949102162318],[-74.0658063422012,39.9949821976187]]}},{"type":"Feature","id":344009,"properties":{"OBJECTID":344009,"PRIMENAME":"Railway Avenue West","ELEVTYP_F":0,"ELEVTYP_T":0},"geometry":{"type":"LineString","coordinates":[[-74.0735757609383,39.9562924013213],[-74.0736823775136,39.9556165798548]]}},{"type":"Feature","id":344113,"properties":{"OBJECTID":344113,"PRIMENAME":"Bay Boulevard","ELEVTYP_F":0,"ELEVTYP_T":0},"geometry":{"type":"LineString","coordinates":[[-74.0787492266699,39.9453372626249],[-74.0786406938813,39.94601050254]]}},{"type":"Feature","id":344595,"properties":{"OBJECTID":344595,"PRIMENAME":"Tamiami Drive","ELEVTYP_F":0,"ELEVTYP_T":0},"geometry":{"type":"LineString","coordinates":[[-74.0709405814601,39.999281412996],[-74.0707028147063,39.9991490024723],[-74.0705620258487,39.999063951459],[-74.0704337707501,39.9989837781154],[-74.0703869107972,39.9989425340409]]}},{"type":"Feature","id":344786,"properties":{"OBJECTID":344786,"PRIMENAME":"West Bayview Drive","ELEVTYP_F":0,"ELEVTYP_T":0},"geometry":{"type":"LineString","coordinates":[[-74.0668652253055,39.9930089600445],[-74.0667710008585,39.9930941137777],[-74.0664561050855,39.9933926960085]]}},{"type":"Feature","id":345325,"properties":{"OBJECTID":345325,"PRIMENAME":"New York Avenue","ELEVTYP_F":0,"ELEVTYP_T":0},"geometry":{"type":"LineString","coordinates":[[-74.0740931202528,39.9655367189617],[-74.0733227572858,39.9654765621107],[-74.0729876421736,39.965445047171]]}},{"type":"Feature","id":345328,"properties":{"OBJECTID":345328,"PRIMENAME":"West Tarpon Way","ELEVTYP_F":0,"ELEVTYP_T":0},"geometry":{"type":"LineString","coordinates":[[-74.0638463458936,39.9926615936136],[-74.066368425157,39.9931911123085],[-74.0663852725049,39.9931943233079]]}},{"type":"Feature","id":345832,"properties":{"OBJECTID":345832,"PRIMENAME":"East Central Avenue","ELEVTYP_F":0,"ELEVTYP_T":0},"geometry":{"type":"LineString","coordinates":[[-74.075143636829,39.9428585046003],[-74.0750238968363,39.9435857566814]]}},{"type":"Feature","id":346141,"properties":{"OBJECTID":346141,"PRIMENAME":"Lauderdale Drive","ELEVTYP_F":0,"ELEVTYP_T":0},"geometry":{"type":"LineString","coordinates":[[-74.0706205674223,39.9941965933831],[-74.0715819416305,39.9939745374263]]}},{"type":"Feature","id":346250,"properties":{"OBJECTID":346250,"PRIMENAME":"Heron Lane","ELEVTYP_F":0,"ELEVTYP_T":0},"geometry":{"type":"LineString","coordinates":[[-74.0667638407093,39.9925359316588],[-74.0670066070911,39.9918341190655]]}},{"type":"Feature","id":346494,"properties":{"OBJECTID":346494,"PRIMENAME":"5th Avenue","ELEVTYP_F":0,"ELEVTYP_T":0},"geometry":{"type":"LineString","coordinates":[[-74.064659861872,40.0020842253537],[-74.0639757584032,40.0019026844461],[-74.0629069541218,40.0015849464872],[-74.0627249777881,40.0015442327044],[-74.0626367480137,40.0015306396035]]}},{"type":"Feature","id":346693,"properties":{"OBJECTID":346693,"PRIMENAME":"Barnegat Avenue","ELEVTYP_F":0,"ELEVTYP_T":0},"geometry":{"type":"LineString","coordinates":[[-74.0777653700617,39.9459253683079],[-74.0776741676956,39.9460641442268],[-74.0773408654066,39.9465820265114]]}},{"type":"Feature","id":346867,"properties":{"OBJECTID":346867,"PRIMENAME":"Ellison Drive","ELEVTYP_F":0,"ELEVTYP_T":0},"geometry":{"type":"LineString","coordinates":[[-74.0638192830997,40.0055733205304],[-74.0637063478607,40.0056040003716],[-74.0635608288008,40.0056778236529],[-74.0634227351069,40.005757358168],[-74.0632658413546,40.0058683103075],[-74.0627988690299,40.0062011262842],[-74.0627315680191,40.0062580851336],[-74.0627015932027,40.0062951441131],[-74.0626753311712,40.0063322170946],[-74.0626490678087,40.0063750005317],[-74.0626301778255,40.0064149844771],[-74.0626187476121,40.0064549686504],[-74.0626073000277,40.0065035454779],[-74.062595778503,40.0065578324914],[-74.0625949571272,40.0066865310588],[-74.062593113907,40.0069753358936],[-74.06259276699,40.0070296920978],[-74.062588762227,40.0070754147547],[-74.0625773145137,40.0071239915733],[-74.0625583865254,40.0071753953895],[-74.06253567257,40.0072382328644],[-74.0624825047811,40.0073347236791],[-74.0624143035519,40.0074429353168],[-74.062412072001,40.007445727181]]}},{"type":"Feature","id":346899,"properties":{"OBJECTID":346899,"PRIMENAME":"Seaview Road","ELEVTYP_F":0,"ELEVTYP_T":0},"geometry":{"type":"LineString","coordinates":[[-74.0623962007624,39.9895092125482],[-74.0623415463022,39.9897310881435]]}},{"type":"Feature","id":346962,"properties":{"OBJECTID":346962,"PRIMENAME":"4th Avenue","ELEVTYP_F":0,"ELEVTYP_T":0},"geometry":{"type":"LineString","coordinates":[[-74.0612926978408,40.0006151997898],[-74.0618371566738,40.0007038757643],[-74.0622465813833,40.0007690325142]]}},{"type":"Feature","id":347039,"properties":{"OBJECTID":347039,"PRIMENAME":"Ocean Bay Boulevard","ELEVTYP_F":0,"ELEVTYP_T":0},"geometry":{"type":"LineString","coordinates":[[-74.0661563675183,39.983471895551],[-74.063931420484,39.9832529743823]]}},{"type":"Feature","id":347513,"properties":{"OBJECTID":347513,"PRIMENAME":"President Avenue","ELEVTYP_F":0,"ELEVTYP_T":0},"geometry":{"type":"LineString","coordinates":[[-74.0699814420782,39.9742827033225],[-74.0695824093538,39.9742460820591],[-74.0683270516453,39.9741230606981]]}},{"type":"Feature","id":349508,"properties":{"OBJECTID":349508,"PRIMENAME":"State Highway 35 Avenue","ELEVTYP_F":0,"ELEVTYP_T":0},"geometry":{"type":"LineString","coordinates":[[-74.0637846304575,39.9928958891663],[-74.0637313359478,39.993095701295],[-74.0637241209532,39.9931189276803]]}},{"type":"Feature","id":349552,"properties":{"OBJECTID":349552,"PRIMENAME":"West Central Avenue","ELEVTYP_F":0,"ELEVTYP_T":0},"geometry":{"type":"LineString","coordinates":[[-74.065674942704,39.9949102162318],[-74.0655659152395,39.9951498954064],[-74.0654843935629,39.9953291023871]]}},{"type":"Feature","id":349682,"properties":{"OBJECTID":349682,"PRIMENAME":"Grand Central Avenue","ELEVTYP_F":0,"ELEVTYP_T":0},"geometry":{"type":"LineString","coordinates":[[-74.0688163262093,39.9711389905291],[-74.0686957975378,39.9718761138082]]}},{"type":"Feature","id":349764,"properties":{"OBJECTID":349764,"PRIMENAME":"State Highway 35 Avenue North","ELEVTYP_F":0,"ELEVTYP_T":0},"geometry":{"type":"LineString","coordinates":[[-74.0719548169222,39.9520317502846],[-74.0718730300787,39.9525339074995]]}},{"type":"Feature","id":349776,"properties":{"OBJECTID":349776,"PRIMENAME":"Grand Central Avenue","ELEVTYP_F":0,"ELEVTYP_T":0},"geometry":{"type":"LineString","coordinates":[[-74.0671349827499,39.9800777090916],[-74.0670556451994,39.9803412582871],[-74.0670251833889,39.9804424490114]]}},{"type":"Feature","id":349829,"properties":{"OBJECTID":349829,"PRIMENAME":"Ocean Boulevard","ELEVTYP_F":0,"ELEVTYP_T":0},"geometry":{"type":"LineString","coordinates":[[-74.0597184241506,40.0061268702485],[-74.0595853801165,40.0065753398091]]}},{"type":"Feature","id":349874,"properties":{"OBJECTID":349874,"PRIMENAME":"Grand Central Avenue","ELEVTYP_F":0,"ELEVTYP_T":0},"geometry":{"type":"LineString","coordinates":[[-74.0698028351725,39.9651375955664],[-74.0696738758572,39.965914056745]]}},{"type":"Feature","id":349939,"properties":{"OBJECTID":349939,"PRIMENAME":"Bay Boulevard","ELEVTYP_F":0,"ELEVTYP_T":0},"geometry":{"type":"LineString","coordinates":[[-74.0744865732179,39.9671216948587],[-74.0744970668918,39.9672247116511],[-74.0745068866502,39.9674420991304],[-74.0745059490378,39.967486275555],[-74.0745031095041,39.9676197108438],[-74.0744904595461,39.967732307303],[-74.0744606013858,39.967852115631]]}},{"type":"Feature","id":349948,"properties":{"OBJECTID":349948,"PRIMENAME":"Anna O Hankins Boulevard","ELEVTYP_F":0,"ELEVTYP_T":0},"geometry":{"type":"LineString","coordinates":[[-74.0694894382949,39.9772683042146],[-74.0693998215155,39.9777988700386],[-74.0693656412771,39.9780026419851]]}},{"type":"Feature","id":350094,"properties":{"OBJECTID":350094,"PRIMENAME":"West Central Avenue","ELEVTYP_F":0,"ELEVTYP_T":0},"geometry":{"type":"LineString","coordinates":[[-74.0686744757365,39.982229671651],[-74.0686604627266,39.9823157344354],[-74.0686402673051,39.9824364694966]]}},{"type":"Feature","id":350101,"properties":{"OBJECTID":350101,"PRIMENAME":"Bay Boulevard","ELEVTYP_F":0,"ELEVTYP_T":0},"geometry":{"type":"LineString","coordinates":[[-74.0716127882366,39.9729162519279],[-74.071592234754,39.9729278158432],[-74.071465294783,39.9730159945025],[-74.0714092377534,39.9730672628245],[-74.0713568743796,39.9731156895268],[-74.0712931985658,39.9731983923152],[-74.0712444031457,39.9732697011843],[-74.0712143224225,39.9733267759872],[-74.0711879341089,39.9733924572129],[-74.0711614217963,39.9734667316455],[-74.071149752616,39.9735410330635],[-74.0711447042221,39.9736008359293]]}},{"type":"Feature","id":350392,"properties":{"OBJECTID":350392,"PRIMENAME":"West Central Avenue","ELEVTYP_F":0,"ELEVTYP_T":0},"geometry":{"type":"LineString","coordinates":[[-74.0641981111796,39.9979285737121],[-74.0640034238689,39.9983330015111]]}},{"type":"Feature","id":350433,"properties":{"OBJECTID":350433,"PRIMENAME":"Anna O Hankins Boulevard","ELEVTYP_F":0,"ELEVTYP_T":0},"geometry":{"type":"LineString","coordinates":[[-74.070848378872,39.969015601933],[-74.0707888932415,39.9693815592377],[-74.0707213174076,39.9697859495643]]}},{"type":"Feature","id":350719,"properties":{"OBJECTID":350719,"PRIMENAME":"Bay Boulevard","ELEVTYP_F":0,"ELEVTYP_T":0},"geometry":{"type":"LineString","coordinates":[[-74.0783192356343,39.953215793482],[-74.078312327413,39.9533416988552],[-74.0782882751551,39.9536218592316],[-74.0782719129454,39.9537419926615]]}},{"type":"Feature","id":350914,"properties":{"OBJECTID":350914,"PRIMENAME":"Anna O Hankins Boulevard","ELEVTYP_F":0,"ELEVTYP_T":0},"geometry":{"type":"LineString","coordinates":[[-74.0709689341645,39.9682752920945],[-74.0709199261052,39.9685750977745],[-74.070848378872,39.969015601933]]}},{"type":"Feature","id":350929,"properties":{"OBJECTID":350929,"PRIMENAME":"Grand Central Avenue","ELEVTYP_F":0,"ELEVTYP_T":0},"geometry":{"type":"LineString","coordinates":[[-74.0665071884874,39.9822079300489],[-74.0664110192096,39.9825491540837]]}},{"type":"Feature","id":350968,"properties":{"OBJECTID":350968,"PRIMENAME":"Bay Boulevard","ELEVTYP_F":0,"ELEVTYP_T":0},"geometry":{"type":"LineString","coordinates":[[-74.0774198182213,39.9589257587276],[-74.0773355010499,39.9594382880324]]}},{"type":"Feature","id":350981,"properties":{"OBJECTID":350981,"PRIMENAME":"Bay Boulevard","ELEVTYP_F":0,"ELEVTYP_T":0},"geometry":{"type":"LineString","coordinates":[[-74.0776639080373,39.9574183657888],[-74.0775800787858,39.9579159345539]]}},{"type":"Feature","id":351046,"properties":{"OBJECTID":351046,"PRIMENAME":"Grand Central Avenue","ELEVTYP_F":0,"ELEVTYP_T":0},"geometry":{"type":"LineString","coordinates":[[-74.0689365077432,39.970405270421],[-74.0689013010507,39.9706194707023],[-74.0688163262093,39.9711389905291]]}},{"type":"Feature","id":351288,"properties":{"OBJECTID":351288,"PRIMENAME":"Grand Central Avenue","ELEVTYP_F":0,"ELEVTYP_T":0},"geometry":{"type":"LineString","coordinates":[[-74.0654362886683,39.9863402380001],[-74.0653981659247,39.9864959868514]]}},{"type":"Feature","id":351293,"properties":{"OBJECTID":351293,"PRIMENAME":"State Highway 35 Avenue","ELEVTYP_F":0,"ELEVTYP_T":0},"geometry":{"type":"LineString","coordinates":[[-74.0616610072119,39.999272138135],[-74.0616275919938,39.9993899249263],[-74.0614743228555,39.9999459658355]]}},{"type":"Feature","id":351450,"properties":{"OBJECTID":351450,"PRIMENAME":"Anna O Hankins Boulevard","ELEVTYP_F":0,"ELEVTYP_T":0},"geometry":{"type":"LineString","coordinates":[[-74.0717060889398,39.9637872747442],[-74.0716381063476,39.9641899900867],[-74.0715829700071,39.964518022628]]}},{"type":"Feature","id":351543,"properties":{"OBJECTID":351543,"PRIMENAME":"Ocean Boulevard","ELEVTYP_F":0,"ELEVTYP_T":0},"geometry":{"type":"LineString","coordinates":[[-74.0603050391824,40.0040830078692],[-74.0602958630305,40.0041141653655],[-74.0602265685979,40.0043538466098]]}},{"type":"Feature","id":351545,"properties":{"OBJECTID":351545,"PRIMENAME":"Ocean Boulevard","ELEVTYP_F":0,"ELEVTYP_T":0},"geometry":{"type":"LineString","coordinates":[[-74.0605346760841,40.0033032703228],[-74.0603988416545,40.0037644961624]]}},{"type":"Feature","id":351813,"properties":{"OBJECTID":351813,"PRIMENAME":"West Central Avenue","ELEVTYP_F":0,"ELEVTYP_T":0},"geometry":{"type":"LineString","coordinates":[[-74.0687622572927,39.9816906198122],[-74.068733015177,39.9818701951546]]}},{"type":"Feature","id":351907,"properties":{"OBJECTID":351907,"PRIMENAME":"Bay Boulevard","ELEVTYP_F":0,"ELEVTYP_T":0},"geometry":{"type":"LineString","coordinates":[[-74.077254190868,39.9599374850458],[-74.0772264434479,39.9601097116877],[-74.0771707537139,39.9604397492303]]}},{"type":"Feature","id":352065,"properties":{"OBJECTID":352065,"PRIMENAME":"State Highway 37","ELEVTYP_F":0,"ELEVTYP_T":0},"geometry":{"type":"LineString","coordinates":[[-74.0970256401142,39.9447782234152],[-74.0966485346726,39.9446746521231],[-74.0962276221086,39.9445581828345],[-74.0957213953159,39.9444290603537],[-74.0952737476535,39.9443165854201],[-74.0948154956821,39.9441999806517],[-74.0943465453337,39.9440833087183],[-74.0936538395457,39.9439083906772],[-74.0928996478023,39.9437195113103]]}},{"type":"Feature","id":352088,"properties":{"OBJECTID":352088,"PRIMENAME":"Ortley Avenue","ELEVTYP_F":0,"ELEVTYP_T":0},"geometry":{"type":"LineString","coordinates":[[-74.077832983068,39.9488408258597],[-74.078007234045,39.9488986456624],[-74.0780590819546,39.9489303242259],[-74.0780960385226,39.9489590653909]]}},{"type":"Feature","id":352269,"properties":{"OBJECTID":352269,"PRIMENAME":"State Highway 35 Avenue","ELEVTYP_F":0,"ELEVTYP_T":0},"geometry":{"type":"LineString","coordinates":[[-74.0637241209532,39.9931189276803],[-74.0636838513782,39.99324920832],[-74.06365326936,39.9933377677558]]}},{"type":"Feature","id":352316,"properties":{"OBJECTID":352316,"PRIMENAME":"Heron Lane","ELEVTYP_F":0,"ELEVTYP_T":0},"geometry":{"type":"LineString","coordinates":[[-74.0666141936219,39.99255986422],[-74.0665007532827,39.992890938806],[-74.0664863099061,39.9929288837997]]}},{"type":"Feature","id":352319,"properties":{"OBJECTID":352319,"PRIMENAME":"State Highway 37","ELEVTYP_F":0,"ELEVTYP_T":0},"geometry":{"type":"LineString","coordinates":[[-74.0913283679575,39.9433278865559],[-74.0901102563335,39.9430204598802]]}},{"type":"Feature","id":352324,"properties":{"OBJECTID":352324,"PRIMENAME":"Bay Boulevard","ELEVTYP_F":0,"ELEVTYP_T":0},"geometry":{"type":"LineString","coordinates":[[-74.07409956943,39.968585560722],[-74.0740833604032,39.9686101824413],[-74.0740084714524,39.9687014104549],[-74.0739073932044,39.9688154382209],[-74.0737989649423,39.9689237013464],[-74.0736943184348,39.9690148476612],[-74.0735001344876,39.9691599395024],[-74.0733433577222,39.9692680522203],[-74.0733426766999,39.9692685712252]]}},{"type":"Feature","id":352402,"properties":{"OBJECTID":352402,"PRIMENAME":"Boulevard","ELEVTYP_F":0,"ELEVTYP_T":0},"geometry":{"type":"LineString","coordinates":[[-74.0723338088736,39.9495306393703],[-74.0723150822712,39.9495952099977],[-74.0722945985714,39.9496711267325],[-74.0722831632437,39.9497660746948],[-74.0722670149085,39.9498847255563],[-74.0722627422256,39.9499386373112]]}},{"type":"Feature","id":352412,"properties":{"OBJECTID":352412,"PRIMENAME":"Bay Boulevard","ELEVTYP_F":0,"ELEVTYP_T":0},"geometry":{"type":"LineString","coordinates":[[-74.0777539228025,39.9568835101335],[-74.0776639080373,39.9574183657888]]}},{"type":"Feature","id":352414,"properties":{"OBJECTID":352414,"PRIMENAME":"Grand Central Avenue","ELEVTYP_F":0,"ELEVTYP_T":0},"geometry":{"type":"LineString","coordinates":[[-74.0662818848968,39.9829804894277],[-74.0661722104304,39.9834102770545],[-74.0661563675183,39.983471895551]]}},{"type":"Feature","id":352612,"properties":{"OBJECTID":352612,"PRIMENAME":"Grand Central Avenue","ELEVTYP_F":0,"ELEVTYP_T":0},"geometry":{"type":"LineString","coordinates":[[-74.0644482837186,39.9902683866412],[-74.0643873203109,39.9905073727235]]}},{"type":"Feature","id":352635,"properties":{"OBJECTID":352635,"PRIMENAME":"Eisenhower Avenue","ELEVTYP_F":0,"ELEVTYP_T":0},"geometry":{"type":"LineString","coordinates":[[-74.0743766272555,39.9511158863764],[-74.0742181839104,39.9510935028148],[-74.0742112207409,39.9510925197832],[-74.0741049479866,39.951064867537],[-74.0740400457148,39.9510387948331],[-74.0739875552599,39.9510071670664],[-74.0739557289608,39.9509791595232],[-74.0739321389088,39.9509583978553],[-74.0738953380258,39.9508990172798],[-74.0738740852887,39.9508518282524],[-74.0738571300431,39.9508018006567]]}},{"type":"Feature","id":352873,"properties":{"OBJECTID":352873,"PRIMENAME":"Railway Avenue West","ELEVTYP_F":0,"ELEVTYP_T":0},"geometry":{"type":"LineString","coordinates":[[-74.0724094054329,39.95949819155],[-74.0723337056966,39.9599727802795]]}},{"type":"Feature","id":352880,"properties":{"OBJECTID":352880,"PRIMENAME":"State Highway 35 Avenue","ELEVTYP_F":0,"ELEVTYP_T":0},"geometry":{"type":"LineString","coordinates":[[-74.0618528743562,39.998596544444],[-74.0617705805024,39.9988863145952],[-74.0616610072119,39.999272138135]]}},{"type":"Feature","id":352906,"properties":{"OBJECTID":352906,"PRIMENAME":"State Highway 35 Avenue North","ELEVTYP_F":0,"ELEVTYP_T":0},"geometry":{"type":"LineString","coordinates":[[-74.0720377916284,39.9515220754953],[-74.0719548169222,39.9520317502846]]}},{"type":"Feature","id":353023,"properties":{"OBJECTID":353023,"PRIMENAME":"West Central Avenue","ELEVTYP_F":0,"ELEVTYP_T":0},"geometry":{"type":"LineString","coordinates":[[-74.0691194698421,39.9795046780775],[-74.0690590465935,39.9798692846604],[-74.0689927404597,39.9803067591673]]}},{"type":"Feature","id":353101,"properties":{"OBJECTID":353101,"PRIMENAME":"State Highway 35","ELEVTYP_F":0,"ELEVTYP_T":0},"geometry":{"type":"LineString","coordinates":[[-74.0726675157705,39.9579513009859],[-74.0725843230864,39.9584593256495],[-74.0725392015166,39.9587348519632],[-74.0725009088437,39.9589604355239]]}},{"type":"Feature","id":353155,"properties":{"OBJECTID":353155,"PRIMENAME":"East Central Avenue","ELEVTYP_F":0,"ELEVTYP_T":0},"geometry":{"type":"LineString","coordinates":[[-74.0738571300431,39.9508018006567],[-74.0737882682348,39.9510918708574]]}},{"type":"Feature","id":353212,"properties":{"OBJECTID":353212,"PRIMENAME":"State Highway 35 Avenue North","ELEVTYP_F":0,"ELEVTYP_T":0},"geometry":{"type":"LineString","coordinates":[[-74.0721422696209,39.9508931372446],[-74.072054891111,39.9514171280602],[-74.0720377916284,39.9515220754953]]}},{"type":"Feature","id":353544,"properties":{"OBJECTID":353544,"PRIMENAME":"Grand Central Avenue","ELEVTYP_F":0,"ELEVTYP_T":0},"geometry":{"type":"LineString","coordinates":[[-74.0655891026985,39.9857214193171],[-74.0655418750164,39.9859112763383]]}},{"type":"Feature","id":353546,"properties":{"OBJECTID":353546,"PRIMENAME":"State Highway 35 Avenue North","ELEVTYP_F":0,"ELEVTYP_T":0},"geometry":{"type":"LineString","coordinates":[[-74.0717918491012,39.9530530065588],[-74.0717453337514,39.9533558147715]]}},{"type":"Feature","id":353651,"properties":{"OBJECTID":353651,"PRIMENAME":"Grand Central Avenue","ELEVTYP_F":0,"ELEVTYP_T":0},"geometry":{"type":"LineString","coordinates":[[-74.0663390027698,39.9827690628151],[-74.0662818848968,39.9829804894277]]}},{"type":"Feature","id":353674,"properties":{"OBJECTID":353674,"PRIMENAME":"Ocean Boulevard","ELEVTYP_F":0,"ELEVTYP_T":0},"geometry":{"type":"LineString","coordinates":[[-74.0607298387792,40.0026296135966],[-74.0605346760841,40.0033032703228]]}},{"type":"Feature","id":353790,"properties":{"OBJECTID":353790,"PRIMENAME":"Grand Central Avenue","ELEVTYP_F":0,"ELEVTYP_T":0},"geometry":{"type":"LineString","coordinates":[[-74.06682354135,39.9811122830986],[-74.0667853423989,39.9812391753713],[-74.0667732320233,39.9812809554103]]}},{"type":"Feature","id":353810,"properties":{"OBJECTID":353810,"PRIMENAME":"East Central Avenue","ELEVTYP_F":0,"ELEVTYP_T":0},"geometry":{"type":"LineString","coordinates":[[-74.0736877433362,39.9517128637254],[-74.0736063350175,39.952215725259],[-74.0735715621868,39.9524305174285],[-74.0735370556533,39.9526941679397],[-74.073523852603,39.9527950379676],[-74.0734471180881,39.9532435152209]]}},{"type":"Feature","id":353853,"properties":{"OBJECTID":353853,"PRIMENAME":"Grand Central Avenue","ELEVTYP_F":0,"ELEVTYP_T":0},"geometry":{"type":"LineString","coordinates":[[-74.0690642423179,39.9696276802486],[-74.0689365077432,39.970405270421]]}},{"type":"Feature","id":353915,"properties":{"OBJECTID":353915,"PRIMENAME":"State Highway 35 Avenue","ELEVTYP_F":0,"ELEVTYP_T":0},"geometry":{"type":"LineString","coordinates":[[-74.0614743228555,39.9999459658355],[-74.0613991871752,40.0002183773173],[-74.0612926978408,40.0006151997898]]}},{"type":"Feature","id":353937,"properties":{"OBJECTID":353937,"PRIMENAME":"State Highway 35 Avenue","ELEVTYP_F":0,"ELEVTYP_T":0},"geometry":{"type":"LineString","coordinates":[[-74.0632243184492,39.9946020923418],[-74.0630260029964,39.9951787759532]]}},{"type":"Feature","id":353972,"properties":{"OBJECTID":353972,"PRIMENAME":"West Pennsylvania Avenue","ELEVTYP_F":0,"ELEVTYP_T":0},"geometry":{"type":"LineString","coordinates":[[-74.0733577991017,39.9548902769638],[-74.0734751826297,39.9542097997317]]}},{"type":"Feature","id":354002,"properties":{"OBJECTID":354002,"PRIMENAME":"West Central Avenue","ELEVTYP_F":0,"ELEVTYP_T":0},"geometry":{"type":"LineString","coordinates":[[-74.0680622114301,39.9859464380417],[-74.0680521900766,39.9860067805462],[-74.0680273683168,39.9861597038878],[-74.068027275687,39.986160281797]]}},{"type":"Feature","id":354377,"properties":{"OBJECTID":354377,"PRIMENAME":"West Central Avenue","ELEVTYP_F":0,"ELEVTYP_T":0},"geometry":{"type":"LineString","coordinates":[[-74.0672983889773,39.9902042336597],[-74.0672356684126,39.9904606803106]]}},{"type":"Feature","id":354963,"properties":{"OBJECTID":354963,"PRIMENAME":"East Central Avenue","ELEVTYP_F":0,"ELEVTYP_T":0},"geometry":{"type":"LineString","coordinates":[[-74.0734471180881,39.9532435152209],[-74.0733931123524,39.9535587885244],[-74.0732923804117,39.9541746198288],[-74.0732516827516,39.9544234189499],[-74.073177924634,39.9548605533656],[-74.073094678734,39.9553539085743],[-74.0730609870897,39.9555572987268]]}},{"type":"Feature","id":355098,"properties":{"OBJECTID":355098,"PRIMENAME":"Grand Central Avenue","ELEVTYP_F":0,"ELEVTYP_T":0},"geometry":{"type":"LineString","coordinates":[[-74.0684543435998,39.9733501645685],[-74.0683649885313,39.9738954737362],[-74.0683270516453,39.9741230606981]]}},{"type":"Feature","id":355117,"properties":{"OBJECTID":355117,"PRIMENAME":"State Highway 35 Avenue","ELEVTYP_F":0,"ELEVTYP_T":0},"geometry":{"type":"LineString","coordinates":[[-74.0611115325636,40.0012901735111],[-74.0610992079159,40.0013361393694],[-74.0610424266818,40.0015400889954]]}},{"type":"Feature","id":355563,"properties":{"OBJECTID":355563,"PRIMENAME":"State Highway 35 Avenue","ELEVTYP_F":0,"ELEVTYP_T":0},"geometry":{"type":"LineString","coordinates":[[-74.0639094834604,39.9924081858682],[-74.0638599230331,39.992610009891],[-74.0638463458936,39.9926615936136]]}},{"type":"Feature","id":355565,"properties":{"OBJECTID":355565,"PRIMENAME":"West Central Avenue","ELEVTYP_F":0,"ELEVTYP_T":0},"geometry":{"type":"LineString","coordinates":[[-74.0627551022694,40.0008508419655],[-74.0625841824897,40.0011977864307],[-74.0624348980804,40.001499487013]]}},{"type":"Feature","id":355567,"properties":{"OBJECTID":355567,"PRIMENAME":"Grand Central Avenue","ELEVTYP_F":0,"ELEVTYP_T":0},"geometry":{"type":"LineString","coordinates":[[-74.064613800722,39.989593719537],[-74.0645599678283,39.9898147580122]]}},{"type":"Feature","id":355767,"properties":{"OBJECTID":355767,"PRIMENAME":"Eisenhower Avenue","ELEVTYP_F":0,"ELEVTYP_T":0},"geometry":{"type":"LineString","coordinates":[[-74.0737882682348,39.9510918708574],[-74.0733916796946,39.9510390192852],[-74.0732408610635,39.9510214119067],[-74.0727977532205,39.9509696795778]]}},{"type":"Feature","id":355990,"properties":{"OBJECTID":355990,"PRIMENAME":"Grand Central Avenue","ELEVTYP_F":0,"ELEVTYP_T":0},"geometry":{"type":"LineString","coordinates":[[-74.0642144263447,39.9911851407111],[-74.0641630362245,39.9913866040517]]}},{"type":"Feature","id":356123,"properties":{"OBJECTID":356123,"PRIMENAME":"West Central Avenue","ELEVTYP_F":0,"ELEVTYP_T":0},"geometry":{"type":"LineString","coordinates":[[-74.0671285392657,39.9908791324772],[-74.0670565614701,39.9911395273526],[-74.0670546317233,39.9911461934825],[-74.0670544653409,39.9911467657107]]}},{"type":"Feature","id":356199,"properties":{"OBJECTID":356199,"PRIMENAME":"Bay Boulevard","ELEVTYP_F":0,"ELEVTYP_T":0},"geometry":{"type":"LineString","coordinates":[[-74.0780960385226,39.9489590653909],[-74.0781106669619,39.948999091401],[-74.0781055252633,39.9490633926598]]}},{"type":"Feature","id":356851,"properties":{"OBJECTID":356851,"PRIMENAME":"West Central Avenue","ELEVTYP_F":0,"ELEVTYP_T":0},"geometry":{"type":"LineString","coordinates":[[-74.0692489206978,39.9787063123637],[-74.0691849383746,39.9791093417901],[-74.0691194698421,39.9795046780775]]}},{"type":"Feature","id":356994,"properties":{"OBJECTID":356994,"PRIMENAME":"West Central Avenue","ELEVTYP_F":0,"ELEVTYP_T":0},"geometry":{"type":"LineString","coordinates":[[-74.0659065082472,39.9943888613643],[-74.0658293795032,39.9945683111441],[-74.065674942704,39.9949102162318]]}},{"type":"Feature","id":357128,"properties":{"OBJECTID":357128,"PRIMENAME":"West Amberjack Way","ELEVTYP_F":0,"ELEVTYP_T":0},"geometry":{"type":"LineString","coordinates":[[-74.0667984249903,39.9901371116834],[-74.0672983889773,39.9902042336597]]}},{"type":"Feature","id":357137,"properties":{"OBJECTID":357137,"PRIMENAME":"West Central Avenue","ELEVTYP_F":0,"ELEVTYP_T":0},"geometry":{"type":"LineString","coordinates":[[-74.068010100521,39.9862660788739],[-74.0679942274066,39.9863638762092]]}},{"type":"Feature","id":358400,"properties":{"OBJECTID":358400,"PRIMENAME":"Grand Central Avenue","ELEVTYP_F":0,"ELEVTYP_T":0},"geometry":{"type":"LineString","coordinates":[[-74.0700511017256,39.9636260081289],[-74.0699309412124,39.9643600870461]]}},{"type":"Feature","id":359314,"properties":{"OBJECTID":359314,"PRIMENAME":"Ocean Boulevard","ELEVTYP_F":0,"ELEVTYP_T":0},"geometry":{"type":"LineString","coordinates":[[-74.0600418299803,40.0049870749835],[-74.0600387254063,40.0049979626257],[-74.0598592053746,40.0056298098475]]}},{"type":"Feature","id":359606,"properties":{"OBJECTID":359606,"PRIMENAME":"Albacore Drive","ELEVTYP_F":0,"ELEVTYP_T":0},"geometry":{"type":"LineString","coordinates":[[-74.0749886947345,39.9499316327817],[-74.0748873428694,39.9499679670649],[-74.0747850977346,39.9500060381614],[-74.0746499765752,39.9500563490457],[-74.0745082552758,39.9501256442068],[-74.0743261753013,39.9502374812334],[-74.0742004021692,39.9503366130586],[-74.0741792766705,39.9503532635184],[-74.0740219703322,39.950519550008],[-74.0739100124481,39.9506898733206]]}},{"type":"Feature","id":360251,"properties":{"OBJECTID":360251,"PRIMENAME":"West Central Avenue","ELEVTYP_F":0,"ELEVTYP_T":0},"geometry":{"type":"LineString","coordinates":[[-74.0618073745458,40.0027828475838],[-74.0613570715432,40.0037652715729],[-74.0610345432769,40.0045050215875],[-74.0609827964646,40.0046314655758],[-74.0607270328859,40.0052564403069],[-74.0607241671576,40.0052638845777]]}},{"type":"Feature","id":360459,"properties":{"OBJECTID":360459,"PRIMENAME":"Grand Central Avenue","ELEVTYP_F":0,"ELEVTYP_T":0},"geometry":{"type":"LineString","coordinates":[[-74.0658684265798,39.9845993839657],[-74.0657384736376,39.9851209366842],[-74.0657066703035,39.985248791006],[-74.0657013573643,39.985270143096]]}},{"type":"Feature","id":360511,"properties":{"OBJECTID":360511,"PRIMENAME":"Grand Central Avenue","ELEVTYP_F":0,"ELEVTYP_T":0},"geometry":{"type":"LineString","coordinates":[[-74.0654872406256,39.9861320592907],[-74.0654362886683,39.9863402380001]]}},{"type":"Feature","id":360522,"properties":{"OBJECTID":360522,"PRIMENAME":"Anna O Hankins Boulevard","ELEVTYP_F":0,"ELEVTYP_T":0},"geometry":{"type":"LineString","coordinates":[[-74.0722335798699,39.960591160304],[-74.0721986812453,39.9608014405097]]}},{"type":"Feature","id":360925,"properties":{"OBJECTID":360925,"PRIMENAME":"Bay Boulevard","ELEVTYP_F":0,"ELEVTYP_T":0},"geometry":{"type":"LineString","coordinates":[[-74.0745630578776,39.9648156427626],[-74.0744556626634,39.9649138620454],[-74.0743546801881,39.9650193257744],[-74.074268433992,39.9651362366289],[-74.0741970817752,39.9652618219306],[-74.074148064448,39.965370303667],[-74.0741141013715,39.965455999555],[-74.0740931202528,39.9655367189617]]}},{"type":"Feature","id":361171,"properties":{"OBJECTID":361171,"PRIMENAME":"West Central Avenue","ELEVTYP_F":0,"ELEVTYP_T":0},"geometry":{"type":"LineString","coordinates":[[-74.067741103634,39.9879232562738],[-74.0676578705549,39.9883879279696]]}},{"type":"Feature","id":361272,"properties":{"OBJECTID":361272,"PRIMENAME":"West Central Avenue","ELEVTYP_F":0,"ELEVTYP_T":0},"geometry":{"type":"LineString","coordinates":[[-74.0654843935629,39.9953291023871],[-74.0653407601226,39.9956329413002]]}},{"type":"Feature","id":361401,"properties":{"OBJECTID":361401,"PRIMENAME":"State Highway 37","ELEVTYP_F":0,"ELEVTYP_T":0},"geometry":{"type":"LineString","coordinates":[[-74.0901102563335,39.9430204598802],[-74.0900463061317,39.943004319043],[-74.0897186757577,39.9429229946754],[-74.0895635301722,39.9428844840195],[-74.0893475156624,39.9428308633554]]}},{"type":"Feature","id":361576,"properties":{"OBJECTID":361576,"PRIMENAME":"Eisenhower Avenue","ELEVTYP_F":0,"ELEVTYP_T":0},"geometry":{"type":"LineString","coordinates":[[-74.0739100124481,39.9506898733206],[-74.0738571300431,39.9508018006567]]}},{"type":"Feature","id":361624,"properties":{"OBJECTID":361624,"PRIMENAME":"Grand Central Avenue","ELEVTYP_F":0,"ELEVTYP_T":0},"geometry":{"type":"LineString","coordinates":[[-74.068197372713,39.9749008619602],[-74.0680755538934,39.9756311708275]]}},{"type":"Feature","id":361701,"properties":{"OBJECTID":361701,"PRIMENAME":"Grand Central Avenue","ELEVTYP_F":0,"ELEVTYP_T":0},"geometry":{"type":"LineString","coordinates":[[-74.0648692226686,39.988580358921],[-74.0647688071201,39.9889770199972]]}},{"type":"Feature","id":362048,"properties":{"OBJECTID":362048,"PRIMENAME":"Grand Central Avenue","ELEVTYP_F":0,"ELEVTYP_T":0},"geometry":{"type":"LineString","coordinates":[[-74.0680755538934,39.9756311708275],[-74.0680462931077,39.975806792902],[-74.0679558489802,39.9763709853296]]}},{"type":"Feature","id":362049,"properties":{"OBJECTID":362049,"PRIMENAME":"West Central Avenue","ELEVTYP_F":0,"ELEVTYP_T":0},"geometry":{"type":"LineString","coordinates":[[-74.0684329052939,39.9836939087345],[-74.0684035541786,39.9838743373947],[-74.0683623935014,39.9841180067182],[-74.0683406844878,39.9842465118646],[-74.0683112179533,39.9844299457164],[-74.0682873083241,39.9845787770347]]}},{"type":"Feature","id":362662,"properties":{"OBJECTID":362662,"PRIMENAME":"West Central Avenue","ELEVTYP_F":0,"ELEVTYP_T":0},"geometry":{"type":"LineString","coordinates":[[-74.068027275687,39.986160281797],[-74.0680151572324,39.9862349260251],[-74.068010100521,39.9862660788739]]}},{"type":"Feature","id":362862,"properties":{"OBJECTID":362862,"PRIMENAME":"Grand Central Avenue","ELEVTYP_F":0,"ELEVTYP_T":0},"geometry":{"type":"LineString","coordinates":[[-74.0646777420914,39.9893367402433],[-74.0646419975176,39.9894779404621],[-74.064613800722,39.989593719537]]}},{"type":"Feature","id":362987,"properties":{"OBJECTID":362987,"PRIMENAME":"West Central Avenue","ELEVTYP_F":0,"ELEVTYP_T":0},"geometry":{"type":"LineString","coordinates":[[-74.0741694326875,39.9490588073816],[-74.0740519516529,39.949044566973]]}},{"type":"Feature","id":363084,"properties":{"OBJECTID":363084,"PRIMENAME":"West Central Avenue","ELEVTYP_F":0,"ELEVTYP_T":0},"geometry":{"type":"LineString","coordinates":[[-74.0681370953745,39.9854954309082],[-74.0680982174158,39.9857295790828],[-74.0680980676798,39.9857304864383]]}},{"type":"Feature","id":363874,"properties":{"OBJECTID":363874,"PRIMENAME":"Bay Boulevard","ELEVTYP_F":0,"ELEVTYP_T":0},"geometry":{"type":"LineString","coordinates":[[-74.0705393410651,39.9781156850116],[-74.0704756699175,39.9781797182909],[-74.0704892851476,39.9783704344401],[-74.0705765837627,39.9784712382832]]}},{"type":"Feature","id":363887,"properties":{"OBJECTID":363887,"PRIMENAME":"State Highway 35 North","ELEVTYP_F":0,"ELEVTYP_T":0},"geometry":{"type":"LineString","coordinates":[[-74.0772426503449,39.9489795634686],[-74.0770718378221,39.9490512029387],[-74.0768391444148,39.9491289816526],[-74.0766112190843,39.9491853628422],[-74.0764670443472,39.9492134158807],[-74.076313640195,39.9492343238764],[-74.0761463460458,39.9492515852396],[-74.0759604539553,39.9492651808892],[-74.0757514647053,39.9492644163111],[-74.0755657190645,39.9492601678249],[-74.0754830113559,39.9492523701674]]}},{"type":"Feature","id":364358,"properties":{"OBJECTID":364358,"PRIMENAME":"West Amberjack Way","ELEVTYP_F":0,"ELEVTYP_T":0},"geometry":{"type":"LineString","coordinates":[[-74.0645599678283,39.9898147580122],[-74.0667984249903,39.9901371116834]]}},{"type":"Feature","id":364717,"properties":{"OBJECTID":364717,"PRIMENAME":"Anna O Hankins Boulevard","ELEVTYP_F":0,"ELEVTYP_T":0},"geometry":{"type":"LineString","coordinates":[[-74.070110493645,39.9735050075077],[-74.0700549730763,39.9738519531532],[-74.0699814420782,39.9742827033225]]}},{"type":"Feature","id":364906,"properties":{"OBJECTID":364906,"PRIMENAME":"State Highway 35 Avenue North","ELEVTYP_F":0,"ELEVTYP_T":0},"geometry":{"type":"LineString","coordinates":[[-74.0706718552337,39.9598451820702],[-74.0706428310916,39.9600224058393],[-74.0706303853502,39.9600983996433],[-74.070620132653,39.9601602351714]]}},{"type":"Feature","id":365453,"properties":{"OBJECTID":365453,"PRIMENAME":"West Central Avenue","ELEVTYP_F":0,"ELEVTYP_T":0},"geometry":{"type":"LineString","coordinates":[[-74.0674601301562,39.9894930733008],[-74.0674033209164,39.9897519163998],[-74.0673985923045,39.9897723655214],[-74.0673509785373,39.9899782804185],[-74.0673047271397,39.9901783151537],[-74.0672983889773,39.9902042336597]]}},{"type":"Feature","id":366113,"properties":{"OBJECTID":366113,"PRIMENAME":"West Central Avenue","ELEVTYP_F":0,"ELEVTYP_T":0},"geometry":{"type":"LineString","coordinates":[[-74.0681520980799,39.9854050737454],[-74.0681372475532,39.9854945073488],[-74.0681370953745,39.9854954309082]]}},{"type":"Feature","id":366494,"properties":{"OBJECTID":366494,"PRIMENAME":"Bay Boulevard","ELEVTYP_F":0,"ELEVTYP_T":0},"geometry":{"type":"LineString","coordinates":[[-74.0704242629146,39.9766156570238],[-74.0703757145375,39.9766581950379],[-74.0703045589521,39.9767436968292],[-74.0702407358745,39.9768435560457],[-74.0702068161244,39.9769206300751],[-74.0701727354479,39.9770177721996],[-74.0701497165317,39.977132030979],[-74.0701417205782,39.9772235323002],[-74.070145019699,39.9772893233288],[-74.0701503904893,39.9773206401885]]}},{"type":"Feature","id":366544,"properties":{"OBJECTID":366544,"PRIMENAME":"West Central Avenue","ELEVTYP_F":0,"ELEVTYP_T":0},"geometry":{"type":"LineString","coordinates":[[-74.0607241671576,40.0052638845777],[-74.0607162512085,40.005284456392],[-74.060542313568,40.0057368351995],[-74.0605367969437,40.0057512687886],[-74.0603725677952,40.0061808296379]]}},{"type":"Feature","id":366710,"properties":{"OBJECTID":366710,"PRIMENAME":"West Central Avenue","ELEVTYP_F":0,"ELEVTYP_T":0},"geometry":{"type":"LineString","coordinates":[[-74.0689410661962,39.9806308023275],[-74.0688275188165,39.9812979735284]]}},{"type":"Feature","id":366928,"properties":{"OBJECTID":366928,"PRIMENAME":"State Highway 35 Avenue","ELEVTYP_F":0,"ELEVTYP_T":0},"geometry":{"type":"LineString","coordinates":[[-74.0638463458936,39.9926615936136],[-74.0637884873676,39.9928814221203],[-74.0637846304575,39.9928958891663]]}},{"type":"Feature","id":366947,"properties":{"OBJECTID":366947,"PRIMENAME":"West Central Avenue","ELEVTYP_F":0,"ELEVTYP_T":0},"geometry":{"type":"LineString","coordinates":[[-74.0648118970438,39.9966864925118],[-74.0646057432013,39.9971046321464]]}},{"type":"Feature","id":367053,"properties":{"OBJECTID":367053,"PRIMENAME":"Anna O Hankins Boulevard","ELEVTYP_F":0,"ELEVTYP_T":0},"geometry":{"type":"LineString","coordinates":[[-74.0704727164302,39.9713039324273],[-74.070406199091,39.9717039335894],[-74.0703530385498,39.9720392204384]]}},{"type":"Feature","id":367422,"properties":{"OBJECTID":367422,"PRIMENAME":"Anna O Hankins Boulevard","ELEVTYP_F":0,"ELEVTYP_T":0},"geometry":{"type":"LineString","coordinates":[[-74.0705930754529,39.970567877512],[-74.0705267747861,39.9709789439231],[-74.0704727164302,39.9713039324273]]}},{"type":"Feature","id":367518,"properties":{"OBJECTID":367518,"PRIMENAME":"State Highway 35 Avenue","ELEVTYP_F":0,"ELEVTYP_T":0},"geometry":{"type":"LineString","coordinates":[[-74.0634642839752,39.9939021332888],[-74.0633668809171,39.994181601483]]}},{"type":"Feature","id":367609,"properties":{"OBJECTID":367609,"PRIMENAME":"East Amberjack Way","ELEVTYP_F":0,"ELEVTYP_T":0},"geometry":{"type":"LineString","coordinates":[[-74.0626614237701,39.9895411105473],[-74.064098189131,39.9897482019819],[-74.0645599678283,39.9898147580122]]}},{"type":"Feature","id":367854,"properties":{"OBJECTID":367854,"PRIMENAME":"State Highway 35 Avenue","ELEVTYP_F":0,"ELEVTYP_T":0},"geometry":{"type":"LineString","coordinates":[[-74.0635149306983,39.9937568202991],[-74.0634642839752,39.9939021332888]]}},{"type":"Feature","id":367944,"properties":{"OBJECTID":367944,"PRIMENAME":"West Central Avenue","ELEVTYP_F":0,"ELEVTYP_T":0},"geometry":{"type":"LineString","coordinates":[[-74.0686402673051,39.9824364694966],[-74.0686399607413,39.9824382994959],[-74.0685868914043,39.9827555701606]]}},{"type":"Feature","id":370337,"properties":{"OBJECTID":370337,"PRIMENAME":"Bay Boulevard","ELEVTYP_F":0,"ELEVTYP_T":0},"geometry":{"type":"LineString","coordinates":[[-74.0733426766999,39.9692685712252],[-74.0732536957493,39.9693363563192],[-74.0731453183348,39.9694417916775],[-74.0730342037483,39.969568659164],[-74.073032982294,39.9695700534685],[-74.0729431763039,39.9696726738604],[-74.0728681248203,39.9697839413247],[-74.0728154798602,39.9698838162607],[-74.0727726634359,39.9699810639938]]}},{"type":"Feature","id":370434,"properties":{"OBJECTID":370434,"PRIMENAME":"West Pennsylvania Avenue","ELEVTYP_F":0,"ELEVTYP_T":0},"geometry":{"type":"LineString","coordinates":[[-74.0732556506282,39.9555758333497],[-74.0733577991017,39.9548902769638]]}},{"type":"Feature","id":370564,"properties":{"OBJECTID":370564,"PRIMENAME":"State Highway 35 Avenue","ELEVTYP_F":0,"ELEVTYP_T":0},"geometry":{"type":"LineString","coordinates":[[-74.0628343518494,39.9957287171127],[-74.0627888668125,39.9958589497838],[-74.0625670899564,39.9965087632669]]}},{"type":"Feature","id":370643,"properties":{"OBJECTID":370643,"PRIMENAME":"Grand Central Avenue","ELEVTYP_F":0,"ELEVTYP_T":0},"geometry":{"type":"LineString","coordinates":[[-74.0670251833889,39.9804424490114],[-74.0669972806648,39.9805351456951]]}},{"type":"Feature","id":370654,"properties":{"OBJECTID":370654,"PRIMENAME":"Bay Boulevard","ELEVTYP_F":0,"ELEVTYP_T":0},"geometry":{"type":"LineString","coordinates":[[-74.0742208583479,39.9663351029117],[-74.0743008953831,39.9665004764629],[-74.0743704570581,39.9666694620747],[-74.0744143462166,39.9667839954876],[-74.0744435169741,39.9668727784694],[-74.0744760804097,39.9670187321094],[-74.0744865732179,39.9671216948587]]}},{"type":"Feature","id":370655,"properties":{"OBJECTID":370655,"PRIMENAME":"Bay Boulevard","ELEVTYP_F":0,"ELEVTYP_T":0},"geometry":{"type":"LineString","coordinates":[[-74.0701503904893,39.9773206401885],[-74.0701557945106,39.9773522598092],[-74.0701776133312,39.9774295675238],[-74.0702140988553,39.9775297995216],[-74.0702434824582,39.9775956593342],[-74.0702949550258,39.9776845258756],[-74.0703501397076,39.9777790887263],[-74.0703884579395,39.9778544534737],[-74.0704197923777,39.9779337734602],[-74.0704395018559,39.9779890284458],[-74.0704617346826,39.9780343273326],[-74.0704960389042,39.9780784072493],[-74.0705393410651,39.9781156850116]]}},{"type":"Feature","id":370879,"properties":{"OBJECTID":370879,"PRIMENAME":"Anna O Hankins Boulevard","ELEVTYP_F":0,"ELEVTYP_T":0},"geometry":{"type":"LineString","coordinates":[[-74.0714531364596,39.9653006885712],[-74.0713298270467,39.9660724779804]]}},{"type":"Feature","id":371015,"properties":{"OBJECTID":371015,"PRIMENAME":"State Highway 35","ELEVTYP_F":0,"ELEVTYP_T":0},"geometry":{"type":"LineString","coordinates":[[-74.0725009088437,39.9589604355239],[-74.0724094054329,39.95949819155]]}},{"type":"Feature","id":371139,"properties":{"OBJECTID":371139,"PRIMENAME":"West Central Avenue","ELEVTYP_F":0,"ELEVTYP_T":0},"geometry":{"type":"LineString","coordinates":[[-74.0677603404074,39.9878013136675],[-74.067741103634,39.9879232562738]]}},{"type":"Feature","id":371236,"properties":{"OBJECTID":371236,"PRIMENAME":"State Highway 37","ELEVTYP_F":0,"ELEVTYP_T":0},"geometry":{"type":"LineString","coordinates":[[-74.113548356358,39.9489317193436],[-74.1130303579439,39.9488012055742],[-74.1121349952334,39.9485805045909],[-74.1110371474003,39.9483016024119],[-74.1100778525496,39.9480601356418],[-74.1087188476685,39.947718725807],[-74.107226642081,39.9473439862853],[-74.1060648803323,39.9470525203133],[-74.1044501352153,39.9466485850147],[-74.1027767932747,39.9462280091503],[-74.1013326157604,39.9458615403982],[-74.0998511315997,39.9454908608765],[-74.0980659475735,39.94504105942],[-74.0971333755461,39.944807814313],[-74.0970256401142,39.9447782234152]]}},{"type":"Feature","id":371440,"properties":{"OBJECTID":371440,"PRIMENAME":"West Central Avenue","ELEVTYP_F":0,"ELEVTYP_T":0},"geometry":{"type":"LineString","coordinates":[[-74.0633929066687,39.9995674865873],[-74.0631524364555,40.0000487317582],[-74.0630824252965,40.0001888428077],[-74.0629981700046,40.0003574578722],[-74.0627551022694,40.0008508419655]]}},{"type":"Feature","id":371469,"properties":{"OBJECTID":371469,"PRIMENAME":"Anna O Hankins Boulevard","ELEVTYP_F":0,"ELEVTYP_T":0},"geometry":{"type":"LineString","coordinates":[[-74.0698526666049,39.9750558432199],[-74.0697982045002,39.975387226512],[-74.0697316089926,39.9757984000039]]}},{"type":"Feature","id":371704,"properties":{"OBJECTID":371704,"PRIMENAME":"Ocean Boulevard","ELEVTYP_F":0,"ELEVTYP_T":0},"geometry":{"type":"LineString","coordinates":[[-74.0610174998074,40.0016296129554],[-74.0609659903076,40.0018146163506],[-74.0609239373626,40.001959658828]]}},{"type":"Feature","id":371804,"properties":{"OBJECTID":371804,"PRIMENAME":"Grand Central Avenue","ELEVTYP_F":0,"ELEVTYP_T":0},"geometry":{"type":"LineString","coordinates":[[-74.0647688071201,39.9889770199972],[-74.0646777420914,39.9893367402433]]}},{"type":"Feature","id":372386,"properties":{"OBJECTID":372386,"PRIMENAME":"State Highway 35 Avenue North","ELEVTYP_F":0,"ELEVTYP_T":0},"geometry":{"type":"LineString","coordinates":[[-74.0711783314722,39.956786374529],[-74.0710135627229,39.9577893917596]]}},{"type":"Feature","id":372676,"properties":{"OBJECTID":372676,"PRIMENAME":"State Highway 35 North","ELEVTYP_F":0,"ELEVTYP_T":0},"geometry":{"type":"LineString","coordinates":[[-74.0754830113559,39.9492523701674],[-74.0754078979445,39.9492452866076],[-74.0752315372634,39.9492231990952],[-74.0751936931795,39.9492174030517],[-74.0749206414511,39.9491755800779],[-74.0745958233467,39.9491243405149],[-74.0741967711108,39.9490621206381],[-74.0741694326875,39.9490588073816]]}},{"type":"Feature","id":372825,"properties":{"OBJECTID":372825,"PRIMENAME":"Bay Boulevard","ELEVTYP_F":0,"ELEVTYP_T":0},"geometry":{"type":"LineString","coordinates":[[-74.0774972096109,39.9584254222357],[-74.0774465398781,39.958763522567],[-74.0774198182213,39.9589257587276]]}},{"type":"Feature","id":372832,"properties":{"OBJECTID":372832,"PRIMENAME":"State Highway 37","ELEVTYP_F":0,"ELEVTYP_T":0},"geometry":{"type":"LineString","coordinates":[[-74.0893475156624,39.9428308633554],[-74.0892385217712,39.9428038097867],[-74.0888207093555,39.9427001012303],[-74.0877656706183,39.9424334837951],[-74.0874603269875,39.9423560486152]]}},{"type":"Feature","id":373023,"properties":{"OBJECTID":373023,"PRIMENAME":"Grand Central Avenue","ELEVTYP_F":0,"ELEVTYP_T":0},"geometry":{"type":"LineString","coordinates":[[-74.0664110192096,39.9825491540837],[-74.0663390027698,39.9827690628151]]}},{"type":"Feature","id":373233,"properties":{"OBJECTID":373233,"PRIMENAME":"West Central Avenue","ELEVTYP_F":0,"ELEVTYP_T":0},"geometry":{"type":"LineString","coordinates":[[-74.0662181132063,39.9936334615284],[-74.0661310578586,39.9938466130498],[-74.0660430492019,39.9940620946584],[-74.0659676236158,39.9942467705125],[-74.0659065082472,39.9943888613643]]}},{"type":"Feature","id":373489,"properties":{"OBJECTID":373489,"PRIMENAME":"Bay Boulevard","ELEVTYP_F":0,"ELEVTYP_T":0},"geometry":{"type":"LineString","coordinates":[[-74.0778217218467,39.9564746407966],[-74.0777747678448,39.9567600163998],[-74.0777539228025,39.9568835101335]]}},{"type":"Feature","id":373497,"properties":{"OBJECTID":373497,"PRIMENAME":"West Central Avenue","ELEVTYP_F":0,"ELEVTYP_T":0},"geometry":{"type":"LineString","coordinates":[[-74.0646057432013,39.9971046321464],[-74.0643944150767,39.9975332946963]]}},{"type":"Feature","id":373547,"properties":{"OBJECTID":373547,"PRIMENAME":"Grand Central Avenue","ELEVTYP_F":0,"ELEVTYP_T":0},"geometry":{"type":"LineString","coordinates":[[-74.0679558489802,39.9763709853296],[-74.0678383279964,39.9771036155891],[-74.0678372532933,39.9771099255537]]}},{"type":"Feature","id":374061,"properties":{"OBJECTID":374061,"PRIMENAME":"West Central Avenue","ELEVTYP_F":0,"ELEVTYP_T":0},"geometry":{"type":"LineString","coordinates":[[-74.0689927404597,39.9803067591673],[-74.0689644455568,39.980493421308],[-74.0689410661962,39.9806308023275]]}},{"type":"Feature","id":374088,"properties":{"OBJECTID":374088,"PRIMENAME":"State Highway 35 Avenue North","ELEVTYP_F":0,"ELEVTYP_T":0},"geometry":{"type":"LineString","coordinates":[[-74.0722289406879,39.950409788397],[-74.0721900685542,39.9505954405205],[-74.0721422696209,39.9508931372446]]}},{"type":"Feature","id":374531,"properties":{"OBJECTID":374531,"PRIMENAME":"Grand Central Avenue","ELEVTYP_F":0,"ELEVTYP_T":0},"geometry":{"type":"LineString","coordinates":[[-74.0653981659247,39.9864959868514],[-74.0653378662392,39.9867423555859],[-74.0651711599634,39.987378023483],[-74.0650286428347,39.9879473429602]]}},{"type":"Feature","id":374737,"properties":{"OBJECTID":374737,"PRIMENAME":"State Highway 35 Avenue North","ELEVTYP_F":0,"ELEVTYP_T":0},"geometry":{"type":"LineString","coordinates":[[-74.0717453337514,39.9533558147715],[-74.0716314208617,39.9540322121134]]}},{"type":"Feature","id":374851,"properties":{"OBJECTID":374851,"PRIMENAME":"Grand Central Avenue","ELEVTYP_F":0,"ELEVTYP_T":0},"geometry":{"type":"LineString","coordinates":[[-74.0683270516453,39.9741230606981],[-74.068197372713,39.9749008619602]]}},{"type":"Feature","id":374931,"properties":{"OBJECTID":374931,"PRIMENAME":"Bay Boulevard","ELEVTYP_F":0,"ELEVTYP_T":0},"geometry":{"type":"LineString","coordinates":[[-74.0781518015389,39.9509316599954],[-74.0782146226263,39.9514827766044]]}},{"type":"Feature","id":375508,"properties":{"OBJECTID":375508,"PRIMENAME":"Grand Central Avenue","ELEVTYP_F":0,"ELEVTYP_T":0},"geometry":{"type":"LineString","coordinates":[[-74.0641630362245,39.9913866040517],[-74.064097981574,39.9916416233431]]}},{"type":"Feature","id":375807,"properties":{"OBJECTID":375807,"PRIMENAME":"Grand Central Avenue","ELEVTYP_F":0,"ELEVTYP_T":0},"geometry":{"type":"LineString","coordinates":[[-74.0678372532933,39.9771099255537],[-74.067714192166,39.9778436328992]]}},{"type":"Feature","id":375937,"properties":{"OBJECTID":375937,"PRIMENAME":"West Central Avenue","ELEVTYP_F":0,"ELEVTYP_T":0},"geometry":{"type":"LineString","coordinates":[[-74.0737929555768,39.952256204093],[-74.0738732785764,39.9517349044432]]}},{"type":"Feature","id":375983,"properties":{"OBJECTID":375983,"PRIMENAME":"Anna O Hankins Boulevard","ELEVTYP_F":0,"ELEVTYP_T":0},"geometry":{"type":"LineString","coordinates":[[-74.0707213174076,39.9697859495643],[-74.0706631582,39.9701337101113],[-74.0705930754529,39.970567877512]]}},{"type":"Feature","id":376043,"properties":{"OBJECTID":376043,"PRIMENAME":"State Highway 35 Avenue","ELEVTYP_F":0,"ELEVTYP_T":0},"geometry":{"type":"LineString","coordinates":[[-74.0612926978408,40.0006151997898],[-74.0611115325636,40.0012901735111]]}},{"type":"Feature","id":376044,"properties":{"OBJECTID":376044,"PRIMENAME":"Grand Central Avenue","ELEVTYP_F":0,"ELEVTYP_T":0},"geometry":{"type":"LineString","coordinates":[[-74.0686957975378,39.9718761138082],[-74.0686355314787,39.9722449770956],[-74.0685751978699,39.9726129339616]]}},{"type":"Feature","id":376247,"properties":{"OBJECTID":376247,"PRIMENAME":"West Central Avenue","ELEVTYP_F":0,"ELEVTYP_T":0},"geometry":{"type":"LineString","coordinates":[[-74.0663852725049,39.9931943233079],[-74.066385157003,39.9931946255133],[-74.0663041974364,39.9934073145067],[-74.066304070047,39.9934076445894]]}},{"type":"Feature","id":376386,"properties":{"OBJECTID":376386,"PRIMENAME":"Grand Central Avenue","ELEVTYP_F":0,"ELEVTYP_T":0},"geometry":{"type":"LineString","coordinates":[[-74.0685751978699,39.9726129339616],[-74.0684543435998,39.9733501645685]]}},{"type":"Feature","id":376663,"properties":{"OBJECTID":376663,"PRIMENAME":"State Highway 35 Avenue","ELEVTYP_F":0,"ELEVTYP_T":0},"geometry":{"type":"LineString","coordinates":[[-74.0632938132959,39.9943949971836],[-74.0632243184492,39.9946020923418]]}},{"type":"Feature","id":376805,"properties":{"OBJECTID":376805,"PRIMENAME":"Grand Central Avenue","ELEVTYP_F":0,"ELEVTYP_T":0},"geometry":{"type":"LineString","coordinates":[[-74.0695534262899,39.9666473655896],[-74.0694335600775,39.9673841080871]]}},{"type":"Feature","id":376905,"properties":{"OBJECTID":376905,"PRIMENAME":"Anna O Hankins Boulevard","ELEVTYP_F":0,"ELEVTYP_T":0},"geometry":{"type":"LineString","coordinates":[[-74.0693656412771,39.9780026419851],[-74.0693409237403,39.9781498007764]]}},{"type":"Feature","id":377063,"properties":{"OBJECTID":377063,"PRIMENAME":"Bay Boulevard","ELEVTYP_F":0,"ELEVTYP_T":0},"geometry":{"type":"LineString","coordinates":[[-74.0782919650339,39.9521846397873],[-74.0783038088694,39.9523007019431],[-74.0783212518271,39.9524866825101],[-74.0783309664332,39.9527114547975]]}},{"type":"Feature","id":377086,"properties":{"OBJECTID":377086,"PRIMENAME":"Anna O Hawkins Boulevard","ELEVTYP_F":0,"ELEVTYP_T":0},"geometry":{"type":"LineString","coordinates":[[-74.072257023417,39.9604499080033],[-74.0722335798699,39.960591160304]]}},{"type":"Feature","id":377099,"properties":{"OBJECTID":377099,"PRIMENAME":"Grand Central Avenue","ELEVTYP_F":0,"ELEVTYP_T":0},"geometry":{"type":"LineString","coordinates":[[-74.0645599678283,39.9898147580122],[-74.0645019371693,39.9900530391303]]}},{"type":"Feature","id":377199,"properties":{"OBJECTID":377199,"PRIMENAME":"Anna O Hankins Boulevard","ELEVTYP_F":0,"ELEVTYP_T":0},"geometry":{"type":"LineString","coordinates":[[-74.0693409237403,39.9781498007764],[-74.0692741860214,39.9785471203686],[-74.0692489206978,39.9787063123637]]}},{"type":"Feature","id":377307,"properties":{"OBJECTID":377307,"PRIMENAME":"State Highway 35","ELEVTYP_F":0,"ELEVTYP_T":0},"geometry":{"type":"LineString","coordinates":[[-74.0640397993196,39.9918769051267],[-74.0639794850236,39.9921231116295]]}},{"type":"Feature","id":377386,"properties":{"OBJECTID":377386,"PRIMENAME":"West Central Avenue","ELEVTYP_F":0,"ELEVTYP_T":0},"geometry":{"type":"LineString","coordinates":[[-74.0681990167043,39.9851224965046],[-74.0681523597999,39.9854034894745],[-74.0681520980799,39.9854050737454]]}},{"type":"Feature","id":377464,"properties":{"OBJECTID":377464,"PRIMENAME":"West Central Avenue","ELEVTYP_F":0,"ELEVTYP_T":0},"geometry":{"type":"LineString","coordinates":[[-74.0737117997212,39.9527506503187],[-74.0737929555768,39.952256204093]]}},{"type":"Feature","id":377529,"properties":{"OBJECTID":377529,"PRIMENAME":"Grand Central Avenue","ELEVTYP_F":0,"ELEVTYP_T":0},"geometry":{"type":"LineString","coordinates":[[-74.0666620139635,39.9816646657278],[-74.0666000846792,39.9818783173169],[-74.066586475208,39.9819266119545]]}},{"type":"Feature","id":377689,"properties":{"OBJECTID":377689,"PRIMENAME":"Grand Central Avenue","ELEVTYP_F":0,"ELEVTYP_T":0},"geometry":{"type":"LineString","coordinates":[[-74.0699309412124,39.9643600870461],[-74.0698624576042,39.9647784195641],[-74.0698028351725,39.9651375955664]]}},{"type":"Feature","id":377709,"properties":{"OBJECTID":377709,"PRIMENAME":"State Highway 37","ELEVTYP_F":0,"ELEVTYP_T":0},"geometry":{"type":"LineString","coordinates":[[-74.0928996478023,39.9437195113103],[-74.0924228495226,39.9436001009935],[-74.0913997732675,39.9433459282482],[-74.0913288308498,39.9433279710533],[-74.0913283679575,39.9433278865559]]}},{"type":"Feature","id":377824,"properties":{"OBJECTID":377824,"PRIMENAME":"Ocean Boulevard","ELEVTYP_F":0,"ELEVTYP_T":0},"geometry":{"type":"LineString","coordinates":[[-74.0598592053746,40.0056298098475],[-74.0597184241506,40.0061268702485]]}},{"type":"Feature","id":377945,"properties":{"OBJECTID":377945,"PRIMENAME":"West Central Avenue","ELEVTYP_F":0,"ELEVTYP_T":0},"geometry":{"type":"LineString","coordinates":[[-74.066304070047,39.9934076445894],[-74.0662181132063,39.9936334615284]]}},{"type":"Feature","id":377971,"properties":{"OBJECTID":377971,"PRIMENAME":"Grand Central Avenue","ELEVTYP_F":0,"ELEVTYP_T":0},"geometry":{"type":"LineString","coordinates":[[-74.0694335600775,39.9673841080871],[-74.069355292446,39.9678650805895],[-74.069312488359,39.9681190876972]]}},{"type":"Feature","id":378138,"properties":{"OBJECTID":378138,"PRIMENAME":"Bay Boulevard","ELEVTYP_F":0,"ELEVTYP_T":0},"geometry":{"type":"LineString","coordinates":[[-74.0780082116593,39.9553452676227],[-74.077909807811,39.9559397499834],[-74.077896059077,39.9560233247922]]}},{"type":"Feature","id":378142,"properties":{"OBJECTID":378142,"PRIMENAME":"Bay Boulevard","ELEVTYP_F":0,"ELEVTYP_T":0},"geometry":{"type":"LineString","coordinates":[[-74.0771707537139,39.9604397492303],[-74.0771531647783,39.9605440920037],[-74.0770881318719,39.9609312545781]]}},{"type":"Feature","id":378185,"properties":{"OBJECTID":378185,"PRIMENAME":"Bay Boulevard","ELEVTYP_F":0,"ELEVTYP_T":0},"geometry":{"type":"LineString","coordinates":[[-74.0727726634359,39.9699810639938],[-74.0727664741573,39.9699951805348],[-74.072736181764,39.970080861551],[-74.0726904954645,39.9702494232238],[-74.0726336396783,39.9704351031275],[-74.0725919661409,39.9705607697053],[-74.072528177052,39.9707024972429],[-74.0724994736202,39.9707564484195],[-74.0724985002772,39.970758036385]]}},{"type":"Feature","id":378214,"properties":{"OBJECTID":378214,"PRIMENAME":"West Central Avenue","ELEVTYP_F":0,"ELEVTYP_T":0},"geometry":{"type":"LineString","coordinates":[[-74.0639133272923,39.9985070752222],[-74.063728800867,39.9988848285153]]}},{"type":"Feature","id":378514,"properties":{"OBJECTID":378514,"PRIMENAME":"State Highway 35 Avenue North","ELEVTYP_F":0,"ELEVTYP_T":0},"geometry":{"type":"LineString","coordinates":[[-74.0716314208617,39.9540322121134],[-74.0715622560364,39.9544430769859],[-74.0715180247615,39.9547111367697]]}},{"type":"Feature","id":378518,"properties":{"OBJECTID":378518,"PRIMENAME":"West Central Avenue","ELEVTYP_F":0,"ELEVTYP_T":0},"geometry":{"type":"LineString","coordinates":[[-74.063728800867,39.9988848285153],[-74.0635434143191,39.9992616027836],[-74.0633929066687,39.9995674865873]]}},{"type":"Feature","id":378558,"properties":{"OBJECTID":378558,"PRIMENAME":"Bay Boulevard","ELEVTYP_F":0,"ELEVTYP_T":0},"geometry":{"type":"LineString","coordinates":[[-74.0775800787858,39.9579159345539],[-74.0775201306535,39.9582719018959],[-74.0774972096109,39.9584254222357]]}},{"type":"Feature","id":378820,"properties":{"OBJECTID":378820,"PRIMENAME":"Anna O Hankins Boulevard","ELEVTYP_F":0,"ELEVTYP_T":0},"geometry":{"type":"LineString","coordinates":[[-74.0696115490481,39.9765350858405],[-74.0695569662905,39.9768683356536],[-74.0694894382949,39.9772683042146]]}},{"type":"Feature","id":378888,"properties":{"OBJECTID":378888,"PRIMENAME":"West Central Avenue","ELEVTYP_F":0,"ELEVTYP_T":0},"geometry":{"type":"LineString","coordinates":[[-74.0622702727311,40.0018353922734],[-74.0622060084435,40.0019683530345],[-74.0621162706534,40.0021517056448]]}},{"type":"Feature","id":379067,"properties":{"OBJECTID":379067,"PRIMENAME":"Anna O Hankins Boulevard","ELEVTYP_F":0,"ELEVTYP_T":0},"geometry":{"type":"LineString","coordinates":[[-74.071825848266,39.9630514360136],[-74.0717794793191,39.9633525419047],[-74.0717060889398,39.9637872747442]]}},{"type":"Feature","id":379072,"properties":{"OBJECTID":379072,"PRIMENAME":"State Highway 35 Avenue North","ELEVTYP_F":0,"ELEVTYP_T":0},"geometry":{"type":"LineString","coordinates":[[-74.0722727531034,39.9502005476821],[-74.072249483362,39.9503116756203],[-74.0722289406879,39.950409788397]]}},{"type":"Feature","id":379102,"properties":{"OBJECTID":379102,"PRIMENAME":"Ocean Boulevard","ELEVTYP_F":0,"ELEVTYP_T":0},"geometry":{"type":"LineString","coordinates":[[-74.0602265685979,40.0043538466098],[-74.0601152129221,40.0047390634657],[-74.0600434007624,40.0049817604837],[-74.0600418299803,40.0049870749835]]}},{"type":"Feature","id":379139,"properties":{"OBJECTID":379139,"PRIMENAME":"Bay Boulevard","ELEVTYP_F":0,"ELEVTYP_T":0},"geometry":{"type":"LineString","coordinates":[[-74.0711702335639,39.9743919255687],[-74.071193270606,39.9749138783561],[-74.0712123203477,39.9751831321885]]}},{"type":"Feature","id":379283,"properties":{"OBJECTID":379283,"PRIMENAME":"Bay Boulevard","ELEVTYP_F":0,"ELEVTYP_T":0},"geometry":{"type":"LineString","coordinates":[[-74.0740931202528,39.9655367189617],[-74.0740836539349,39.9655731152443],[-74.0740720074145,39.9656560099317],[-74.0740677650606,39.9657360216243],[-74.0740742097822,39.9658934103369],[-74.0740957281293,39.9660192827032],[-74.0741322123599,39.9661366713037],[-74.0741761189813,39.9662426120973],[-74.0742208583479,39.9663351029117]]}},{"type":"Feature","id":379331,"properties":{"OBJECTID":379331,"PRIMENAME":"West Central Avenue","ELEVTYP_F":0,"ELEVTYP_T":0},"geometry":{"type":"LineString","coordinates":[[-74.0736307351222,39.9532646989967],[-74.07365886146,39.9530840743661],[-74.0737117997212,39.9527506503187]]}},{"type":"Feature","id":379364,"properties":{"OBJECTID":379364,"PRIMENAME":"West Central Avenue","ELEVTYP_F":0,"ELEVTYP_T":0},"geometry":{"type":"LineString","coordinates":[[-74.0664863099061,39.9929288837997],[-74.0663852725049,39.9931943233079]]}},{"type":"Feature","id":379817,"properties":{"OBJECTID":379817,"PRIMENAME":"Bay Boulevard","ELEVTYP_F":0,"ELEVTYP_T":0},"geometry":{"type":"LineString","coordinates":[[-74.0719948124305,39.9714567969794],[-74.0719945954672,39.9714572348242],[-74.0719795602808,39.9715165892503],[-74.07197544452,39.9715872951114],[-74.0719807756934,39.971710801254],[-74.0719997713029,39.9718117365125],[-74.0720482474727,39.9719229108931],[-74.0720959541652,39.9720202727242],[-74.0721325640293,39.9721176485187],[-74.0721432505092,39.9721834677188],[-74.0721465461238,39.9722157379124]]}},{"type":"Feature","id":380059,"properties":{"OBJECTID":380059,"PRIMENAME":"Ocean Boulevard","ELEVTYP_F":0,"ELEVTYP_T":0},"geometry":{"type":"LineString","coordinates":[[-74.0595853801165,40.0065753398091],[-74.0594468119444,40.0070441864326]]}},{"type":"Feature","id":380073,"properties":{"OBJECTID":380073,"PRIMENAME":"State Highway 35 Avenue North","ELEVTYP_F":0,"ELEVTYP_T":0},"geometry":{"type":"LineString","coordinates":[[-74.0714050166736,39.9553961568883],[-74.0713353490438,39.9558184956446],[-74.071293639481,39.9560765991174]]}},{"type":"Feature","id":380075,"properties":{"OBJECTID":380075,"PRIMENAME":"State Highway 35","ELEVTYP_F":0,"ELEVTYP_T":0},"geometry":{"type":"LineString","coordinates":[[-74.067938886308,39.9867041671809],[-74.067925419746,39.9867844141732]]}},{"type":"Feature","id":380151,"properties":{"OBJECTID":380151,"PRIMENAME":"West Central Avenue","ELEVTYP_F":0,"ELEVTYP_T":0},"geometry":{"type":"LineString","coordinates":[[-74.0624348980804,40.001499487013],[-74.0623388818785,40.0016934408279],[-74.0622702727311,40.0018353922734]]}},{"type":"Feature","id":380312,"properties":{"OBJECTID":380312,"PRIMENAME":"Bay Boulevard","ELEVTYP_F":0,"ELEVTYP_T":0},"geometry":{"type":"LineString","coordinates":[[-74.0782146226263,39.9514827766044],[-74.0782687473684,39.951957374722],[-74.0782919650339,39.9521846397873]]}},{"type":"Feature","id":380393,"properties":{"OBJECTID":380393,"PRIMENAME":"Grand Central Avenue","ELEVTYP_F":0,"ELEVTYP_T":0},"geometry":{"type":"LineString","coordinates":[[-74.0705416283965,39.9606336656619],[-74.0704114589928,39.9614182788502]]}},{"type":"Feature","id":380498,"properties":{"OBJECTID":380498,"PRIMENAME":"Anna O Hankins Boulevard","ELEVTYP_F":0,"ELEVTYP_T":0},"geometry":{"type":"LineString","coordinates":[[-74.0710889880973,39.9675404159665],[-74.0710667715429,39.9676755988986],[-74.0709689341645,39.9682752920945]]}},{"type":"Feature","id":380515,"properties":{"OBJECTID":380515,"PRIMENAME":"Anna O Hankins Boulevard","ELEVTYP_F":0,"ELEVTYP_T":0},"geometry":{"type":"LineString","coordinates":[[-74.0715829700071,39.964518022628],[-74.0714862923709,39.9650933701613],[-74.0714531364596,39.9653006885712]]}},{"type":"Feature","id":380550,"properties":{"OBJECTID":380550,"PRIMENAME":"West Central Avenue","ELEVTYP_F":0,"ELEVTYP_T":0},"geometry":{"type":"LineString","coordinates":[[-74.0680980676798,39.9857304864383],[-74.0680822847502,39.985825531568],[-74.0680821533031,39.9858263237011]]}},{"type":"Feature","id":380574,"properties":{"OBJECTID":380574,"PRIMENAME":"State Highway 35 Avenue North","ELEVTYP_F":0,"ELEVTYP_T":0},"geometry":{"type":"LineString","coordinates":[[-74.0707606160114,39.9593033542033],[-74.0706718552337,39.9598451820702]]}},{"type":"Feature","id":380671,"properties":{"OBJECTID":380671,"PRIMENAME":"State Highway 35 North","ELEVTYP_F":0,"ELEVTYP_T":0},"geometry":{"type":"LineString","coordinates":[[-74.0740519516529,39.949044566973],[-74.0739229568075,39.9490289114435],[-74.0737456897235,39.94901463023],[-74.0737372784023,39.9490139525918],[-74.0735004856722,39.9489987783948],[-74.073379766367,39.9489947647053],[-74.0732729357654,39.9489943715398],[-74.0731614018828,39.9490046956653],[-74.0731525391378,39.9490066058744],[-74.0730637124486,39.9490257504288],[-74.073010525181,39.9490398831053]]}},{"type":"Feature","id":380820,"properties":{"OBJECTID":380820,"PRIMENAME":"Anna O Hankins Boulevard","ELEVTYP_F":0,"ELEVTYP_T":0},"geometry":{"type":"LineString","coordinates":[[-74.0712092727331,39.9668082867379],[-74.0710889880973,39.9675404159665]]}},{"type":"Feature","id":380916,"properties":{"OBJECTID":380916,"PRIMENAME":"Grand Central Avenue","ELEVTYP_F":0,"ELEVTYP_T":0},"geometry":{"type":"LineString","coordinates":[[-74.0642797286865,39.9909291495005],[-74.0642144263447,39.9911851407111]]}},{"type":"Feature","id":381133,"properties":{"OBJECTID":381133,"PRIMENAME":"Bay Boulevard","ELEVTYP_F":0,"ELEVTYP_T":0},"geometry":{"type":"LineString","coordinates":[[-74.0769553443268,39.9616505640369],[-74.0768960921617,39.9619546334466],[-74.0768776264834,39.9620506818984]]}},{"type":"Feature","id":381250,"properties":{"OBJECTID":381250,"PRIMENAME":"East Amberjack Way","ELEVTYP_F":0,"ELEVTYP_T":0},"geometry":{"type":"LineString","coordinates":[[-74.0623962007624,39.9895092125482],[-74.0626614237701,39.9895411105473]]}},{"type":"Feature","id":381253,"properties":{"OBJECTID":381253,"PRIMENAME":"Grand Central Avenue","ELEVTYP_F":0,"ELEVTYP_T":0},"geometry":{"type":"LineString","coordinates":[[-74.0701715787245,39.962886576335],[-74.0701040010917,39.9633029633263],[-74.0700511017256,39.9636260081289]]}},{"type":"Feature","id":381667,"properties":{"OBJECTID":381667,"PRIMENAME":"State Highway 35 Avenue","ELEVTYP_F":0,"ELEVTYP_T":0},"geometry":{"type":"LineString","coordinates":[[-74.0619381076769,39.9983466280494],[-74.0618528743562,39.998596544444]]}},{"type":"Feature","id":382044,"properties":{"OBJECTID":382044,"PRIMENAME":"West Central Avenue","ELEVTYP_F":0,"ELEVTYP_T":0},"geometry":{"type":"LineString","coordinates":[[-74.0652607431592,39.9957778161256],[-74.0651431355315,39.9960188290497]]}},{"type":"Feature","id":382114,"properties":{"OBJECTID":382114,"PRIMENAME":"State Highway 35 Avenue","ELEVTYP_F":0,"ELEVTYP_T":0},"geometry":{"type":"LineString","coordinates":[[-74.0633668809171,39.994181601483],[-74.0632938132959,39.9943949971836]]}},{"type":"Feature","id":382142,"properties":{"OBJECTID":382142,"PRIMENAME":"Bay Boulevard","ELEVTYP_F":0,"ELEVTYP_T":0},"geometry":{"type":"LineString","coordinates":[[-74.0721465461238,39.9722157379124],[-74.0721502808156,39.9722521277727],[-74.0721386302402,39.9723292846273],[-74.0721195415211,39.9724035587734],[-74.0720668393517,39.972517736383],[-74.0720142799688,39.972603361987],[-74.0719580993394,39.9726689342979],[-74.0718908034113,39.9727316093791],[-74.0718235609778,39.972785691845],[-74.0717488601296,39.9728397467169],[-74.0716127882366,39.9729162519279]]}},{"type":"Feature","id":382236,"properties":{"OBJECTID":382236,"PRIMENAME":"State Highway 35 Avenue North","ELEVTYP_F":0,"ELEVTYP_T":0},"geometry":{"type":"LineString","coordinates":[[-74.0715180247615,39.9547111367697],[-74.0714050166736,39.9553961568883]]}},{"type":"Feature","id":382369,"properties":{"OBJECTID":382369,"PRIMENAME":"West Central Avenue","ELEVTYP_F":0,"ELEVTYP_T":0},"geometry":{"type":"LineString","coordinates":[[-74.0671831668386,39.9906753551541],[-74.0671701213288,39.9907286967512],[-74.0671285392657,39.9908791324772]]}},{"type":"Feature","id":382401,"properties":{"OBJECTID":382401,"PRIMENAME":"Grand Central Avenue","ELEVTYP_F":0,"ELEVTYP_T":0},"geometry":{"type":"LineString","coordinates":[[-74.0655418750164,39.9859112763383],[-74.0655048263423,39.9860602100045],[-74.0654872406256,39.9861320592907]]}},{"type":"Feature","id":382485,"properties":{"OBJECTID":382485,"PRIMENAME":"Grand Central Avenue","ELEVTYP_F":0,"ELEVTYP_T":0},"geometry":{"type":"LineString","coordinates":[[-74.070290476448,39.9621538649776],[-74.0701715787245,39.962886576335]]}},{"type":"Feature","id":382514,"properties":{"OBJECTID":382514,"PRIMENAME":"State Highway 35 Avenue North","ELEVTYP_F":0,"ELEVTYP_T":0},"geometry":{"type":"LineString","coordinates":[[-74.0723180027515,39.9499833544408],[-74.0722727531034,39.9502005476821]]}},{"type":"Feature","id":382517,"properties":{"OBJECTID":382517,"PRIMENAME":"State Highway 35 Avenue","ELEVTYP_F":0,"ELEVTYP_T":0},"geometry":{"type":"LineString","coordinates":[[-74.0635810271047,39.9935505633053],[-74.0635149306983,39.9937568202991]]}},{"type":"Feature","id":382682,"properties":{"OBJECTID":382682,"PRIMENAME":"West Central Avenue","ELEVTYP_F":0,"ELEVTYP_T":0},"geometry":{"type":"LineString","coordinates":[[-74.06850980366,39.9832211718853],[-74.0684329052939,39.9836939087345]]}},{"type":"Feature","id":382694,"properties":{"OBJECTID":382694,"PRIMENAME":"Grand Central Avenue","ELEVTYP_F":0,"ELEVTYP_T":0},"geometry":{"type":"LineString","coordinates":[[-74.0661563675183,39.983471895551],[-74.066081371824,39.9837636018893],[-74.0659290772284,39.9843559686936]]}},{"type":"Feature","id":382861,"properties":{"OBJECTID":382861,"PRIMENAME":"West Central Avenue","ELEVTYP_F":0,"ELEVTYP_T":0},"geometry":{"type":"LineString","coordinates":[[-74.0686899488549,39.9821346558506],[-74.0686893959504,39.982138049464],[-74.0686744757365,39.982229671651]]}},{"type":"Feature","id":382869,"properties":{"OBJECTID":382869,"PRIMENAME":"Grand Central Avenue","ELEVTYP_F":0,"ELEVTYP_T":0},"geometry":{"type":"LineString","coordinates":[[-74.0643873203109,39.9905073727235],[-74.0643334946603,39.9907183763069]]}},{"type":"Feature","id":383054,"properties":{"OBJECTID":383054,"PRIMENAME":"Bay Boulevard","ELEVTYP_F":0,"ELEVTYP_T":0},"geometry":{"type":"LineString","coordinates":[[-74.0783309664332,39.9527114547975],[-74.0783342476943,39.9527869924335],[-74.0783290287932,39.9530386146947],[-74.0783192356343,39.953215793482]]}},{"type":"Feature","id":383106,"properties":{"OBJECTID":383106,"PRIMENAME":"Grand Central Avenue","ELEVTYP_F":0,"ELEVTYP_T":0},"geometry":{"type":"LineString","coordinates":[[-74.0667135021379,39.9814870295286],[-74.0666620139635,39.9816646657278]]}},{"type":"Feature","id":383135,"properties":{"OBJECTID":383135,"PRIMENAME":"West Central Avenue","ELEVTYP_F":0,"ELEVTYP_T":0},"geometry":{"type":"LineString","coordinates":[[-74.0672356684126,39.9904606803106],[-74.0671831668386,39.9906753551541]]}},{"type":"Feature","id":383282,"properties":{"OBJECTID":383282,"PRIMENAME":"West Central Avenue","ELEVTYP_F":0,"ELEVTYP_T":0},"geometry":{"type":"LineString","coordinates":[[-74.0676578705549,39.9883879279696],[-74.0676274684641,39.9885850685897],[-74.0675803719163,39.9888486668552],[-74.0675280933207,39.9891471949994],[-74.067460316999,39.9894922264325],[-74.0674601808074,39.9894928402067],[-74.0674601301562,39.9894930733008]]}},{"type":"Feature","id":383391,"properties":{"OBJECTID":383391,"PRIMENAME":"Bay Boulevard","ELEVTYP_F":0,"ELEVTYP_T":0},"geometry":{"type":"LineString","coordinates":[[-74.0780530535317,39.9497490303321],[-74.0780547797671,39.9498918780881],[-74.0780754746841,39.950152188481],[-74.0781013735809,39.9504421125417]]}},{"type":"Feature","id":383446,"properties":{"OBJECTID":383446,"PRIMENAME":"State Highway 35","ELEVTYP_F":0,"ELEVTYP_T":0},"geometry":{"type":"LineString","coordinates":[[-74.0774749380073,39.9488675238143],[-74.0773000043095,39.9489555073664],[-74.0772426503449,39.9489795634686]]}},{"type":"Feature","id":384240,"properties":{"OBJECTID":384240,"PRIMENAME":"West Central Avenue","ELEVTYP_F":0,"ELEVTYP_T":0},"geometry":{"type":"LineString","coordinates":[[-74.0603725677952,40.0061808296379],[-74.0601643582512,40.0067548611388]]}},{"type":"Feature","id":384480,"properties":{"OBJECTID":384480,"PRIMENAME":"Grand Central Avenue","ELEVTYP_F":0,"ELEVTYP_T":0},"geometry":{"type":"LineString","coordinates":[[-74.0667732320233,39.9812809554103],[-74.0667135021379,39.9814870295286]]}},{"type":"Feature","id":384531,"properties":{"OBJECTID":384531,"PRIMENAME":"State Highway 35","ELEVTYP_F":0,"ELEVTYP_T":0},"geometry":{"type":"LineString","coordinates":[[-74.081278205596,39.9417314955854],[-74.0812639717789,39.9417489585811],[-74.0811751673565,39.9418415961031],[-74.0810724751691,39.9419305877214],[-74.0808856669837,39.9420979301341],[-74.080605516718,39.9423471311631],[-74.0802973633329,39.9426141300387],[-74.0802579450592,39.9426500807811],[-74.0800592056528,39.9428313334134],[-74.0798910184713,39.9429915764489],[-74.0797741364393,39.9431198289715],[-74.0796664616514,39.9432588764926],[-74.0795399430609,39.9434407115766],[-74.0794225998701,39.9436440483337],[-74.0793661657406,39.9437618128962],[-74.0793237070015,39.9438688934216],[-74.0792858197815,39.9439867252344],[-74.0792336854843,39.9441652603249],[-74.0792048963686,39.9443117318164],[-74.0791662422068,39.9445546673367],[-74.0790892527929,39.9449940887223],[-74.0789927888234,39.9455728500671],[-74.0788334009969,39.946576751285],[-74.0787611400789,39.9469947200491],[-74.0787224739074,39.9472448213418],[-74.0786937395231,39.9473876962728],[-74.0786699276179,39.9474841374594],[-74.0786367614566,39.9475876828006],[-74.0785990011738,39.9476841002951],[-74.0785519024405,39.9477911365732],[-74.0785395893412,39.9478152849892],[-74.0784955085015,39.9479017346861],[-74.0784438373343,39.9479980745267],[-74.0783781763977,39.9481015016249],[-74.078303271865,39.9481941603539],[-74.0781629808294,39.9483509605649],[-74.0780415156248,39.9484684877413],[-74.0778687381132,39.9486179753437],[-74.0777007732962,39.9487389023667],[-74.0774749380073,39.9488675238143]]}},{"type":"Feature","id":384549,"properties":{"OBJECTID":384549,"PRIMENAME":"Grand Central Avenue","ELEVTYP_F":0,"ELEVTYP_T":0},"geometry":{"type":"LineString","coordinates":[[-74.0691881507069,39.9688566093612],[-74.0690896933827,39.9694727166655],[-74.0690642423179,39.9696276802486]]}},{"type":"Feature","id":384573,"properties":{"OBJECTID":384573,"PRIMENAME":"Bay Boulevard","ELEVTYP_F":0,"ELEVTYP_T":0},"geometry":{"type":"LineString","coordinates":[[-74.0781215437138,39.9546605988181],[-74.0780082116593,39.9553452676227]]}},{"type":"Feature","id":384626,"properties":{"OBJECTID":384626,"PRIMENAME":"Bay Boulevard","ELEVTYP_F":0,"ELEVTYP_T":0},"geometry":{"type":"LineString","coordinates":[[-74.0712123203477,39.9751831321885],[-74.0712239894997,39.9753486654211],[-74.0712156556775,39.9754944963954],[-74.0712114440615,39.9755745628987],[-74.0711846266489,39.975703139053],[-74.071168592756,39.9757620500871],[-74.0711525866878,39.9758108858853],[-74.071120751866,39.9758857990033],[-74.0710949950907,39.9759360542618]]}},{"type":"Feature","id":384806,"properties":{"OBJECTID":384806,"PRIMENAME":"West Central Avenue","ELEVTYP_F":0,"ELEVTYP_T":0},"geometry":{"type":"LineString","coordinates":[[-74.0643944150767,39.9975332946963],[-74.064287758495,39.9977464547671]]}},{"type":"Feature","id":385169,"properties":{"OBJECTID":385169,"PRIMENAME":"Grand Central Avenue","ELEVTYP_F":0,"ELEVTYP_T":0},"geometry":{"type":"LineString","coordinates":[[-74.066586475208,39.9819266119545],[-74.0665071884874,39.9822079300489]]}},{"type":"Feature","id":385232,"properties":{"OBJECTID":385232,"PRIMENAME":"Bay Boulevard","ELEVTYP_F":0,"ELEVTYP_T":0},"geometry":{"type":"LineString","coordinates":[[-74.0710949950907,39.9759360542618],[-74.0710826406695,39.9759601403556],[-74.0710375709033,39.9760286076371],[-74.0709775501872,39.9761141780799],[-74.0709138353958,39.9762025900646],[-74.0708427351308,39.9762738161559],[-74.0707381259774,39.9763677871276],[-74.0706521982383,39.9764361308625],[-74.0705662883738,39.9765015914281],[-74.0704504924915,39.9765926654429],[-74.0704242629146,39.9766156570238]]}},{"type":"Feature","id":385284,"properties":{"OBJECTID":385284,"PRIMENAME":"Bay Boulevard","ELEVTYP_F":0,"ELEVTYP_T":0},"geometry":{"type":"LineString","coordinates":[[-74.077896059077,39.9560233247922],[-74.0778217218467,39.9564746407966]]}},{"type":"Feature","id":385293,"properties":{"OBJECTID":385293,"PRIMENAME":"West Central Avenue","ELEVTYP_F":0,"ELEVTYP_T":0},"geometry":{"type":"LineString","coordinates":[[-74.0651431355315,39.9960188290497],[-74.0649539957579,39.9964000808226]]}},{"type":"Feature","id":385309,"properties":{"OBJECTID":385309,"PRIMENAME":"Anna O Hankins Boulevard","ELEVTYP_F":0,"ELEVTYP_T":0},"geometry":{"type":"LineString","coordinates":[[-74.0697316089926,39.9757984000039],[-74.0696933357733,39.9760347986363],[-74.0696115490481,39.9765350858405]]}},{"type":"Feature","id":385468,"properties":{"OBJECTID":385468,"PRIMENAME":"Anna O Hankins Boulevard","ELEVTYP_F":0,"ELEVTYP_T":0},"geometry":{"type":"LineString","coordinates":[[-74.0703530385498,39.9720392204384],[-74.0703065303541,39.9723320886466],[-74.070229998233,39.9727754297989]]}},{"type":"Feature","id":385521,"properties":{"OBJECTID":385521,"PRIMENAME":"Grand Central Avenue","ELEVTYP_F":0,"ELEVTYP_T":0},"geometry":{"type":"LineString","coordinates":[[-74.0669972806648,39.9805351456951],[-74.0669370012083,39.9807353840145]]}},{"type":"Feature","id":385827,"properties":{"OBJECTID":385827,"PRIMENAME":"State Highway 35","ELEVTYP_F":0,"ELEVTYP_T":0},"geometry":{"type":"LineString","coordinates":[[-74.0758680964981,39.9496370431493],[-74.0753369731576,39.9498067037471],[-74.0749886947345,39.9499316327817]]}},{"type":"Feature","id":385990,"properties":{"OBJECTID":385990,"PRIMENAME":"West Central Avenue","ELEVTYP_F":0,"ELEVTYP_T":0},"geometry":{"type":"LineString","coordinates":[[-74.067925419746,39.9867844141732],[-74.0679252506807,39.9867854151299],[-74.0678833737274,39.9870349739153]]}},{"type":"Feature","id":386178,"properties":{"OBJECTID":386178,"PRIMENAME":"Bay Boulevard","ELEVTYP_F":0,"ELEVTYP_T":0},"geometry":{"type":"LineString","coordinates":[[-74.0767191892025,39.9635367234938],[-74.0766898601265,39.9636179893768],[-74.0766147682894,39.9637435634541],[-74.076532343651,39.9638490689634],[-74.0764275852192,39.9639602033199],[-74.0763192028591,39.9640570480589],[-74.0762184189203,39.9641310243887],[-74.0761101787099,39.9641992628552],[-74.0760637507865,39.9642183115561]]}},{"type":"Feature","id":386300,"properties":{"OBJECTID":386300,"PRIMENAME":"Grand Central Avenue","ELEVTYP_F":0,"ELEVTYP_T":0},"geometry":{"type":"LineString","coordinates":[[-74.0704114589928,39.9614182788502],[-74.0703358969045,39.9618739228365],[-74.070290476448,39.9621538649776]]}},{"type":"Feature","id":386371,"properties":{"OBJECTID":386371,"PRIMENAME":"State Highway 35 Avenue","ELEVTYP_F":0,"ELEVTYP_T":0},"geometry":{"type":"LineString","coordinates":[[-74.0639501584572,39.9922425467089],[-74.0639094834604,39.9924081858682]]}},{"type":"Feature","id":386485,"properties":{"OBJECTID":386485,"PRIMENAME":"State Highway 35 North","ELEVTYP_F":0,"ELEVTYP_T":0},"geometry":{"type":"LineString","coordinates":[[-74.073010525181,39.9490398831053],[-74.0729706731037,39.9490504728302],[-74.0729436321195,39.9490612547475],[-74.072872907162,39.9490894540543],[-74.0728152619644,39.9491205540734],[-74.0727610618946,39.949149796878],[-74.0726630746134,39.949224494907],[-74.0725695984118,39.9493135119148],[-74.072490060865,39.9494097463223],[-74.0724383357032,39.949513221402],[-74.072422249357,39.9495511064357],[-74.0723959083334,39.949613134201],[-74.0723720187893,39.9497203075586],[-74.0723289010025,39.9499310487783],[-74.0723180027515,39.9499833544408]]}},{"type":"Feature","id":386515,"properties":{"OBJECTID":386515,"PRIMENAME":"Bay Boulevard","ELEVTYP_F":0,"ELEVTYP_T":0},"geometry":{"type":"LineString","coordinates":[[-74.0781013735809,39.9504421125417],[-74.0781206624853,39.9506585458324],[-74.0781518015389,39.9509316599954]]}},{"type":"Feature","id":386899,"properties":{"OBJECTID":386899,"PRIMENAME":"West Central Avenue","ELEVTYP_F":0,"ELEVTYP_T":0},"geometry":{"type":"LineString","coordinates":[[-74.0685868914043,39.9827555701606],[-74.0685498549132,39.9829772407381],[-74.0685347146938,39.983067853281],[-74.06850980366,39.9832211718853]]}},{"type":"Feature","id":387362,"properties":{"OBJECTID":387362,"PRIMENAME":"Bay Boulevard","ELEVTYP_F":0,"ELEVTYP_T":0},"geometry":{"type":"LineString","coordinates":[[-74.0724985002772,39.970758036385],[-74.0724666362447,39.9708096970999],[-74.0724264813982,39.9708747234886],[-74.0723739594156,39.9709431647698],[-74.0722504505268,39.9710942805999],[-74.0721406871947,39.9712211512724],[-74.0720818052431,39.9713024157709],[-74.0720331377054,39.971370651347],[-74.0719948124305,39.9714567969794]]}},{"type":"Feature","id":387443,"properties":{"OBJECTID":387443,"PRIMENAME":"West Central Avenue","ELEVTYP_F":0,"ELEVTYP_T":0},"geometry":{"type":"LineString","coordinates":[[-74.068733015177,39.9818701951546],[-74.0686899488549,39.9821346558506]]}},{"type":"Feature","id":387551,"properties":{"OBJECTID":387551,"PRIMENAME":"Anna O Hankins Boulevard","ELEVTYP_F":0,"ELEVTYP_T":0},"geometry":{"type":"LineString","coordinates":[[-74.0713298270467,39.9660724779804],[-74.0713184266789,39.9661440900826],[-74.0712092727331,39.9668082867379]]}},{"type":"Feature","id":387662,"properties":{"OBJECTID":387662,"PRIMENAME":"West Central Avenue","ELEVTYP_F":0,"ELEVTYP_T":0},"geometry":{"type":"LineString","coordinates":[[-74.0679942274066,39.9863638762092],[-74.0679940860796,39.9863647493689],[-74.0679568786308,39.9865939687081],[-74.0679568530604,39.9865941244352]]}},{"type":"Feature","id":387863,"properties":{"OBJECTID":387863,"PRIMENAME":"Anna O Hankins Boulevard","ELEVTYP_F":0,"ELEVTYP_T":0},"geometry":{"type":"LineString","coordinates":[[-74.0719476819432,39.9623142032144],[-74.071825848266,39.9630514360136]]}},{"type":"Feature","id":388133,"properties":{"OBJECTID":388133,"PRIMENAME":"Grand Central Avenue","ELEVTYP_F":0,"ELEVTYP_T":0},"geometry":{"type":"LineString","coordinates":[[-74.0659290772284,39.9843559686936],[-74.0658684265798,39.9845993839657]]}},{"type":"Feature","id":388388,"properties":{"OBJECTID":388388,"PRIMENAME":"State Highway 35 Avenue","ELEVTYP_F":0,"ELEVTYP_T":0},"geometry":{"type":"LineString","coordinates":[[-74.0630260029964,39.9951787759532],[-74.0629971617085,39.9952627571516],[-74.0628343518494,39.9957287171127]]}},{"type":"Feature","id":388469,"properties":{"OBJECTID":388469,"PRIMENAME":"West Central Avenue","ELEVTYP_F":0,"ELEVTYP_T":0},"geometry":{"type":"LineString","coordinates":[[-74.0678833737274,39.9870349739153],[-74.0678477232042,39.9872474161109],[-74.0677604258119,39.9878007681572],[-74.0677603404074,39.9878013136675]]}},{"type":"Feature","id":388483,"properties":{"OBJECTID":388483,"PRIMENAME":"Bay Boulevard","ELEVTYP_F":0,"ELEVTYP_T":0},"geometry":{"type":"LineString","coordinates":[[-74.0744606013858,39.967852115631],[-74.0744559173488,39.9678708764542],[-74.0744141954571,39.9680051363534],[-74.074357612662,39.9681421978225],[-74.0743514510317,39.9681553336809],[-74.0742973735238,39.9682706242304],[-74.074229710549,39.9683876581696],[-74.0741396598426,39.9685245956918],[-74.07409956943,39.968585560722]]}},{"type":"Feature","id":388916,"properties":{"OBJECTID":388916,"PRIMENAME":"State Highway 35","ELEVTYP_F":0,"ELEVTYP_T":0},"geometry":{"type":"LineString","coordinates":[[-74.0723337056966,39.9599727802795],[-74.0722862696996,39.9602702076986]]}},{"type":"Feature","id":388983,"properties":{"OBJECTID":388983,"PRIMENAME":"West Pennsylvania Avenue","ELEVTYP_F":0,"ELEVTYP_T":0},"geometry":{"type":"LineString","coordinates":[[-74.0734751826297,39.9542097997317],[-74.0736307351222,39.9532646989967]]}},{"type":"Feature","id":389558,"properties":{"OBJECTID":389558,"PRIMENAME":"Anna O Hawkins Boulevard","ELEVTYP_F":0,"ELEVTYP_T":0},"geometry":{"type":"LineString","coordinates":[[-74.0722862696996,39.9602702076986],[-74.0722720390825,39.9603594310544],[-74.072257023417,39.9604499080033]]}},{"type":"Feature","id":389717,"properties":{"OBJECTID":389717,"PRIMENAME":"Bay Boulevard","ELEVTYP_F":0,"ELEVTYP_T":0},"geometry":{"type":"LineString","coordinates":[[-74.0768776264834,39.9620506818984],[-74.076847218759,39.9622087043586],[-74.076812907192,39.9623458475696],[-74.0767936321658,39.9624573222373],[-74.0767818132745,39.9625687961984],[-74.0767775041188,39.9626660762372],[-74.0767794029982,39.9627689255206]]}},{"type":"Feature","id":389775,"properties":{"OBJECTID":389775,"PRIMENAME":"Anna O Hankins Boulevard","ELEVTYP_F":0,"ELEVTYP_T":0},"geometry":{"type":"LineString","coordinates":[[-74.0699814420782,39.9742827033225],[-74.0699345435106,39.9745575880481],[-74.0698526666049,39.9750558432199]]}},{"type":"Feature","id":390417,"properties":{"OBJECTID":390417,"PRIMENAME":"East Central Avenue","ELEVTYP_F":0,"ELEVTYP_T":0},"geometry":{"type":"LineString","coordinates":[[-74.0730609870897,39.9555572987268],[-74.072885152138,39.9566179048075],[-74.0727226982571,39.9576143164326],[-74.0726675157705,39.9579513009859]]}},{"type":"Feature","id":390478,"properties":{"OBJECTID":390478,"PRIMENAME":"Grand Central Avenue","ELEVTYP_F":0,"ELEVTYP_T":0},"geometry":{"type":"LineString","coordinates":[[-74.0669370012083,39.9807353840145],[-74.0668827774851,39.9809155068805]]}},{"type":"Feature","id":390709,"properties":{"OBJECTID":390709,"PRIMENAME":"Bay Boulevard","ELEVTYP_F":0,"ELEVTYP_T":0},"geometry":{"type":"LineString","coordinates":[[-74.0773355010499,39.9594382880324],[-74.0772959949665,39.9596780900932],[-74.077254190868,39.9599374850458]]}},{"type":"Feature","id":391429,"properties":{"OBJECTID":391429,"PRIMENAME":"Bay Boulevard","ELEVTYP_F":0,"ELEVTYP_T":0},"geometry":{"type":"LineString","coordinates":[[-74.0781055252633,39.9490633926598],[-74.0781015485259,39.9491131291122],[-74.0780725000878,39.9494286875297],[-74.0780523351002,39.949691676577],[-74.0780530535317,39.9497490303321]]}},{"type":"Feature","id":393326,"properties":{"OBJECTID":393326,"PRIMENAME":"State Highway 35","ELEVTYP_F":0,"ELEVTYP_T":0},"geometry":{"type":"LineString","coordinates":[[-74.0762511358373,39.9495190659292],[-74.0758773824031,39.9496340759424],[-74.0758680964981,39.9496370431493]]}},{"type":"Feature","id":393487,"properties":{"OBJECTID":393487,"PRIMENAME":"Grand Central Avenue","ELEVTYP_F":0,"ELEVTYP_T":0},"geometry":{"type":"LineString","coordinates":[[-74.070620132653,39.9601602351714],[-74.0705579788743,39.9605350631607],[-74.0705416283965,39.9606336656619]]}},{"type":"Feature","id":393926,"properties":{"OBJECTID":393926,"PRIMENAME":"Bay Boulevard","ELEVTYP_F":0,"ELEVTYP_T":0},"geometry":{"type":"LineString","coordinates":[[-74.0711447042221,39.9736008359293],[-74.0711417769083,39.9736353889372],[-74.0711411693236,39.9737326002975],[-74.0711702335639,39.9743919255687]]}},{"type":"Feature","id":394013,"properties":{"OBJECTID":394013,"PRIMENAME":"West Central Avenue","ELEVTYP_F":0,"ELEVTYP_T":0},"geometry":{"type":"LineString","coordinates":[[-74.0679568530604,39.9865941244352],[-74.0679420604806,39.986685242534],[-74.0679392585904,39.9867019483241],[-74.067938886308,39.9867041671809]]}},{"type":"Feature","id":394285,"properties":{"OBJECTID":394285,"PRIMENAME":"West Central Avenue","ELEVTYP_F":0,"ELEVTYP_T":0},"geometry":{"type":"LineString","coordinates":[[-74.0670544653409,39.9911467657107],[-74.0669534432365,39.9914960391601],[-74.0668606838441,39.9918060275211],[-74.0667372016819,39.9921935130565],[-74.0666189001701,39.9925461244232],[-74.0666146207246,39.9925586183381],[-74.0666141936219,39.99255986422]]}},{"type":"Feature","id":395941,"properties":{"OBJECTID":395941,"PRIMENAME":"Bay Boulevard","ELEVTYP_F":0,"ELEVTYP_T":0},"geometry":{"type":"LineString","coordinates":[[-74.0782719129454,39.9537419926615],[-74.078253234353,39.9538791114122],[-74.0781993095263,39.9541906258712],[-74.0781215437138,39.9546605988181]]}},{"type":"Feature","id":396371,"properties":{"OBJECTID":396371,"PRIMENAME":"State Highway 35 Avenue","ELEVTYP_F":0,"ELEVTYP_T":0},"geometry":{"type":"LineString","coordinates":[[-74.0639794850236,39.9921231116295],[-74.0639791928436,39.9921243102717],[-74.0639501584572,39.9922425467089]]}},{"type":"Feature","id":397340,"properties":{"OBJECTID":397340,"PRIMENAME":"Ocean Boulevard","ELEVTYP_F":0,"ELEVTYP_T":0},"geometry":{"type":"LineString","coordinates":[[-74.0610424266818,40.0015400889954],[-74.0610174998074,40.0016296129554]]}},{"type":"Feature","id":397591,"properties":{"OBJECTID":397591,"PRIMENAME":"Ocean Boulevard","ELEVTYP_F":0,"ELEVTYP_T":0},"geometry":{"type":"LineString","coordinates":[[-74.0609239373626,40.001959658828],[-74.0608834991883,40.0020992356204]]}},{"type":"Feature","id":397678,"properties":{"OBJECTID":397678,"PRIMENAME":"West Central Avenue","ELEVTYP_F":0,"ELEVTYP_T":0},"geometry":{"type":"LineString","coordinates":[[-74.0680821533031,39.9858263237011],[-74.0680670542213,39.9859172659489],[-74.0680622114301,39.9859464380417]]}},{"type":"Feature","id":397742,"properties":{"OBJECTID":397742,"PRIMENAME":"Bay Boulevard","ELEVTYP_F":0,"ELEVTYP_T":0},"geometry":{"type":"LineString","coordinates":[[-74.0769995824953,39.9614235344242],[-74.0769553443268,39.9616505640369]]}},{"type":"Feature","id":397802,"properties":{"OBJECTID":397802,"PRIMENAME":"State Highway 35 Avenue North","ELEVTYP_F":0,"ELEVTYP_T":0},"geometry":{"type":"LineString","coordinates":[[-74.0708439876289,39.958801615876],[-74.0707606160114,39.9593033542033]]}},{"type":"Feature","id":397842,"properties":{"OBJECTID":397842,"PRIMENAME":"Grand Central Avenue","ELEVTYP_F":0,"ELEVTYP_T":0},"geometry":{"type":"LineString","coordinates":[[-74.0645019371693,39.9900530391303],[-74.064474997545,39.9901636537248],[-74.0644482837186,39.9902683866412]]}},{"type":"Feature","id":397914,"properties":{"OBJECTID":397914,"PRIMENAME":"Grand Central Avenue","ELEVTYP_F":0,"ELEVTYP_T":0},"geometry":{"type":"LineString","coordinates":[[-74.064097981574,39.9916416233431],[-74.0640841767396,39.991695742637],[-74.0640397993196,39.9918769051267]]}},{"type":"Feature","id":398088,"properties":{"OBJECTID":398088,"PRIMENAME":"West Central Avenue","ELEVTYP_F":0,"ELEVTYP_T":0},"geometry":{"type":"LineString","coordinates":[[-74.064287758495,39.9977464547671],[-74.0641981111796,39.9979285737121]]}},{"type":"Feature","id":398524,"properties":{"OBJECTID":398524,"PRIMENAME":"State Highway 35 Avenue","ELEVTYP_F":0,"ELEVTYP_T":0},"geometry":{"type":"LineString","coordinates":[[-74.06365326936,39.9933377677558],[-74.0635986887577,39.993495557905],[-74.0635810271047,39.9935505633053]]}},{"type":"Feature","id":399064,"properties":{"OBJECTID":399064,"PRIMENAME":"Bay Boulevard","ELEVTYP_F":0,"ELEVTYP_T":0},"geometry":{"type":"LineString","coordinates":[[-74.0770881318719,39.9609312545781],[-74.0770566892315,39.9611185392797],[-74.0769995824953,39.9614235344242]]}},{"type":"Feature","id":399093,"properties":{"OBJECTID":399093,"PRIMENAME":"West Central Avenue","ELEVTYP_F":0,"ELEVTYP_T":0},"geometry":{"type":"LineString","coordinates":[[-74.0640034238689,39.9983330015111],[-74.0639133272923,39.9985070752222]]}},{"type":"Feature","id":399116,"properties":{"OBJECTID":399116,"PRIMENAME":"West Central Avenue","ELEVTYP_F":0,"ELEVTYP_T":0},"geometry":{"type":"LineString","coordinates":[[-74.0621162706534,40.0021517056448],[-74.0618073745458,40.0027828475838]]}},{"type":"Feature","id":399222,"properties":{"OBJECTID":399222,"PRIMENAME":"State Highway 35 Avenue","ELEVTYP_F":0,"ELEVTYP_T":0},"geometry":{"type":"LineString","coordinates":[[-74.0621322762269,39.9977849475449],[-74.0619381076769,39.9983466280494]]}},{"type":"Feature","id":399224,"properties":{"OBJECTID":399224,"PRIMENAME":"Bay Boulevard","ELEVTYP_F":0,"ELEVTYP_T":0},"geometry":{"type":"LineString","coordinates":[[-74.0767794029982,39.9627689255206],[-74.0767802792406,39.962817604075],[-74.0767868536998,39.9629549244444],[-74.0767896298577,39.963106478399],[-74.0767850908231,39.96324084799],[-74.0767657626731,39.963360888208],[-74.0767238720507,39.9635237000914],[-74.0767191892025,39.9635367234938]]}},{"type":"Feature","id":399545,"properties":{"OBJECTID":399545,"PRIMENAME":"West Central Avenue","ELEVTYP_F":0,"ELEVTYP_T":0},"geometry":{"type":"LineString","coordinates":[[-74.0688275188165,39.9812979735284],[-74.0687968444052,39.9814782200038],[-74.0687876252516,39.9815348357707]]}},{"type":"Feature","id":399646,"properties":{"OBJECTID":399646,"PRIMENAME":"East Central Avenue","ELEVTYP_F":0,"ELEVTYP_T":0},"geometry":{"type":"LineString","coordinates":[[-74.0737882682348,39.9510918708574],[-74.0736877433362,39.9517128637254]]}},{"type":"Feature","id":399745,"properties":{"OBJECTID":399745,"PRIMENAME":"Grand Central Avenue","ELEVTYP_F":0,"ELEVTYP_T":0},"geometry":{"type":"LineString","coordinates":[[-74.0656475857612,39.9854863105528],[-74.0655891026985,39.9857214193171]]}},{"type":"Feature","id":400034,"properties":{"OBJECTID":400034,"PRIMENAME":"Unnamed Segment","ELEVTYP_F":0,"ELEVTYP_T":0},"geometry":{"type":"LineString","coordinates":[[-74.072835667533,39.9498497442926],[-74.0726280921431,39.949830814601],[-74.0724653511344,39.9498445800525],[-74.0723716036463,39.9499119580485],[-74.0723180027515,39.9499833544408]]}},{"type":"Feature","id":400130,"properties":{"OBJECTID":400130,"PRIMENAME":"Grand Central Avenue","ELEVTYP_F":0,"ELEVTYP_T":0},"geometry":{"type":"LineString","coordinates":[[-74.0722627422256,39.9499386373112],[-74.0722569492934,39.9500117169445],[-74.0722727531034,39.9502005476821]]}},{"type":"Feature","id":400281,"properties":{"OBJECTID":400281,"PRIMENAME":"State Highway 35 Avenue","ELEVTYP_F":0,"ELEVTYP_T":0},"geometry":{"type":"LineString","coordinates":[[-74.0622691976364,39.9973835994952],[-74.0621636271716,39.9976939748954],[-74.0621322762269,39.9977849475449]]}},{"type":"Feature","id":400287,"properties":{"OBJECTID":400287,"PRIMENAME":"Ocean Avenue","ELEVTYP_F":0,"ELEVTYP_T":0},"geometry":{"type":"LineString","coordinates":[[-74.0603988416545,40.0037644961624],[-74.0603315535087,40.0039929731208],[-74.0603050391824,40.0040830078692]]}},{"type":"Feature","id":400308,"properties":{"OBJECTID":400308,"PRIMENAME":"State Highway 35 Avenue","ELEVTYP_F":0,"ELEVTYP_T":0},"geometry":{"type":"LineString","coordinates":[[-74.0625670899564,39.9965087632669],[-74.0624952134441,39.9967193355498],[-74.0622691976364,39.9973835994952]]}},{"type":"Feature","id":400459,"properties":{"OBJECTID":400459,"PRIMENAME":"Grand Central Avenue","ELEVTYP_F":0,"ELEVTYP_T":0},"geometry":{"type":"LineString","coordinates":[[-74.0657013573643,39.985270143096],[-74.0656475857612,39.9854863105528]]}},{"type":"Feature","id":400592,"properties":{"OBJECTID":400592,"PRIMENAME":"State Highway 37","ELEVTYP_F":0,"ELEVTYP_T":0},"geometry":{"type":"LineString","coordinates":[[-74.0874603269875,39.9423560486152],[-74.087452990674,39.9423541832508],[-74.0871742146219,39.9422834855227],[-74.0863802860851,39.9420793920189],[-74.0857568434117,39.9419292714976],[-74.0853731851146,39.9418334322013],[-74.0851100849224,39.9417674494713],[-74.0850907760611,39.9417626065839],[-74.0849565244521,39.9417352982716],[-74.0848029433951,39.94170406012]]}},{"type":"Feature","id":400669,"properties":{"OBJECTID":400669,"PRIMENAME":"Anna O Hankins Boulevard","ELEVTYP_F":0,"ELEVTYP_T":0},"geometry":{"type":"LineString","coordinates":[[-74.0721986812453,39.9608014405097],[-74.0720886956851,39.9614643997854],[-74.0720691244147,39.9615822135895]]}},{"type":"Feature","id":400677,"properties":{"OBJECTID":400677,"PRIMENAME":"State Highway 35 Avenue North","ELEVTYP_F":0,"ELEVTYP_T":0},"geometry":{"type":"LineString","coordinates":[[-74.0710135627229,39.9577893917596],[-74.0710068886621,39.9578298892061],[-74.0709104539912,39.9584014485316],[-74.0708439876289,39.958801615876]]}},{"type":"Feature","id":400714,"properties":{"OBJECTID":400714,"PRIMENAME":"Anna O Hankins Boulevard","ELEVTYP_F":0,"ELEVTYP_T":0},"geometry":{"type":"LineString","coordinates":[[-74.0720691244147,39.9615822135895],[-74.0719734496637,39.9621583887852],[-74.0719476819432,39.9623142032144]]}},{"type":"Feature","id":400724,"properties":{"OBJECTID":400724,"PRIMENAME":"West Central Avenue","ELEVTYP_F":0,"ELEVTYP_T":0},"geometry":{"type":"LineString","coordinates":[[-74.0649539957579,39.9964000808226],[-74.0648118970438,39.9966864925118]]}},{"type":"Feature","id":400739,"properties":{"OBJECTID":400739,"PRIMENAME":"Anna O Hankins Boulevard","ELEVTYP_F":0,"ELEVTYP_T":0},"geometry":{"type":"LineString","coordinates":[[-74.070229998233,39.9727754297989],[-74.0701914173282,39.9729988969924],[-74.070110493645,39.9735050075077]]}},{"type":"Feature","id":400999,"properties":{"OBJECTID":400999,"PRIMENAME":"State Highway 35 Avenue North","ELEVTYP_F":0,"ELEVTYP_T":0},"geometry":{"type":"LineString","coordinates":[[-74.071293639481,39.9560765991174],[-74.0712193837158,39.9565365867789],[-74.0711783314722,39.956786374529]]}},{"type":"Feature","id":401101,"properties":{"OBJECTID":401101,"PRIMENAME":"West Central Avenue","ELEVTYP_F":0,"ELEVTYP_T":0},"geometry":{"type":"LineString","coordinates":[[-74.0653407601226,39.9956329413002],[-74.0652607431592,39.9957778161256]]}},{"type":"Feature","id":401200,"properties":{"OBJECTID":401200,"PRIMENAME":"Grand Central Avenue","ELEVTYP_F":0,"ELEVTYP_T":0},"geometry":{"type":"LineString","coordinates":[[-74.0650286428347,39.9879473429602],[-74.0649566140282,39.9882351440893],[-74.0648692226686,39.988580358921]]}},{"type":"Feature","id":401211,"properties":{"OBJECTID":401211,"PRIMENAME":"Grand Central Avenue","ELEVTYP_F":0,"ELEVTYP_T":0},"geometry":{"type":"LineString","coordinates":[[-74.069312488359,39.9681190876972],[-74.0691881507069,39.9688566093612]]}},{"type":"Feature","id":401343,"properties":{"OBJECTID":401343,"PRIMENAME":"Grand Central Avenue","ELEVTYP_F":0,"ELEVTYP_T":0},"geometry":{"type":"LineString","coordinates":[[-74.0675800828876,39.9785859185873],[-74.0675589505217,39.9786718520516],[-74.067459358792,39.9789932100858],[-74.067357414172,39.9793310593183]]}},{"type":"Feature","id":401404,"properties":{"OBJECTID":401404,"PRIMENAME":"West Central Avenue","ELEVTYP_F":0,"ELEVTYP_T":0},"geometry":{"type":"LineString","coordinates":[[-74.0682873083241,39.9845787770347],[-74.0682304755149,39.9849327444532],[-74.0681990167043,39.9851224965046]]}},{"type":"Feature","id":401417,"properties":{"OBJECTID":401417,"PRIMENAME":"Grand Central Avenue","ELEVTYP_F":0,"ELEVTYP_T":0},"geometry":{"type":"LineString","coordinates":[[-74.0668827774851,39.9809155068805],[-74.0668542022974,39.9810104311633],[-74.06682354135,39.9811122830986]]}},{"type":"Feature","id":401423,"properties":{"OBJECTID":401423,"PRIMENAME":"Grand Central Avenue","ELEVTYP_F":0,"ELEVTYP_T":0},"geometry":{"type":"LineString","coordinates":[[-74.067714192166,39.9778436328992],[-74.0676644990099,39.9781467559356],[-74.0676257837332,39.9783897137926],[-74.0675923153094,39.9785361360992],[-74.0675800828876,39.9785859185873]]}},{"type":"Feature","id":401705,"properties":{"OBJECTID":401705,"PRIMENAME":"Grand Central Avenue","ELEVTYP_F":0,"ELEVTYP_T":0},"geometry":{"type":"LineString","coordinates":[[-74.0643334946603,39.9907183763069],[-74.0642797286865,39.9909291495005]]}},{"type":"Feature","id":401706,"properties":{"OBJECTID":401706,"PRIMENAME":"Ocean Boulevard","ELEVTYP_F":0,"ELEVTYP_T":0},"geometry":{"type":"LineString","coordinates":[[-74.0608834991883,40.0020992356204],[-74.0607298387792,40.0026296135966]]}},{"type":"Feature","id":401863,"properties":{"OBJECTID":401863,"PRIMENAME":"State Highway 35 Avenue North","ELEVTYP_F":0,"ELEVTYP_T":0},"geometry":{"type":"LineString","coordinates":[[-74.0718730300787,39.9525339074995],[-74.0718472484716,39.9526925233362],[-74.0717918491012,39.9530530065588]]}},{"type":"Feature","id":410902,"properties":{"OBJECTID":410902,"PRIMENAME":"West Central Avenue","ELEVTYP_F":0,"ELEVTYP_T":0},"geometry":{"type":"LineString","coordinates":[[-74.0687876252516,39.9815348357707],[-74.0687622572927,39.9816906198122]]}},{"type":"Feature","id":433822,"properties":{"OBJECTID":433822,"PRIMENAME":"Boardwalk","ELEVTYP_F":0,"ELEVTYP_T":0},"geometry":{"type":"LineString","coordinates":[[-74.0699511928893,39.9444824008468],[-74.0698345027788,39.9451620495363]]}},{"type":"Feature","id":433823,"properties":{"OBJECTID":433823,"PRIMENAME":"Kearney Avenue","ELEVTYP_F":0,"ELEVTYP_T":0},"geometry":{"type":"LineString","coordinates":[[-74.069707733559,39.9458411174871],[-74.0703931669788,39.9459024030595]]}},{"type":"Feature","id":433824,"properties":{"OBJECTID":433824,"PRIMENAME":"Fremont Avenue","ELEVTYP_F":0,"ELEVTYP_T":0},"geometry":{"type":"LineString","coordinates":[[-74.0698345027788,39.9451620495363],[-74.070506085174,39.9452251232042]]}},{"type":"Feature","id":433825,"properties":{"OBJECTID":433825,"PRIMENAME":"Boardwalk","ELEVTYP_F":0,"ELEVTYP_T":0},"geometry":{"type":"LineString","coordinates":[[-74.069707733559,39.9458411174871],[-74.0695874274618,39.9465231581479]]}},{"type":"Feature","id":433826,"properties":{"OBJECTID":433826,"PRIMENAME":"Ocean Front","ELEVTYP_F":0,"ELEVTYP_T":0},"geometry":{"type":"LineString","coordinates":[[-74.0675079819718,39.9603382608362],[-74.0676122869913,39.9596712845973],[-74.0676310979487,39.9595744012273]]}},{"type":"Feature","id":433827,"properties":{"OBJECTID":433827,"PRIMENAME":"Ocean Front","ELEVTYP_F":0,"ELEVTYP_T":0},"geometry":{"type":"LineString","coordinates":[[-74.067378968202,39.9611229821007],[-74.0674956309593,39.960417236904],[-74.0675079819718,39.9603382608362]]}},{"type":"Feature","id":433828,"properties":{"OBJECTID":433828,"PRIMENAME":"Ocean Front","ELEVTYP_F":0,"ELEVTYP_T":0},"geometry":{"type":"LineString","coordinates":[[-74.0672579672862,39.9618551161564],[-74.0672606820789,39.9618385288787],[-74.067378968202,39.9611229821007]]}},{"type":"Feature","id":433829,"properties":{"OBJECTID":433829,"PRIMENAME":"Ocean Front","ELEVTYP_F":0,"ELEVTYP_T":0},"geometry":{"type":"LineString","coordinates":[[-74.0671369838235,39.9625944566467],[-74.0671397486429,39.9625775561133],[-74.0672579672862,39.9618551161564]]}},{"type":"Feature","id":433830,"properties":{"OBJECTID":433830,"PRIMENAME":"Ocean Front","ELEVTYP_F":0,"ELEVTYP_T":0},"geometry":{"type":"LineString","coordinates":[[-74.067017780324,39.963323231912],[-74.0671369838235,39.9625944566467]]}},{"type":"Feature","id":433831,"properties":{"OBJECTID":433831,"PRIMENAME":"Ocean Front","ELEVTYP_F":0,"ELEVTYP_T":0},"geometry":{"type":"LineString","coordinates":[[-74.0668993181602,39.964047453031],[-74.067017780324,39.963323231912]]}},{"type":"Feature","id":433832,"properties":{"OBJECTID":433832,"PRIMENAME":"Ocean Front","ELEVTYP_F":0,"ELEVTYP_T":0},"geometry":{"type":"LineString","coordinates":[[-74.0666390231225,39.9656161620579],[-74.0667703321602,39.9648286595249]]}},{"type":"Feature","id":433833,"properties":{"OBJECTID":433833,"PRIMENAME":"Grand Central Avenue","ELEVTYP_F":0,"ELEVTYP_T":0},"geometry":{"type":"LineString","coordinates":[[-74.0695534262899,39.9666473655896],[-74.0696140560629,39.9662745153572],[-74.0696162549084,39.9662609957436],[-74.0696738758572,39.965914056745]]}},{"type":"Feature","id":433834,"properties":{"OBJECTID":433834,"PRIMENAME":"Ocean Front","ELEVTYP_F":0,"ELEVTYP_T":0},"geometry":{"type":"LineString","coordinates":[[-74.066519118458,39.9663387729313],[-74.0665414672817,39.966201229684],[-74.0666390231225,39.9656161620579]]}},{"type":"Feature","id":433835,"properties":{"OBJECTID":433835,"PRIMENAME":"Ocean Front","ELEVTYP_F":0,"ELEVTYP_T":0},"geometry":{"type":"LineString","coordinates":[[-74.0663972124743,39.9670859240709],[-74.0664099743788,39.9670104967504],[-74.066519118458,39.9663387729313]]}},{"type":"Feature","id":433836,"properties":{"OBJECTID":433836,"PRIMENAME":"Ocean Front","ELEVTYP_F":0,"ELEVTYP_T":0},"geometry":{"type":"LineString","coordinates":[[-74.0662740314085,39.9678139814515],[-74.0663972124743,39.9670859240709]]}},{"type":"Feature","id":433837,"properties":{"OBJECTID":433837,"PRIMENAME":"Ocean Front","ELEVTYP_F":0,"ELEVTYP_T":0},"geometry":{"type":"LineString","coordinates":[[-74.0661508052395,39.9685631925235],[-74.0662278501064,39.9680869338248],[-74.0662740314085,39.9678139814515]]}},{"type":"Feature","id":433838,"properties":{"OBJECTID":433838,"PRIMENAME":"Ocean Front","ELEVTYP_F":0,"ELEVTYP_T":0},"geometry":{"type":"LineString","coordinates":[[-74.0660263621494,39.9693324297055],[-74.0661508052395,39.9685631925235]]}},{"type":"Feature","id":433839,"properties":{"OBJECTID":433839,"PRIMENAME":"Ocean Front","ELEVTYP_F":0,"ELEVTYP_T":0},"geometry":{"type":"LineString","coordinates":[[-74.0657826597914,39.9708388097498],[-74.0659013472427,39.9701051853826]]}},{"type":"Feature","id":433840,"properties":{"OBJECTID":433840,"PRIMENAME":"Ocean Front","ELEVTYP_F":0,"ELEVTYP_T":0},"geometry":{"type":"LineString","coordinates":[[-74.0656616288383,39.9715786517262],[-74.0657826597914,39.9708388097498]]}},{"type":"Feature","id":433841,"properties":{"OBJECTID":433841,"PRIMENAME":"Ocean Front","ELEVTYP_F":0,"ELEVTYP_T":0},"geometry":{"type":"LineString","coordinates":[[-74.0655395798397,39.9723111578839],[-74.0656447308007,39.9716819430805],[-74.0656616288383,39.9715786517262]]}},{"type":"Feature","id":433842,"properties":{"OBJECTID":433842,"PRIMENAME":"Ocean Front","ELEVTYP_F":0,"ELEVTYP_T":0},"geometry":{"type":"LineString","coordinates":[[-74.0654157199349,39.9730478372213],[-74.0655022488361,39.9725345372233],[-74.0655395798397,39.9723111578839]]}},{"type":"Feature","id":433843,"properties":{"OBJECTID":433843,"PRIMENAME":"Ocean Front","ELEVTYP_F":0,"ELEVTYP_T":0},"geometry":{"type":"LineString","coordinates":[[-74.0652875440364,39.9738265218513],[-74.0653559653861,39.9734023009708],[-74.0654157199349,39.9730478372213]]}},{"type":"Feature","id":433844,"properties":{"OBJECTID":433844,"PRIMENAME":"Ocean Front","ELEVTYP_F":0,"ELEVTYP_T":0},"geometry":{"type":"LineString","coordinates":[[-74.0651612310896,39.9746096699297],[-74.0652875440364,39.9738265218513]]}},{"type":"Feature","id":433845,"properties":{"OBJECTID":433845,"PRIMENAME":"Ocean Front","ELEVTYP_F":0,"ELEVTYP_T":0},"geometry":{"type":"LineString","coordinates":[[-74.0650415820046,39.9753297399652],[-74.0651612310896,39.9746096699297]]}},{"type":"Feature","id":433846,"properties":{"OBJECTID":433846,"PRIMENAME":"Ocean Front","ELEVTYP_F":0,"ELEVTYP_T":0},"geometry":{"type":"LineString","coordinates":[[-74.0649244222771,39.9760707642215],[-74.0650187807124,39.9754669567444],[-74.0650415820046,39.9753297399652]]}},{"type":"Feature","id":433847,"properties":{"OBJECTID":433847,"PRIMENAME":"Ocean Front","ELEVTYP_F":0,"ELEVTYP_T":0},"geometry":{"type":"LineString","coordinates":[[-74.0646936482999,39.977547462576],[-74.0648102568538,39.9768013053399]]}},{"type":"Feature","id":433848,"properties":{"OBJECTID":433848,"PRIMENAME":"Grand Central Avenue","ELEVTYP_F":0,"ELEVTYP_T":0},"geometry":{"type":"LineString","coordinates":[[-74.0671349827499,39.9800777090916],[-74.0671508019984,39.9800251397549],[-74.0671632656977,39.9799829574686],[-74.0672837525594,39.9795752313262],[-74.067357414172,39.9793310593183]]}},{"type":"Feature","id":434199,"properties":{"OBJECTID":434199,"PRIMENAME":"Bayside Terrace","ELEVTYP_F":0,"ELEVTYP_T":0},"geometry":{"type":"LineString","coordinates":[[-74.0805630387424,39.948993714235],[-74.0806517061384,39.9490769727139],[-74.0807548648324,39.9492232082945],[-74.0807553922989,39.9492240298515],[-74.080821657356,39.9493272255481]]}},{"type":"Feature","id":434201,"properties":{"OBJECTID":434201,"PRIMENAME":"Hancock Avenue","ELEVTYP_F":0,"ELEVTYP_T":0},"geometry":{"type":"LineString","coordinates":[[-74.0706174154965,39.9445446532507],[-74.0699511928893,39.9444824008468]]}},{"type":"Feature","id":434202,"properties":{"OBJECTID":434202,"PRIMENAME":"Carteret Avenue","ELEVTYP_F":0,"ELEVTYP_T":0},"geometry":{"type":"LineString","coordinates":[[-74.0695874274618,39.9465231581479],[-74.0702825182593,39.9465815024699]]}},{"type":"Feature","id":434231,"properties":{"OBJECTID":434231,"PRIMENAME":"Deauville Drive","ELEVTYP_F":0,"ELEVTYP_T":0},"geometry":{"type":"LineString","coordinates":[[-74.0600418299803,40.0049870749835],[-74.0601658775925,40.0050373998262],[-74.0607241671576,40.0052638845777]]}},{"type":"Feature","id":434243,"properties":{"OBJECTID":434243,"PRIMENAME":"West Central Avenue","ELEVTYP_F":0,"ELEVTYP_T":0},"geometry":{"type":"LineString","coordinates":[[-74.0741694326875,39.9490588073816],[-74.074173004638,39.94901743541],[-74.0741766303991,39.9489760663378],[-74.0741803111465,39.9489346992685],[-74.074184046869,39.9488933360036],[-74.0741878375722,39.9488519756424],[-74.0741916832558,39.9488106181848],[-74.0741955827496,39.9487692636265]]}},{"type":"Feature","id":434268,"properties":{"OBJECTID":434268,"PRIMENAME":"West Central Avenue","ELEVTYP_F":0,"ELEVTYP_T":0},"geometry":{"type":"LineString","coordinates":[[-74.0741955827496,39.9487692636265],[-74.0741957793406,39.9487671900048],[-74.0741959771018,39.9487651163875],[-74.0741961736928,39.9487630427658],[-74.074196371454,39.9487609691484],[-74.0741965692152,39.9487588955311],[-74.0741967669763,39.9487568219137],[-74.0741969647375,39.9487547482964],[-74.0742037995603,39.9486842817411]]}},{"type":"Feature","id":434270,"properties":{"OBJECTID":434270,"PRIMENAME":"Ocean Front","ELEVTYP_F":0,"ELEVTYP_T":0},"geometry":{"type":"LineString","coordinates":[[-74.0676310979487,39.9595744012273],[-74.0676428864997,39.9595136894731]]}},{"type":"Feature","id":434397,"properties":{"OBJECTID":434397,"PRIMENAME":"Princeton Avenue","ELEVTYP_F":0,"ELEVTYP_T":0},"geometry":{"type":"LineString","coordinates":[[-74.0671369838235,39.9625944566467],[-74.0701715787245,39.962886576335]]}},{"type":"Feature","id":434398,"properties":{"OBJECTID":434398,"PRIMENAME":"Jersey City Avenue","ELEVTYP_F":0,"ELEVTYP_T":0},"geometry":{"type":"LineString","coordinates":[[-74.067017780324,39.963323231912],[-74.067887886843,39.9634143131725],[-74.0700511017256,39.9636260081289]]}},{"type":"Feature","id":434399,"properties":{"OBJECTID":434399,"PRIMENAME":"New Jersey Avenue","ELEVTYP_F":0,"ELEVTYP_T":0},"geometry":{"type":"LineString","coordinates":[[-74.0668993181602,39.964047453031],[-74.0699309412124,39.9643600870461]]}},{"type":"Feature","id":434400,"properties":{"OBJECTID":434400,"PRIMENAME":"Pennsylvania Avenue","ELEVTYP_F":0,"ELEVTYP_T":0},"geometry":{"type":"LineString","coordinates":[[-74.0666390231225,39.9656161620579],[-74.0696738758572,39.965914056745]]}},{"type":"Feature","id":434401,"properties":{"OBJECTID":434401,"PRIMENAME":"New York Avenue","ELEVTYP_F":0,"ELEVTYP_T":0},"geometry":{"type":"LineString","coordinates":[[-74.0667703321602,39.9648286595249],[-74.0693038986759,39.9650870666964],[-74.0698028351725,39.9651375955664]]}},{"type":"Feature","id":434402,"properties":{"OBJECTID":434402,"PRIMENAME":"Virginia Avenue","ELEVTYP_F":0,"ELEVTYP_T":0},"geometry":{"type":"LineString","coordinates":[[-74.066519118458,39.9663387729313],[-74.0674715760435,39.9664468635211],[-74.0695534262899,39.9666473655896]]}},{"type":"Feature","id":434403,"properties":{"OBJECTID":434403,"PRIMENAME":"New Brunswick Avenue","ELEVTYP_F":0,"ELEVTYP_T":0},"geometry":{"type":"LineString","coordinates":[[-74.0663972124743,39.9670859240709],[-74.0694335600775,39.9673841080871]]}},{"type":"Feature","id":434404,"properties":{"OBJECTID":434404,"PRIMENAME":"Brooklyn Avenue","ELEVTYP_F":0,"ELEVTYP_T":0},"geometry":{"type":"LineString","coordinates":[[-74.0662740314085,39.9678139814515],[-74.0682872156439,39.9680224259889],[-74.069312488359,39.9681190876972]]}},{"type":"Feature","id":434405,"properties":{"OBJECTID":434405,"PRIMENAME":"Washington Avenue","ELEVTYP_F":0,"ELEVTYP_T":0},"geometry":{"type":"LineString","coordinates":[[-74.0661508052395,39.9685631925235],[-74.0691881507069,39.9688566093612]]}},{"type":"Feature","id":434406,"properties":{"OBJECTID":434406,"PRIMENAME":"Philadelphia Avenue","ELEVTYP_F":0,"ELEVTYP_T":0},"geometry":{"type":"LineString","coordinates":[[-74.0660263621494,39.9693324297055],[-74.0690642423179,39.9696276802486]]}},{"type":"Feature","id":434407,"properties":{"OBJECTID":434407,"PRIMENAME":"Camden Avenue","ELEVTYP_F":0,"ELEVTYP_T":0},"geometry":{"type":"LineString","coordinates":[[-74.0659013472427,39.9701051853826],[-74.0686027341953,39.9703726768405],[-74.0689365077432,39.970405270421]]}},{"type":"Feature","id":434408,"properties":{"OBJECTID":434408,"PRIMENAME":"President Avenue","ELEVTYP_F":0,"ELEVTYP_T":0},"geometry":{"type":"LineString","coordinates":[[-74.0652875440364,39.9738265218513],[-74.0666403768855,39.9739577281085],[-74.0683270516453,39.9741230606981]]}},{"type":"Feature","id":434409,"properties":{"OBJECTID":434409,"PRIMENAME":"Guyer Avenue","ELEVTYP_F":0,"ELEVTYP_T":0},"geometry":{"type":"LineString","coordinates":[[-74.0651612310896,39.9746096699297],[-74.067950371961,39.9748777318987],[-74.068197372713,39.9749008619602]]}},{"type":"Feature","id":434410,"properties":{"OBJECTID":434410,"PRIMENAME":"Bond Avenue","ELEVTYP_F":0,"ELEVTYP_T":0},"geometry":{"type":"LineString","coordinates":[[-74.0650415820046,39.9753297399652],[-74.0665378305823,39.9754758626116],[-74.0680755538934,39.9756311708275]]}},{"type":"Feature","id":434411,"properties":{"OBJECTID":434411,"PRIMENAME":"Kerr Avenue","ELEVTYP_F":0,"ELEVTYP_T":0},"geometry":{"type":"LineString","coordinates":[[-74.0649244222771,39.9760707642215],[-74.0676215141987,39.9763378373869],[-74.0679558489802,39.9763709853296]]}},{"type":"Feature","id":434412,"properties":{"OBJECTID":434412,"PRIMENAME":"Ortley Avenue","ELEVTYP_F":0,"ELEVTYP_T":0},"geometry":{"type":"LineString","coordinates":[[-74.0646936482999,39.977547462576],[-74.067714192166,39.9778436328992]]}},{"type":"Feature","id":434413,"properties":{"OBJECTID":434413,"PRIMENAME":"White Avenue","ELEVTYP_F":0,"ELEVTYP_T":0},"geometry":{"type":"LineString","coordinates":[[-74.0648102568538,39.9768013053399],[-74.0655253109438,39.9768819557975],[-74.0678372532933,39.9771099255537]]}},{"type":"Feature","id":434414,"properties":{"OBJECTID":434414,"PRIMENAME":"Catalina Drive","ELEVTYP_F":0,"ELEVTYP_T":0},"geometry":{"type":"LineString","coordinates":[[-74.06348442422,39.9843801114644],[-74.0653154245689,39.9845491091373]]}},{"type":"Feature","id":434451,"properties":{"OBJECTID":434451,"PRIMENAME":"Bayside Terrace","ELEVTYP_F":0,"ELEVTYP_T":0},"geometry":{"type":"LineString","coordinates":[[-74.0790089886859,39.9488538598346],[-74.0790185783157,39.9487908050584],[-74.0790337665831,39.9487279363411],[-74.0790640064174,39.9486537012193],[-74.0791126532605,39.9485966915127],[-74.0791872680347,39.9485454865698],[-74.0792765837169,39.9484992492226],[-74.079358633098,39.9484745917668],[-74.0794590227327,39.9484606796447],[-74.0795705067677,39.9484582016993],[-74.0796781596189,39.9484757506407],[-74.0797857238402,39.9485076024974],[-74.0799414269684,39.9485653800906],[-74.0800747848185,39.9486316153084],[-74.0802561604786,39.9487438444447],[-74.0804004561204,39.9488472913466],[-74.0805630387424,39.948993714235]]}},{"type":"Feature","id":434452,"properties":{"OBJECTID":434452,"PRIMENAME":"Dewey Drive","ELEVTYP_F":0,"ELEVTYP_T":0},"geometry":{"type":"LineString","coordinates":[[-74.0741955827496,39.9487692636265],[-74.0742121496066,39.9487880836361],[-74.0742303077311,39.9488060123764],[-74.074249978032,39.948822971194],[-74.0742710708743,39.9488388831984],[-74.0742934942323,39.9488536795966],[-74.0743171490469,39.9488672933713],[-74.0743419280225,39.9488796646808],[-74.0743677226649,39.9488907381825],[-74.0743944185894,39.9489004648173],[-74.0744218966908,39.9489088018138],[-74.0744500354897,39.9489157117963],[-74.0752252754634,39.9490271124006],[-74.0761137607637,39.9490926522658],[-74.0762058725274,39.9490851302838],[-74.0762654220298,39.9490653070676],[-74.0763138245412,39.9490483253685],[-74.076354878032,39.9490198957449],[-74.0763848024886,39.9489913984214],[-74.0764012569178,39.9489435513808],[-74.0764092850056,39.9488985945653]]}},{"type":"Feature","id":434458,"properties":{"OBJECTID":434458,"PRIMENAME":"Bay Boulevard","ELEVTYP_F":0,"ELEVTYP_T":0},"geometry":{"type":"LineString","coordinates":[[-74.0745630578776,39.9648156427626],[-74.0745677949721,39.9648113223221],[-74.074676091021,39.9647288092384],[-74.0748103960649,39.9646463644299],[-74.0748998740056,39.9645951890127],[-74.0750080273034,39.9645412825826],[-74.0751272429948,39.9644930982829],[-74.0752463680511,39.964453480193],[-74.075376714494,39.9644167853601],[-74.0755404899217,39.964374502276],[-74.0757340552518,39.9643265904588],[-74.0758681293886,39.9642870534595],[-74.0760133168594,39.964238936243],[-74.0760637507865,39.9642183115561]]}},{"type":"Feature","id":434459,"properties":{"OBJECTID":434459,"PRIMENAME":"Holiday Road","ELEVTYP_F":0,"ELEVTYP_T":0},"geometry":{"type":"LineString","coordinates":[[-74.0696784237227,39.9496941037283],[-74.0701434235084,39.9497381046484],[-74.0722627422256,39.9499386373112]]}},{"type":"Feature","id":434460,"properties":{"OBJECTID":434460,"PRIMENAME":"Trenton Avenue","ELEVTYP_F":0,"ELEVTYP_T":0},"geometry":{"type":"LineString","coordinates":[[-74.0675079819718,39.9603382608362],[-74.0702728352535,39.9606063138635],[-74.0705416283965,39.9606336656619]]}},{"type":"Feature","id":434461,"properties":{"OBJECTID":434461,"PRIMENAME":"Dover Avenue","ELEVTYP_F":0,"ELEVTYP_T":0},"geometry":{"type":"LineString","coordinates":[[-74.0676310979487,39.9595744012273],[-74.0695332589041,39.9597593129536]]}},{"type":"Feature","id":434462,"properties":{"OBJECTID":434462,"PRIMENAME":"Newark Avenue","ELEVTYP_F":0,"ELEVTYP_T":0},"geometry":{"type":"LineString","coordinates":[[-74.0704114589928,39.9614182788502],[-74.0720691244147,39.9615822135895]]}},{"type":"Feature","id":434463,"properties":{"OBJECTID":434463,"PRIMENAME":"Newark Avenue","ELEVTYP_F":0,"ELEVTYP_T":0},"geometry":{"type":"LineString","coordinates":[[-74.067378968202,39.9611229821007],[-74.069487930093,39.9613269181766],[-74.0704114589928,39.9614182788502]]}},{"type":"Feature","id":434464,"properties":{"OBJECTID":434464,"PRIMENAME":"Elizabeth Avenue","ELEVTYP_F":0,"ELEVTYP_T":0},"geometry":{"type":"LineString","coordinates":[[-74.0672579672862,39.9618551161564],[-74.0675434603794,39.9618822508188],[-74.0679492817388,39.9619246274849],[-74.070290476448,39.9621538649776]]}},{"type":"Feature","id":434465,"properties":{"OBJECTID":434465,"PRIMENAME":"Ocean Front","ELEVTYP_F":0,"ELEVTYP_T":0},"geometry":{"type":"LineString","coordinates":[[-74.0667703321602,39.9648286595249],[-74.0668993181602,39.964047453031]]}},{"type":"Feature","id":434466,"properties":{"OBJECTID":434466,"PRIMENAME":"Brown Avenue","ELEVTYP_F":0,"ELEVTYP_T":0},"geometry":{"type":"LineString","coordinates":[[-74.0657826597914,39.9708388097498],[-74.0688163262093,39.9711389905291]]}},{"type":"Feature","id":434467,"properties":{"OBJECTID":434467,"PRIMENAME":"Ocean Front","ELEVTYP_F":0,"ELEVTYP_T":0},"geometry":{"type":"LineString","coordinates":[[-74.0659013472427,39.9701051853826],[-74.0660263621494,39.9693324297055]]}},{"type":"Feature","id":434468,"properties":{"OBJECTID":434468,"PRIMENAME":"Magee Avenue","ELEVTYP_F":0,"ELEVTYP_T":0},"geometry":{"type":"LineString","coordinates":[[-74.0656616288383,39.9715786517262],[-74.0684386164194,39.9718508050249],[-74.0686957975378,39.9718761138082]]}},{"type":"Feature","id":434469,"properties":{"OBJECTID":434469,"PRIMENAME":"Vance Avenue","ELEVTYP_F":0,"ELEVTYP_T":0},"geometry":{"type":"LineString","coordinates":[[-74.0655395798397,39.9723111578839],[-74.0680839014751,39.9725646800294],[-74.0685751978699,39.9726129339616]]}},{"type":"Feature","id":434470,"properties":{"OBJECTID":434470,"PRIMENAME":"Reese Avenue","ELEVTYP_F":0,"ELEVTYP_T":0},"geometry":{"type":"LineString","coordinates":[[-74.0654157199349,39.9730478372213],[-74.0684543435998,39.9733501645685]]}},{"type":"Feature","id":434471,"properties":{"OBJECTID":434471,"PRIMENAME":"Ocean Front","ELEVTYP_F":0,"ELEVTYP_T":0},"geometry":{"type":"LineString","coordinates":[[-74.0648102568538,39.9768013053399],[-74.0649244222771,39.9760707642215]]}},{"type":"Feature","id":434472,"properties":{"OBJECTID":434472,"PRIMENAME":"West Brighton Drive","ELEVTYP_F":0,"ELEVTYP_T":0},"geometry":{"type":"LineString","coordinates":[[-74.066586475208,39.9819266119545],[-74.0686899488549,39.9821346558506]]}},{"type":"Feature","id":434800,"properties":{"OBJECTID":434800,"PRIMENAME":"Deauville Drive","ELEVTYP_F":0,"ELEVTYP_T":0},"geometry":{"type":"LineString","coordinates":[[-74.0586970789672,40.0044306409421],[-74.0600418299803,40.0049870749835]]}},{"type":"Feature","id":434865,"properties":{"OBJECTID":434865,"PRIMENAME":"Boardwalk","ELEVTYP_F":0,"ELEVTYP_T":0},"geometry":{"type":"LineString","coordinates":[[-74.0715782087169,39.9376252006357],[-74.0712815658416,39.9388798246431],[-74.0704148424782,39.942297504738],[-74.0701959382574,39.9432823787122],[-74.0700309752977,39.9441369485547],[-74.0699511928893,39.9444824008468]]}},{"type":"Feature","id":434866,"properties":{"OBJECTID":434866,"PRIMENAME":"Dewey Drive","ELEVTYP_F":0,"ELEVTYP_T":0},"geometry":{"type":"LineString","coordinates":[[-74.0724944372688,39.9487467534577],[-74.0729037396533,39.9487872214836],[-74.0739410750263,39.9488838739549]]}},{"type":"Feature","id":435203,"properties":{"OBJECTID":435203,"PRIMENAME":"Boardwalk","ELEVTYP_F":0,"ELEVTYP_T":0},"geometry":{"type":"LineString","coordinates":[[-74.0681941274481,39.9557188844338],[-74.0681174867581,39.9561119436903],[-74.0680469349056,39.9565621036992],[-74.0680592396821,39.9566245797224],[-74.0678209652068,39.9580564672942]]}},{"type":"Feature","id":435320,"properties":{"OBJECTID":435320,"PRIMENAME":"Boardwalk","ELEVTYP_F":0,"ELEVTYP_T":0},"geometry":{"type":"LineString","coordinates":[[-74.0698345027788,39.9451620495363],[-74.069707733559,39.9458411174871]]}},{"type":"Feature","id":435321,"properties":{"OBJECTID":435321,"PRIMENAME":"Boardwalk","ELEVTYP_F":0,"ELEVTYP_T":0},"geometry":{"type":"LineString","coordinates":[[-74.0695874274618,39.9465231581479],[-74.069341038752,39.947783994688]]}}]}
